BIN,HOUSE_NUMBER,STREET_NAME,ZIP,COMM_DISTRICT,BOROUGH,HPD_VIOLATIONS,DOB_VIOLATIONS,TOTAL_VIOLATIONS,DWELLING_UNITS,VIO_UNITS_RATIO,LATITUDE_POINT_Y,LONGITUDE_POINT_X
1000032,20,BEAVER STREET,10004,101,Manhattan,20,0,20,6,3.3,0.0,0.0
1001038,120,CEDAR STREET,10006,101,Manhattan,3,18,21,6,3.5,0.0,0.0
1001057,94A,GREENWICH STREET,10006,101,Manhattan,16,1,17,4,4.3,0.0,0.0
1001490,160,CHAMBERS STREET,10007,101,Manhattan,13,0,13,4,3.3,0.0,0.0
1001511,13,HUDSON STREET,10013,101,Manhattan,96,2,98,4,24.5,0.0,0.0
1002171,8,BEACH STREET,10013,101,Manhattan,27,3,30,5,6.0,0.0,0.0
1002178,239,WEST BROADWAY,10013,101,Manhattan,49,4,53,11,4.8,0.0,0.0
1002317,380,BROADWAY,10013,101,Manhattan,23,4,27,6,4.5,0.0,0.0
1002642,111,MOTT STREET,10013,102,Manhattan,68,0,68,22,3.1,0.0,0.0
1002653,123,MULBERRY STREET,10013,102,Manhattan,37,0,37,6,6.2,0.0,0.0
1003016,18,MERCER STREET,10013,102,Manhattan,31,0,31,6,5.2,0.0,0.0
1003303,47,MARKET STREET,10002,103,Manhattan,69,0,69,14,4.9,0.0,0.0
1003431,19,HENRY STREET,10002,103,Manhattan,48,0,48,15,3.2,0.0,0.0
1003500,54,EAST BROADWAY,10002,103,Manhattan,54,4,58,8,7.3,0.0,0.0
1003535,105,EAST BROADWAY,10002,103,Manhattan,15,0,15,3,5.0,0.0,0.0
1003708,217,HENRY STREET,10002,103,Manhattan,19,0,19,6,3.2,0.0,0.0
1003802,42,CANAL STREET,10002,103,Manhattan,28,6,34,3,11.3,0.0,0.0
1004020,36,LUDLOW STREET,10002,103,Manhattan,52,0,52,8,6.5,0.0,0.0
1004043,31,ESSEX STREET,10002,103,Manhattan,54,0,54,14,3.9,0.0,0.0
1004117,175,STANTON STREET,10002,103,Manhattan,65,0,65,8,8.1,0.0,0.0
1004353,24,AVENUE C,10009,103,Manhattan,27,4,31,4,7.8,0.0,0.0
1004360,298,EAST 3 STREET,10009,103,Manhattan,113,0,113,9,12.6,0.0,0.0
1004613,252,EAST 4 STREET,10009,103,Manhattan,39,0,39,12,3.3,0.0,0.0
1004749,129,AVENUE C,10009,103,Manhattan,27,0,27,8,3.4,0.0,0.0
1005095,106,AVENUE B,10009,103,Manhattan,75,0,75,8,9.4,0.0,0.0
1005111,519,EAST 6 STREET,10009,103,Manhattan,32,0,32,10,3.2,0.0,0.0
1005450,73,ORCHARD STREET,10002,103,Manhattan,164,2,166,7,23.7,0.0,0.0
1005492,127,ALLEN STREET,10002,103,Manhattan,77,0,77,24,3.2,0.0,0.0
1005493,125,ALLEN STREET,10002,103,Manhattan,77,0,77,24,3.2,0.0,0.0
1005814,91,EAST    7 STREET,10009,103,Manhattan,13,12,25,4,6.3,0.0,0.0
1005896,158,1 AVENUE,10009,103,Manhattan,127,10,137,11,12.5,0.0,0.0
1006021,219,AVENUE A,10009,103,Manhattan,57,9,66,11,6.0,0.0,0.0
1006339,119,1 AVENUE,10003,103,Manhattan,16,0,16,3,5.3,0.0,0.0
1006573,84,EAST    4 STREET,10003,103,Manhattan,19,1,20,4,5.0,0.0,0.0
1006594,75,2 AVENUE,10003,103,Manhattan,20,12,32,4,8.0,0.0,0.0
1006595,73,2 AVENUE,10003,103,Manhattan,36,0,36,10,3.6,0.0,0.0
1006677,131,   2 AVENUE,10003,103,Manhattan,106,1,107,20,5.3,0.0,0.0
1006931,115,ELIZABETH STREET,10013,102,Manhattan,31,2,33,10,3.3,0.0,0.0
1006932,113,ELIZABETH STREET,10013,102,Manhattan,36,1,37,10,3.7,0.0,0.0
1006984,375,BROOME STREET,10013,102,Manhattan,189,6,195,23,8.5,0.0,0.0
1007074,62,GRAND STREET,10013,102,Manhattan,18,1,19,3,6.3,0.0,0.0
1007134,170,ELIZABETH STREET,10012,102,Manhattan,11,0,11,3,3.7,0.0,0.0
1007176,18 R,SPRING STREET,10012,102,Manhattan,17,3,20,5,4.0,0.0,0.0
1007254,442,BROOME STREET,10013,102,Manhattan,52,0,52,8,6.5,0.0,0.0
1007481,24,PRINCE STREET,10012,102,Manhattan,45,0,45,8,5.6,0.0,0.0
1007859,262,ELIZABETH STREET,10012,102,Manhattan,32,0,32,9,3.6,0.0,0.0
1007921,51,EAST HOUSTON STREET,10012,102,Manhattan,29,1,30,8,3.8,0.0,0.0
1008183,302,MOTT STREET,10012,102,Manhattan,96,3,99,48,2.1,0.0,0.0
1008199,4,BLEECKER STREET,10012,102,Manhattan,42,5,47,5,9.4,0.0,0.0
1008252,108,WEST HOUSTON STREET,10012,102,Manhattan,21,0,21,7,3.0,0.0,0.0
1008319,182,BLEECKER STREET,10012,102,Manhattan,13,3,16,4,4.0,0.0,0.0
1009447,49,W 8TH ST,10011,102,Manhattan,24,4,28,6,4.7,0.0,0.0
1009461,54,WEST 10 STREET,10011,102,Manhattan,56,1,57,10,5.7,0.0,0.0
1010282,14,GAY STREET,10014,102,Manhattan,24,8,32,7,4.6,0.0,0.0
1011161,200,WEST 10 STREET,10014,102,Manhattan,15,0,15,4,3.8,0.0,0.0
1012162,69,HORATIO STREET,10014,102,Manhattan,17,0,17,4,4.3,0.0,0.0
1012805,406,WEST 25 STREET,10001,104,Manhattan,110,3,113,21,5.4,0.0,0.0
1012864,461,WEST   35 STREET,10001,104,Manhattan,73,3,76,14,5.4,0.0,0.0
1012879,454,WEST 36 STREET,10018,104,Manhattan,102,0,102,20,5.1,0.0,0.0
1013653,352,WEST 39 STREET,10018,104,Manhattan,40,0,40,3,13.3,0.0,0.0
1013726,215,WEST   14 STREET,10011,104,Manhattan,232,3,235,18,13.1,0.0,0.0
1013980,152,7 AVENUE,10011,104,Manhattan,51,0,51,6,8.5,0.0,0.0
1014260,211,WEST 28 STREET,10001,105,Manhattan,104,5,109,37,2.9,0.0,0.0
1014279,257,WEST 29 STREET,10001,105,Manhattan,84,2,86,37,2.3,0.0,0.0
1014295,208,WEST 30 STREET,10001,105,Manhattan,206,17,223,6,37.2,0.0,0.0
1014788,209,7 AVENUE,10011,104,Manhattan,18,1,19,5,3.8,0.0,0.0
1015015,763,6 AVENUE,10010,104,Manhattan,10,0,10,3,3.3,0.0,0.0
1015054,154,WEST 27 STREET,10001,105,Manhattan,78,6,84,12,7.0,0.0,0.0
1015092,136,WEST 28 STREET,10001,105,Manhattan,169,4,173,22,7.9,0.0,0.0
1015635,35,WEST 26 STREET,10010,105,Manhattan,15,0,15,4,3.8,0.0,0.0
1015760,13,WEST 29 STREET,10001,105,Manhattan,16,0,16,5,3.2,0.0,0.0
1015810,23,WEST 31 STREET,10001,105,Manhattan,19,1,20,4,5.0,0.0,0.0
1016906,45,EAST 28 STREET,10016,105,Manhattan,12,0,12,3,4.0,0.0,0.0
1017216,32,EAST 38 STREET,10016,106,Manhattan,27,1,28,6,4.7,0.0,0.0
1018023,294,3 AVENUE,10010,106,Manhattan,23,0,23,7,3.3,0.0,0.0
1018206,127,EAST 28 STREET,10016,105,Manhattan,46,2,48,7,6.9,0.0,0.0
1018905,145,EAST 35 STREET,10016,106,Manhattan,84,15,99,41,2.4,0.0,0.0
1019640,227,EAST 21 STREET,10010,106,Manhattan,8,10,18,6,3.0,0.0,0.0
1019835,244,EAST 26 STREET,10010,106,Manhattan,17,0,17,4,4.3,0.0,0.0
1020155,627,2 AVENUE,10016,106,Manhattan,28,0,28,6,4.7,0.0,0.0
1021883,339,EAST 33 STREET,10016,106,Manhattan,25,0,25,7,3.6,0.0,0.0
1024941,325,WEST 42 STREET,10036,104,Manhattan,33,4,37,12,3.1,0.0,0.0
1025018,334,WEST 46 STREET,10036,104,Manhattan,91,0,91,3,30.3,0.0,0.0
1025065,330,WEST   47 STREET,10036,104,Manhattan,25,0,25,5,5.0,0.0,0.0
1025089,343,WEST 47 STREET,10036,104,Manhattan,0,46,46,4,11.5,0.0,0.0
1025119,358,WEST 48 STREET,10036,104,Manhattan,154,3,157,13,12.1,0.0,0.0
1025159,338,WEST 49 STREET,10019,104,Manhattan,109,2,111,20,5.5,0.0,0.0
1025237,359,WEST 52 STREET,10019,104,Manhattan,11,1,12,3,4.0,0.0,0.0
1026461,410,WEST 46 STREET,10036,104,Manhattan,326,4,330,15,22.0,0.0,0.0
1026472,460,WEST 46 STREET,10036,104,Manhattan,15,0,15,3,5.0,0.0,0.0
1026589,439,WEST 48 STREET,10036,104,Manhattan,41,1,42,12,3.5,0.0,0.0
1026614,420,WEST 49 STREET,10019,104,Manhattan,40,0,40,10,4.0,0.0,0.0
1026668,738,10 AVENUE,10019,104,Manhattan,34,4,38,6,6.3,0.0,0.0
1026669,740,10 AVENUE,10019,104,Manhattan,26,0,26,6,4.3,0.0,0.0
1026973,522,WEST 47 STREET,10036,104,Manhattan,58,0,58,10,5.8,0.0,0.0
1029766,114,WEST 71 STREET,10023,107,Manhattan,42,0,42,8,5.3,0.0,0.0
1029874,167,WEST 71 STREET,10023,107,Manhattan,102,1,103,21,4.9,0.0,0.0
1029936,103,WEST 72 STREET,10023,107,Manhattan,19,0,19,6,3.2,0.0,0.0
1029937,260,COLUMBUS AVENUE,10023,107,Manhattan,52,4,56,9,6.2,0.0,0.0
1029964,104,WEST 73 STREET,10023,107,Manhattan,10,5,15,5,3.0,0.0,0.0
1030171,169,WEST 76 STREET,10023,107,Manhattan,47,1,48,10,4.8,0.0,0.0
1031291,501,COLUMBUS AVENUE,10024,107,Manhattan,69,0,69,12,5.8,0.0,0.0
1031334,68,WEST 85 STREET,10024,107,Manhattan,167,11,178,9,19.8,0.0,0.0
1031446,59,WEST 87 STREET,10024,107,Manhattan,25,0,25,6,4.2,0.0,0.0
1031538,24,WEST 89 STREET,10024,107,Manhattan,16,61,77,8,9.6,0.0,0.0
1031551,53,WEST 89 STREET,10024,107,Manhattan,33,10,43,10,4.3,0.0,0.0
1031558,33,WEST 89 STREET,10024,107,Manhattan,398,1,399,9,44.3,0.0,0.0
1031735,34,WEST 96 STREET,10025,107,Manhattan,27,0,27,9,3.0,0.0,0.0
1032069,460,COLUMBUS AVENUE,10024,107,Manhattan,54,0,54,3,18.0,0.0,0.0
1032117,137,WEST 83 STREET,10024,107,Manhattan,36,0,36,10,3.6,0.0,0.0
1032123,162,WEST 84 STREET,10024,107,Manhattan,28,0,28,5,5.6,0.0,0.0
1032214,142,WEST 87 STREET,10024,107,Manhattan,51,0,51,10,5.1,0.0,0.0
1032688,202,WEST 82 STREET,10024,107,Manhattan,97,1,98,30,3.3,0.0,0.0
1033649,698,AMSTERDAM AVENUE,10025,107,Manhattan,157,20,177,13,13.6,0.0,0.0
1033650,200,WEST 94 STREET,10025,107,Manhattan,128,23,151,13,11.6,0.0,0.0
1033926,330,WEST 86 STREET,10024,107,Manhattan,31,0,31,10,3.1,0.0,0.0
1034063,317,WEST 88 STREET,10024,107,Manhattan,85,2,87,10,8.7,0.0,0.0
1034191,320,WEST 96 STREET,10025,107,Manhattan,98,31,129,31,4.2,0.0,0.0
1036204,148,EAST 46 STREET,10017,106,Manhattan,21,0,21,5,4.2,0.0,0.0
1038231,245,EAST 49 STREET,10017,106,Manhattan,0,16,16,3,5.3,0.0,0.0
1038476,981,2 AVENUE,10022,106,Manhattan,162,12,174,5,34.8,0.0,0.0
1038541,224,EAST 53 STREET,10022,106,Manhattan,14,0,14,3,4.7,0.0,0.0
1038763,840,2 AVENUE,10017,106,Manhattan,4,6,10,3,3.3,0.0,0.0
1039480,312,EAST 50 STREET,10022,106,Manhattan,39,0,39,4,9.8,0.0,0.0
1039640,312,EAST 51 STREET,10022,106,Manhattan,20,1,21,5,4.2,0.0,0.0
1041247,32,EAST 68 STREET,10065,108,Manhattan,33,0,33,10,3.3,0.0,0.0
1041933,164,EAST 61 STREET,10065,108,Manhattan,3,22,25,6,4.2,0.0,0.0
1044030,1433,2 AVENUE,10021,108,Manhattan,21,1,22,6,3.7,0.0,0.0
1044213,338,EAST 61 STREET,10065,108,Manhattan,56,10,66,20,3.3,0.0,0.0
1045161,1460,2 AVENUE,10075,108,Manhattan,25,1,26,6,4.3,0.0,0.0
1045225,1496,2 AVENUE,10075,108,Manhattan,44,1,45,8,5.6,0.0,0.0
1045252,355,EAST   78 STREET,10075,108,Manhattan,30,0,30,8,3.8,0.0,0.0
1046007,1492,1 AVENUE,10075,108,Manhattan,22,0,22,7,3.1,0.0,0.0
1046008,1490,1 AVENUE,10075,108,Manhattan,18,0,18,6,3.0,0.0,0.0
1046666,23,EAST 81 STREET,10028,108,Manhattan,41,1,42,8,5.3,0.0,0.0
1047577,164,EAST   82 STREET,10028,108,Manhattan,97,1,98,20,4.9,0.0,0.0
1047931,1262,LEXINGTON AVENUE,10028,108,Manhattan,60,10,70,23,3.0,0.0,0.0
1048066,120,EAST 88 STREET,10128,108,Manhattan,37,1,38,11,3.5,0.0,0.0
1048093,168,EAST   89 STREET,10128,108,Manhattan,24,0,24,4,6.0,0.0,0.0
1048126,1600,3 AVENUE,10128,108,Manhattan,122,3,125,34,3.7,0.0,0.0
1048684,203,EAST 82 STREET,10028,108,Manhattan,43,1,44,5,8.8,0.0,0.0
1048874,201,EAST 89 STREET,10128,108,Manhattan,47,17,64,14,4.6,0.0,0.0
1048898,1739,2 AVENUE,10128,108,Manhattan,110,0,110,8,13.8,0.0,0.0
1049830,354,    EAST 81ST STREET,10028,108,Manhattan,42,1,43,14,3.1,0.0,0.0
1050251,325,EAST   92 STREET,10128,108,Manhattan,108,0,108,20,5.4,0.0,0.0
1050481,453,EAST 83 STREET,10028,108,Manhattan,119,2,121,8,15.1,0.0,0.0
1050606,400,EAST 88 STREET,10128,108,Manhattan,27,1,28,9,3.1,0.0,0.0
1050727,411,EAST 90 STREET,10128,108,Manhattan,43,0,43,11,3.9,0.0,0.0
1051207,500,EAST 84 STREET,10028,108,Manhattan,44,0,44,12,3.7,0.0,0.0
1051591,18,EAST 109 STREET,10029,111,Manhattan,30,4,34,10,3.4,0.0,0.0
1051606,8,EAST  110 STREET,10029,111,Manhattan,130,2,132,60,2.2,0.0,0.0
1051658,12,EAST 116 STREET,10029,111,Manhattan,39,0,39,10,3.9,0.0,0.0
1051659,10,EAST 116 STREET,10029,111,Manhattan,91,1,92,10,9.2,0.0,0.0
1051662,1411,5 AVENUE,10029,111,Manhattan,40,0,40,8,5.0,0.0,0.0
1051691,1674,PARK AVENUE,10035,111,Manhattan,41,0,41,13,3.2,0.0,0.0
1051765,167,EAST 99 STREET,10029,111,Manhattan,62,0,62,19,3.3,0.0,0.0
1051786,111,EAST  100 STREET,10029,111,Manhattan,140,15,155,51,3.0,0.0,0.0
1051802,195,EAST 100 STREET,10029,111,Manhattan,24,1,25,8,3.1,0.0,0.0
1051847,177,EAST 101 STREET,10029,111,Manhattan,87,4,91,38,2.4,0.0,0.0
1051903,122,EAST 103 STREET,10029,111,Manhattan,76,0,76,24,3.2,0.0,0.0
1051904,118,EAST  103 STREET,10029,111,Manhattan,93,0,93,30,3.1,0.0,0.0
1051955,151,EAST 104 STREET,10029,111,Manhattan,33,0,33,8,4.1,0.0,0.0
1051956,155,EAST 104 STREET,10029,111,Manhattan,56,2,58,16,3.6,0.0,0.0
1051972,168,EAST 105 STREET,10029,111,Manhattan,27,0,27,4,6.8,0.0,0.0
1051999,1906,3 AVENUE,10029,111,Manhattan,30,0,30,8,3.8,0.0,0.0
1052063,1700,LEXINGTON AVENUE,10029,111,Manhattan,23,0,23,3,7.7,0.0,0.0
1052187,162,EAST 111 STREET,10029,111,Manhattan,20,1,21,7,3.0,0.0,0.0
1052195,1781,LEXINGTON AVENUE,10029,111,Manhattan,19,0,19,6,3.2,0.0,0.0
1052200,160,EAST 111 STREET,10029,111,Manhattan,18,0,18,4,4.5,0.0,0.0
1052203,171,EAST  111 STREET,10029,111,Manhattan,98,0,98,8,12.3,0.0,0.0
1052247,171,EAST 115 STREET,10029,111,Manhattan,58,0,58,8,7.3,0.0,0.0
1052270,112,EAST  116 STREET,10029,111,Manhattan,45,0,45,10,4.5,0.0,0.0
1052271,110,EAST  116 STREET,10029,111,Manhattan,61,0,61,11,5.5,0.0,0.0
1052272,108,EAST 116 STREET,10029,111,Manhattan,107,0,107,11,9.7,0.0,0.0
1052303,2134,3 AVENUE,10035,111,Manhattan,9,0,9,3,3.0,0.0,0.0
1052344,175,EAST 117 STREET,10035,111,Manhattan,19,0,19,4,4.8,0.0,0.0
1052445,2001,   3 AVENUE,10029,111,Manhattan,27,0,27,7,3.9,0.0,0.0
1052482,214,EAST 111 STREET,10029,111,Manhattan,27,2,29,7,4.1,0.0,0.0
1052486,253,EAST 110 STREET,10029,111,Manhattan,98,1,99,10,9.9,0.0,0.0
1052530,233,EAST 115 STREET,10029,111,Manhattan,19,1,20,4,5.0,0.0,0.0
1052532,237,EAST 115 STREET,10029,111,Manhattan,69,0,69,23,3.0,0.0,0.0
1052533,239,EAST 115 STREET,10029,111,Manhattan,77,0,77,23,3.3,0.0,0.0
1052534,241,EAST 115 STREET,10029,111,Manhattan,79,0,79,23,3.4,0.0,0.0
1052583,2263,2 AVENUE,10035,111,Manhattan,18,0,18,4,4.5,0.0,0.0
1052594,212,EAST 117 STREET,10035,111,Manhattan,69,0,69,14,4.9,0.0,0.0
1052818,310,EAST 109 STREET,10029,111,Manhattan,45,0,45,11,4.1,0.0,0.0
1052837,2121,1 AVENUE,10029,111,Manhattan,41,2,43,6,7.2,0.0,0.0
1052840,2127,1 AVENUE,10029,111,Manhattan,17,2,19,4,4.8,0.0,0.0
1052854,347,EAST 109 STREET,10029,111,Manhattan,55,1,56,14,4.0,0.0,0.0
1052869,2168,2 AVENUE,10029,111,Manhattan,26,0,26,7,3.7,0.0,0.0
1052873,311,EAST 111 STREET,10029,111,Manhattan,70,6,76,25,3.0,0.0,0.0
1052892,2172,2 AVENUE,10029,111,Manhattan,47,0,47,6,7.8,0.0,0.0
1052896,304,EAST 112 STREET,10029,111,Manhattan,49,0,49,8,6.1,0.0,0.0
1052897,2240,2 AVENUE,10029,111,Manhattan,33,2,35,5,7.0,0.0,0.0
1052920,340,EAST 116 STREET,10029,111,Manhattan,9,1,10,3,3.3,0.0,0.0
1052924,322,EAST 116 STREET,10029,111,Manhattan,45,0,45,3,15.0,0.0,0.0
1052928,310,EAST 116 STREET,10029,111,Manhattan,47,0,47,9,5.2,0.0,0.0
1052930,306,EAST 116 STREET,10029,111,Manhattan,176,11,187,8,23.4,0.0,0.0
1052934,305,EAST 115 STREET,10029,111,Manhattan,44,0,44,6,7.3,0.0,0.0
1052993,2294,2 AVENUE,10035,111,Manhattan,26,0,26,6,4.3,0.0,0.0
1053007,411,EAST 114 STREET,10029,111,Manhattan,98,0,98,20,4.9,0.0,0.0
1053008,413,EAST 114 STREET,10029,111,Manhattan,118,0,118,28,4.2,0.0,0.0
1053009,417,EAST 114 STREET,10029,111,Manhattan,32,0,32,8,4.0,0.0,0.0
1053010,419,EAST 114 STREET,10029,111,Manhattan,31,1,32,10,3.2,0.0,0.0
1053011,421,EAST 114 STREET,10029,111,Manhattan,74,3,77,8,9.6,0.0,0.0
1053056,432,EAST 116 STREET,10029,111,Manhattan,97,1,98,11,8.9,0.0,0.0
1053060,416,EAST 116 STREET,10029,111,Manhattan,64,0,64,13,4.9,0.0,0.0
1053069,412,EAST  116 STREET,10029,111,Manhattan,12,1,13,4,3.3,0.0,0.0
1053077,415,EAST  116 STREET,10029,111,Manhattan,0,9,9,3,3.0,0.0,0.0
1053109,413,EAST 117 STREET,10035,111,Manhattan,35,0,35,10,3.5,0.0,0.0
1053176,162,LENOX AVENUE,10026,110,Manhattan,77,5,82,27,3.0,0.0,0.0
1053177,83,WEST 118 STREET,10026,110,Manhattan,14,2,16,4,4.0,0.0,0.0
1053180,75,WEST 118 STREET,10026,110,Manhattan,25,0,25,8,3.1,0.0,0.0
1053181,73,WEST 118 STREET,10026,110,Manhattan,49,1,50,10,5.0,0.0,0.0
1053182,71,WEST  118 STREET,10026,110,Manhattan,40,3,43,10,4.3,0.0,0.0
1053183,69,WEST  118 STREET,10026,110,Manhattan,72,5,77,10,7.7,0.0,0.0
1053184,29,WEST 118 STREET,10026,110,Manhattan,116,0,116,20,5.8,0.0,0.0
1053185,27,WEST 118 STREET,10026,110,Manhattan,63,0,63,20,3.1,0.0,0.0
1053212,54,WEST 119 STREET,10026,110,Manhattan,17,0,17,4,4.3,0.0,0.0
1053234,91,WEST 119 STREET,10026,110,Manhattan,27,0,27,8,3.4,0.0,0.0
1053292,81,WEST 119 STREET,10026,110,Manhattan,39,1,40,10,4.0,0.0,0.0
1053297,49,WEST 119 STREET,10026,110,Manhattan,50,5,55,11,5.0,0.0,0.0
1053364,11,MT MORRIS PARK WEST,10027,110,Manhattan,68,20,88,17,5.2,0.0,0.0
1053367,14,MT MORRIS PARK WEST,10027,110,Manhattan,34,0,34,11,3.1,0.0,0.0
1053388,242,LENOX AVENUE,10027,110,Manhattan,41,5,46,15,3.1,0.0,0.0
1053420,23,WEST 123 STREET,10027,110,Manhattan,66,1,67,5,13.4,0.0,0.0
1053464,2010,5 AVENUE,10035,110,Manhattan,97,0,97,6,16.2,0.0,0.0
1053476,52,WEST  125 STREET,10027,110,Manhattan,13,0,13,4,3.3,0.0,0.0
1053639,2074,5 AVENUE,10035,110,Manhattan,8,4,12,4,3.0,0.0,0.0
1053651,38,WEST 128 STREET,10027,110,Manhattan,49,18,67,12,5.6,0.0,0.0
1053660,70,WEST 128 STREET,10027,110,Manhattan,63,1,64,18,3.6,0.0,0.0
1053698,2,WEST 129 STREET,10027,110,Manhattan,88,12,100,33,3.0,0.0,0.0
1053715,33,WEST 128 STREET,10027,110,Manhattan,0,31,31,7,4.4,0.0,0.0
1053737,2114,5 AVENUE,10035,110,Manhattan,53,0,53,16,3.3,0.0,0.0
1053753,40,WEST 130 STREET,10037,110,Manhattan,8,1,9,3,3.0,0.0,0.0
1053837,35,WEST 131 STREET,10037,110,Manhattan,63,0,63,19,3.3,0.0,0.0
1053946,1,EAST 118 STREET,10035,111,Manhattan,50,0,50,8,6.3,0.0,0.0
1054019,4,EAST  125 STREET,10035,111,Manhattan,25,1,26,3,8.7,0.0,0.0
1054042,77,EAST 125 STREET,10035,111,Manhattan,49,4,53,6,8.8,0.0,0.0
1054067,18,EAST 126 STREET,10035,111,Manhattan,25,1,26,4,6.5,0.0,0.0
1054095,51,EAST 126 STREET,10035,111,Manhattan,75,4,79,7,11.3,0.0,0.0
1054125,14,EAST 127 STREET,10035,111,Manhattan,209,8,217,10,21.7,0.0,0.0
1054129,2049,5 AVENUE,10035,111,Manhattan,108,2,110,24,4.6,0.0,0.0
1054178,2024,MADISON AVENUE,10035,111,Manhattan,20,0,20,3,6.7,0.0,0.0
1054196,42,EAST 129 STREET,10035,111,Manhattan,101,0,101,10,10.1,0.0,0.0
1054246,2056,MADISON AVENUE,10035,111,Manhattan,36,0,36,3,12.0,0.0,0.0
1054249,20,EAST 130 STREET,10037,111,Manhattan,35,0,35,8,4.4,0.0,0.0
1054270,2050,MADISON AVENUE,10035,111,Manhattan,45,0,45,3,15.0,0.0,0.0
1054296,64,EAST 131 STREET,10037,111,Manhattan,16,1,17,4,4.3,0.0,0.0
1054307,27,EAST 131 STREET,10037,111,Manhattan,43,0,43,12,3.6,0.0,0.0
1054321,1948,PARK AVENUE,10037,111,Manhattan,44,0,44,10,4.4,0.0,0.0
1054328,2093,MADISON AVENUE,10037,111,Manhattan,79,0,79,20,4.0,0.0,0.0
1054342,2153,5 AVENUE,10037,111,Manhattan,86,0,86,10,8.6,0.0,0.0
1054350,157,EAST  118 STREET,10035,111,Manhattan,38,3,41,10,4.1,0.0,0.0
1054386,149,EAST  121 STREET,10035,111,Manhattan,15,1,16,5,3.2,0.0,0.0
1054409,105,EAST  122 STREET,10035,111,Manhattan,29,3,32,10,3.2,0.0,0.0
1054449,2032,LEXINGTON AVENUE,10035,111,Manhattan,37,0,37,8,4.6,0.0,0.0
1054457,154,EAST 124 STREET,10035,111,Manhattan,75,0,75,8,9.4,0.0,0.0
1054525,243,EAST 118 STREET,10035,111,Manhattan,15,2,17,4,4.3,0.0,0.0
1054529,2305,2 AVENUE,10035,111,Manhattan,171,0,171,24,7.1,0.0,0.0
1054530,2309,   2 AVENUE,10035,111,Manhattan,35,1,36,9,4.0,0.0,0.0
1054531,2311,   2 AVENUE,10035,111,Manhattan,198,0,198,9,22.0,0.0,0.0
1054533,2315,2 AVENUE,10035,111,Manhattan,163,1,164,9,18.2,0.0,0.0
1054534,2317,2 AVENUE,10035,111,Manhattan,48,3,51,9,5.7,0.0,0.0
1054535,240,EAST  119 STREET,10035,111,Manhattan,279,1,280,22,12.7,0.0,0.0
1054618,218,EAST 122 STREET,10035,111,Manhattan,155,0,155,22,7.0,0.0,0.0
1054640,243,EAST 123 STREET,10035,111,Manhattan,82,1,83,10,8.3,0.0,0.0
1054641,247,EAST 123 STREET,10035,111,Manhattan,51,1,52,11,4.7,0.0,0.0
1054645,2405,2 AVENUE,10035,111,Manhattan,98,0,98,10,9.8,0.0,0.0
1054710,329,EAST 118 STREET,10035,111,Manhattan,25,2,27,4,6.8,0.0,0.0
1054723,348,EAST 119 STREET,10035,111,Manhattan,50,15,65,18,3.6,0.0,0.0
1054737,307,EAST 119 STREET,10035,111,Manhattan,35,9,44,12,3.7,0.0,0.0
1054750,347,EAST 119 STREET,10035,111,Manhattan,66,1,67,10,6.7,0.0,0.0
1054758,348,EAST 120 STREET,10035,111,Manhattan,48,0,48,10,4.8,0.0,0.0
1054846,2310,   1 AVENUE,10035,111,Manhattan,192,7,199,8,24.9,0.0,0.0
1054858,406,EAST  119 STREET,10035,111,Manhattan,140,0,140,10,14.0,0.0,0.0
1054881,2334,1 AVENUE,10035,111,Manhattan,29,0,29,9,3.2,0.0,0.0
1054948,143,WEST 111 STREET,10026,110,Manhattan,35,0,35,10,3.5,0.0,0.0
1054960,17,ST NICHOLAS AVENUE,10026,110,Manhattan,128,19,147,34,4.3,0.0,0.0
1054979,131,WEST 112 STREET,10026,110,Manhattan,54,0,54,10,5.4,0.0,0.0
1054981,123,WEST 112 STREET,10026,110,Manhattan,96,0,96,12,8.0,0.0,0.0
1054986,100,WEST  113 STREET,10026,110,Manhattan,73,3,76,9,8.4,0.0,0.0
1054997,134,WEST 113 STREET,10026,110,Manhattan,36,1,37,10,3.7,0.0,0.0
1055010,113,WEST 113 STREET,10026,110,Manhattan,92,1,93,10,9.3,0.0,0.0
1055017,71,LENOX AVENUE,10026,110,Manhattan,73,0,73,11,6.6,0.0,0.0
1055020,102,WEST 114 STREET,10026,110,Manhattan,34,0,34,5,6.8,0.0,0.0
1055032,124,WEST 114 STREET,10026,110,Manhattan,89,0,89,26,3.4,0.0,0.0
1055052,120,WEST 116 STREET,10026,110,Manhattan,91,9,100,39,2.6,0.0,0.0
1055057,1917,7 AVENUE,10026,110,Manhattan,184,4,188,31,6.1,0.0,0.0
1055109,2076,   8 AVENUE,10026,110,Manhattan,112,0,112,13,8.6,0.0,0.0
1055306,10,MANHATTAN AVENUE,10025,107,Manhattan,135,14,149,42,3.5,0.0,0.0
1055653,21,WEST 106 STREET,10025,107,Manhattan,97,0,97,20,4.8,0.0,0.0
1055722,7,WEST 108 STREET,10025,107,Manhattan,103,8,111,25,4.4,0.0,0.0
1055818,306,WEST 114 STREET,10026,110,Manhattan,122,11,133,22,6.0,0.0,0.0
1055857,312,WEST 116 STREET,10026,110,Manhattan,40,0,40,10,4.0,0.0,0.0
1055916,111,WEST 104 STREET,10025,107,Manhattan,91,1,92,36,2.6,0.0,0.0
1055966,101,WEST 106 STREET,10025,107,Manhattan,56,0,56,12,4.7,0.0,0.0
1056486,2647,BROADWAY,10025,107,Manhattan,120,10,130,26,5.0,0.0,0.0
1056615,926,AMSTERDAM AVENUE,10025,107,Manhattan,358,0,358,10,35.8,0.0,0.0
1056653,209,WEST  107 STREET,10025,107,Manhattan,35,2,37,10,3.7,0.0,0.0
1056655,205,WEST  107 STREET,10025,107,Manhattan,46,1,47,14,3.4,0.0,0.0
1056658,964,AMSTERDAM AVENUE,10025,107,Manhattan,119,1,120,23,5.2,0.0,0.0
1056696,249,WEST 109 STREET,10025,107,Manhattan,53,0,53,16,3.3,0.0,0.0
1056708,209,WEST 109 STREET,10025,107,Manhattan,74,2,76,15,5.1,0.0,0.0
1057176,315,WEST 102 STREET,10025,107,Manhattan,182,7,189,36,5.3,0.0,0.0
1057395,141,WEST 116 STREET,10026,110,Manhattan,32,0,32,9,3.6,0.0,0.0
1057397,137,WEST 116 STREET,10026,110,Manhattan,49,0,49,10,4.9,0.0,0.0
1057399,133,WEST  116 STREET,10026,110,Manhattan,35,0,35,11,3.2,0.0,0.0
1057480,131,WEST 118 STREET,10026,110,Manhattan,71,0,71,11,6.5,0.0,0.0
1057522,107,WEST 118 STREET,10026,110,Manhattan,14,0,14,4,3.5,0.0,0.0
1057532,1987,7 AVENUE,10026,110,Manhattan,49,1,50,10,5.0,0.0,0.0
1057534,157,WEST 119 STREET,10026,110,Manhattan,62,0,62,20,3.1,0.0,0.0
1057560,197,LENOX AVENUE,10026,110,Manhattan,225,2,227,10,22.7,0.0,0.0
1057592,185,LENOX AVENUE,10026,110,Manhattan,23,0,23,5,4.6,0.0,0.0
1057598,142,WEST 120 STREET,10027,110,Manhattan,14,0,14,4,3.5,0.0,0.0
1057631,103,WEST 120 STREET,10027,110,Manhattan,46,12,58,19,3.1,0.0,0.0
1057659,168,WEST 121 STREET,10027,110,Manhattan,15,0,15,5,3.0,0.0,0.0
1057675,2021,7 AVENUE,10027,110,Manhattan,79,1,80,9,8.9,0.0,0.0
1057747,142,WEST 123 STREET,10027,110,Manhattan,72,0,72,4,18.0,0.0,0.0
1057803,144,WEST  124 STREET,10027,110,Manhattan,95,0,95,9,10.6,0.0,0.0
1057804,146,WEST  124 STREET,10027,110,Manhattan,170,5,175,11,15.9,0.0,0.0
1057805,148,WEST 124 STREET,10027,110,Manhattan,83,0,83,20,4.2,0.0,0.0
1057923,351,LENOX AVENUE,10027,110,Manhattan,63,0,63,13,4.8,0.0,0.0
1057944,103,WEST 128 STREET,10027,110,Manhattan,11,1,12,4,3.0,0.0,0.0
1057957,132,WEST 129 STREET,10027,110,Manhattan,31,1,32,10,3.2,0.0,0.0
1057959,136,WEST 129 STREET,10027,110,Manhattan,7,7,14,4,3.5,0.0,0.0
1058117,158,WEST 132 STREET,10027,110,Manhattan,95,3,98,8,12.3,0.0,0.0
1058118,162,WEST 132 STREET,10027,110,Manhattan,198,2,200,12,16.7,0.0,0.0
1058139,2247,7 AVENUE,10027,110,Manhattan,69,2,71,16,4.4,0.0,0.0
1058234,124,WEST 134 STREET,10030,110,Manhattan,43,0,43,10,4.3,0.0,0.0
1058263,185,WEST 135 STREET,10030,110,Manhattan,21,0,21,5,4.2,0.0,0.0
1058264,179,WEST 135 STREET,10030,110,Manhattan,153,11,164,24,6.8,0.0,0.0
1058295,170,WEST 136 STREET,10030,110,Manhattan,113,4,117,18,6.5,0.0,0.0
1058312,163,WEST  136 STREET,10030,110,Manhattan,267,1,268,16,16.8,0.0,0.0
1058335,531,LENOX AVENUE,10037,110,Manhattan,107,0,107,10,10.7,0.0,0.0
1058338,102,WEST  137 STREET,10030,110,Manhattan,158,1,159,6,26.5,0.0,0.0
1058339,106,WEST  137 STREET,10030,110,Manhattan,173,0,173,20,8.7,0.0,0.0
1058341,110,WEST 137 STREET,10030,110,Manhattan,182,0,182,10,18.2,0.0,0.0
1058345,124,WEST  137 STREET,10030,110,Manhattan,149,0,149,20,7.5,0.0,0.0
1058351,174,WEST 137 STREET,10030,110,Manhattan,91,0,91,20,4.5,0.0,0.0
1058352,176,WEST  137 STREET,10030,110,Manhattan,146,6,152,15,10.1,0.0,0.0
1058372,235,WEST 116 STREET,10026,110,Manhattan,60,0,60,16,3.8,0.0,0.0
1058408,2190,8 AVENUE,10026,110,Manhattan,49,1,50,8,6.3,0.0,0.0
1058412,279,WEST 118 STREET,10026,110,Manhattan,46,0,46,10,4.6,0.0,0.0
1058413,277,WEST 118 STREET,10026,110,Manhattan,35,1,36,10,3.6,0.0,0.0
1058415,273,WEST 118 STREET,10026,110,Manhattan,116,0,116,10,11.6,0.0,0.0
1058420,201,WEST  118 STREET,10026,110,Manhattan,44,0,44,9,4.9,0.0,0.0
1058437,2198,8 AVENUE,10026,110,Manhattan,45,0,45,8,5.6,0.0,0.0
1058443,271,WEST 119 STREET,10026,110,Manhattan,44,3,47,13,3.6,0.0,0.0
1058463,202,ST NICHOLAS AVENUE,10027,110,Manhattan,48,1,49,10,4.9,0.0,0.0
1058485,208,ST NICHOLAS AVENUE,10027,110,Manhattan,46,16,62,17,3.6,0.0,0.0
1058491,222,ST NICHOLAS AVENUE,10027,110,Manhattan,23,7,30,9,3.3,0.0,0.0
1058506,219,WEST 121 STREET,10027,110,Manhattan,48,0,48,10,4.8,0.0,0.0
1058515,2034,7 AVENUE,10027,110,Manhattan,464,11,475,57,8.3,0.0,0.0
1058524,226,WEST  122 STREET,10027,110,Manhattan,56,0,56,15,3.7,0.0,0.0
1058527,234,WEST 122 STREET,10027,110,Manhattan,98,0,98,14,7.0,0.0,0.0
1058550,259,WEST  122 STREET,10027,110,Manhattan,42,0,42,10,4.2,0.0,0.0
1058613,2294,8TH AVENUE,10027,110,Manhattan,44,13,57,16,3.6,0.0,0.0
1058759,268,WEST 132 STREET,10027,110,Manhattan,33,1,34,7,4.9,0.0,0.0
1058785,200,WEST  133 STREET,10030,110,Manhattan,38,0,38,9,4.2,0.0,0.0
1058804,2490,8 AVENUE,10030,110,Manhattan,55,11,66,12,5.5,0.0,0.0
1058806,2494,   8 AVENUE,10030,110,Manhattan,37,2,39,9,4.3,0.0,0.0
1058850,234,WEST 135 STREET,10030,110,Manhattan,201,0,201,29,6.9,0.0,0.0
1058877,235,WEST 135 STREET,10030,110,Manhattan,53,0,53,8,6.6,0.0,0.0
1058886,213,WEST  135 STREET,10030,110,Manhattan,46,2,48,11,4.4,0.0,0.0
1058888,209,WEST 135 STREET,10030,110,Manhattan,21,1,22,5,4.4,0.0,0.0
1058893,2302,7 AVENUE,10030,110,Manhattan,25,0,25,8,3.1,0.0,0.0
1058897,2310,7 AVENUE,10030,110,Manhattan,27,4,31,10,3.1,0.0,0.0
1058898,200,WEST  136 STREET,10030,110,Manhattan,86,0,86,8,10.8,0.0,0.0
1058939,251,WEST 136 STREET,10030,110,Manhattan,22,1,23,5,4.6,0.0,0.0
1058947,227,WEST 136 STREET,10030,110,Manhattan,40,3,43,12,3.6,0.0,0.0
1059005,361,WEST 116 STREET,10026,110,Manhattan,38,3,41,10,4.1,0.0,0.0
1059007,385,MANHATTAN AVENUE,10026,110,Manhattan,49,0,49,3,16.3,0.0,0.0
1059059,411,MANHATTAN AVENUE,10026,110,Manhattan,61,0,61,10,6.1,0.0,0.0
1059074,421,MANHATTAN AVENUE,10026,110,Manhattan,64,0,64,17,3.8,0.0,0.0
1059092,357,WEST 118 STREET,10026,110,Manhattan,65,2,67,21,3.2,0.0,0.0
1059094,437,MANHATTAN AVENUE,10026,110,Manhattan,255,15,270,53,5.1,0.0,0.0
1059163,63,MORNINGSIDE AVENUE,10027,110,Manhattan,243,14,257,10,25.7,0.0,0.0
1059170,344,WEST 121 STREET,10027,110,Manhattan,48,0,48,10,4.8,0.0,0.0
1059193,315,WEST 121 STREET,10027,110,Manhattan,96,0,96,16,6.0,0.0,0.0
1059203,520,MANHATTAN AVENUE,10027,110,Manhattan,103,15,118,23,5.1,0.0,0.0
1059284,109,MORNINGSIDE AVENUE,10027,109,Manhattan,48,1,49,10,4.9,0.0,0.0
1059285,107,MORNINGSIDE AVENUE,10027,109,Manhattan,42,2,44,10,4.4,0.0,0.0
1059303,383,WEST 125 STREET,10027,109,Manhattan,18,0,18,6,3.0,0.0,0.0
1059304,379,WEST 125 STREET,10027,109,Manhattan,29,0,29,3,9.7,0.0,0.0
1059309,351,WEST  125 STREET,10027,109,Manhattan,296,15,311,38,8.2,0.0,0.0
1059319,381,WEST 125 STREET,10027,109,Manhattan,9,0,9,3,3.0,0.0,0.0
1059320,377,WEST 125 STREET,10027,109,Manhattan,10,2,12,3,4.0,0.0,0.0
1059329,363,WEST 126 STREET,10027,109,Manhattan,123,0,123,20,6.2,0.0,0.0
1059330,361,WEST 126 STREET,10027,109,Manhattan,96,0,96,20,4.8,0.0,0.0
1059343,2359,8 AVENUE,10027,110,Manhattan,65,3,68,10,6.8,0.0,0.0
1059344,2361,8 AVENUE,10027,110,Manhattan,32,0,32,10,3.2,0.0,0.0
1059357,364,WEST 127 STREET,10027,109,Manhattan,28,1,29,8,3.6,0.0,0.0
1059358,366,WEST 127 STREET,10027,109,Manhattan,136,0,136,8,17.0,0.0,0.0
1059361,372,WEST 127 STREET,10027,109,Manhattan,48,0,48,10,4.8,0.0,0.0
1059398,301,WEST 128 STREET,10027,110,Manhattan,22,1,23,4,5.8,0.0,0.0
1059432,452,ST NICHOLAS AVENUE,10027,110,Manhattan,35,0,35,10,3.5,0.0,0.0
1059459,488,ST NICHOLAS AVENUE,10030,110,Manhattan,91,0,91,30,3.0,0.0,0.0
1059533,457,WEST 125 STREET,10027,109,Manhattan,54,1,55,16,3.4,0.0,0.0
1059558,464,WEST 126 STREET,10027,109,Manhattan,106,0,106,19,5.6,0.0,0.0
1059564,433,WEST 126 STREET,10027,109,Manhattan,63,0,63,15,4.2,0.0,0.0
1059573,409,WEST 127 STREET,10027,109,Manhattan,86,0,86,24,3.6,0.0,0.0
1059611,419,WEST 129 STREET,10027,109,Manhattan,94,0,94,47,2.0,0.0,0.0
1059637,1465,AMSTERDAM AVENUE,10027,109,Manhattan,84,2,86,14,6.1,0.0,0.0
1059638,1463,AMSTERDAM AVENUE,10027,109,Manhattan,50,0,50,12,4.2,0.0,0.0
1059644,496,WEST  133 STREET,10027,109,Manhattan,76,8,84,16,5.3,0.0,0.0
1059673,505,WEST 122 STREET,10027,109,Manhattan,67,2,69,18,3.8,0.0,0.0
1059674,503,WEST 122 STREET,10027,109,Manhattan,117,4,121,18,6.7,0.0,0.0
1059683,522,WEST 123 STREET,10027,109,Manhattan,35,0,35,10,3.5,0.0,0.0
1059684,524,WEST 123 STREET,10027,109,Manhattan,27,13,40,11,3.6,0.0,0.0
1059686,528,WEST 123 STREET,10027,109,Manhattan,121,2,123,48,2.6,0.0,0.0
1059691,543,WEST 125 STREET,10027,109,Manhattan,227,4,231,44,5.3,0.0,0.0
1059701,1350,AMSTERDAM AVENUE,10027,109,Manhattan,177,0,177,16,11.1,0.0,0.0
1059703,504,WEST 126 STREET,10027,109,Manhattan,106,3,109,18,6.1,0.0,0.0
1059714,16,OLD BROADWAY,10027,109,Manhattan,52,1,53,16,3.3,0.0,0.0
1059739,1484,AMSTERDAM AVENUE,10031,109,Manhattan,93,2,95,28,3.4,0.0,0.0
1059740,1488,AMSTERDAM AVENUE,10031,109,Manhattan,171,1,172,18,9.6,0.0,0.0
1059748,520,WEST 134 STREET,10031,109,Manhattan,88,1,89,24,3.7,0.0,0.0
1059767,1512,AMSTERDAM AVENUE,10031,109,Manhattan,102,0,102,23,4.4,0.0,0.0
1059780,3340,BROADWAY,10031,109,Manhattan,107,4,111,37,3.0,0.0,0.0
1059784,525,WEST 135 STREET,10031,109,Manhattan,72,0,72,21,3.4,0.0,0.0
1059798,1532,AMSTERDAM AVENUE,10031,109,Manhattan,66,3,69,23,3.0,0.0,0.0
1059860,192,CLAREMONT AVENUE,10027,109,Manhattan,157,0,157,20,7.8,0.0,0.0
1059882,51,TIEMANN PLACE,10027,109,Manhattan,159,0,159,63,2.5,0.0,0.0
1059944,632,WEST 135 STREET,10031,109,Manhattan,77,12,89,38,2.3,0.0,0.0
1059958,601,WEST 135 STREET,10031,109,Manhattan,155,13,168,45,3.7,0.0,0.0
1059977,622,WEST  136 STREET,10031,109,Manhattan,78,0,78,16,4.9,0.0,0.0
1060000,105,WEST  137 STREET,10030,110,Manhattan,69,1,70,17,4.1,0.0,0.0
1060027,111,WEST  138 STREET,10030,110,Manhattan,49,12,61,10,6.1,0.0,0.0
1060064,143,WEST 140 STREET,10030,110,Manhattan,136,9,145,56,2.6,0.0,0.0
1060076,160,WEST 141 STREET,10030,110,Manhattan,84,1,85,14,6.1,0.0,0.0
1060086,127,WEST 141 STREET,10030,110,Manhattan,155,3,158,49,3.2,0.0,0.0
1060087,117,WEST 141 STREET,10030,110,Manhattan,259,3,262,49,5.3,0.0,0.0
1060107,141,WEST 142 STREET,10030,110,Manhattan,32,0,32,10,3.2,0.0,0.0
1060112,125,WEST  142 STREET,10030,110,Manhattan,77,0,77,19,4.1,0.0,0.0
1060113,123,WEST  142 STREET,10030,110,Manhattan,56,0,56,17,3.3,0.0,0.0
1060186,133,WEST 145 STREET,10039,110,Manhattan,117,16,133,29,4.6,0.0,0.0
1060346,2610,8 AVENUE,10030,110,Manhattan,29,0,29,6,4.8,0.0,0.0
1060364,221,WEST 139 STREET,10030,110,Manhattan,25,0,25,7,3.6,0.0,0.0
1060372,2394,7 AVENUE,10030,110,Manhattan,138,8,146,51,2.9,0.0,0.0
1060410,211,WEST 140 STREET,10030,110,Manhattan,40,0,40,10,4.0,0.0,0.0
1060413,2400,7 AVENUE,10030,110,Manhattan,151,23,174,54,3.2,0.0,0.0
1060452,215,WEST 144 STREET,10030,110,Manhattan,299,1,300,41,7.3,0.0,0.0
1060453,211,WEST 144 STREET,10030,110,Manhattan,64,0,64,19,3.4,0.0,0.0
1060487,202,WEST 146 STREET,10039,110,Manhattan,153,2,155,76,2.0,0.0,0.0
1060496,273,WEST 146 STREET,10039,110,Manhattan,101,0,101,20,5.0,0.0,0.0
1060497,271,WEST  146 STREET,10039,110,Manhattan,142,0,142,20,7.1,0.0,0.0
1060498,269,WEST 146 STREET,10039,110,Manhattan,76,0,76,20,3.8,0.0,0.0
1060499,267,WEST 146 STREET,10039,110,Manhattan,157,3,160,20,8.0,0.0,0.0
1060500,265,WEST 146 STREET,10039,110,Manhattan,88,0,88,20,4.4,0.0,0.0
1060506,201,WEST  146 STREET,10039,110,Manhattan,152,0,152,12,12.7,0.0,0.0
1060511,210,WEST 147 STREET,10039,110,Manhattan,132,12,144,41,3.5,0.0,0.0
1060515,292,WEST 147 STREET,10039,110,Manhattan,94,1,95,15,6.3,0.0,0.0
1060574,220,WEST 149 STREET,10039,110,Manhattan,71,1,72,24,3.0,0.0,0.0
1060586,289,WEST  150 STREET,10039,110,Manhattan,104,2,106,33,3.2,0.0,0.0
1060595,208,WEST 151 STREET,10039,110,Manhattan,258,0,258,117,2.2,0.0,0.0
1060617,2890,8 AVENUE,10039,110,Manhattan,101,2,103,42,2.5,0.0,0.0
1060623,254,WEST 154 STREET,10039,110,Manhattan,208,7,215,28,7.7,0.0,0.0
1060627,272,WEST 154 STREET,10039,110,Manhattan,64,0,64,15,4.3,0.0,0.0
1060668,2591,8 AVENUE,10030,110,Manhattan,27,0,27,8,3.4,0.0,0.0
1060674,306,WEST 139 STREET,10030,110,Manhattan,14,0,14,3,4.7,0.0,0.0
1060684,54,EDGECOMBE AVENUE,10030,110,Manhattan,175,0,175,12,14.6,0.0,0.0
1060731,305,WEST 139 STREET,10030,110,Manhattan,64,1,65,13,5.0,0.0,0.0
1060752,300,WEST 142 STREET,10030,110,Manhattan,80,3,83,13,6.4,0.0,0.0
1060814,304,WEST 147 STREET,10039,110,Manhattan,224,0,224,33,6.8,0.0,0.0
1060822,302,WEST 148 STREET,10039,110,Manhattan,35,0,35,10,3.5,0.0,0.0
1060854,301,WEST 150 STREET,10039,110,Manhattan,80,23,103,44,2.3,0.0,0.0
1060856,308,WEST 151 STREET,10039,110,Manhattan,105,1,106,29,3.7,0.0,0.0
1060863,2841,8 AVENUE,10039,110,Manhattan,34,0,34,9,3.8,0.0,0.0
1060867,302,WEST 152 STREET,10039,110,Manhattan,35,1,36,10,3.6,0.0,0.0
1060873,310,WEST 153 STREET,10039,110,Manhattan,174,17,191,19,10.1,0.0,0.0
1060881,226,BRADHURST AVENUE,10039,110,Manhattan,57,1,58,12,4.8,0.0,0.0
1060882,230,BRADHURST AVENUE,10039,110,Manhattan,52,0,52,10,5.2,0.0,0.0
1060906,91,EDGECOMBE AVENUE,10030,110,Manhattan,109,2,111,54,2.1,0.0,0.0
1060915,618,ST NICHOLAS AVENUE,10030,110,Manhattan,68,0,68,15,4.5,0.0,0.0
1060945,345,CONVENT AVENUE,10031,109,Manhattan,27,0,27,9,3.0,0.0,0.0
1060996,45,HAMILTON TERRACE,10031,109,Manhattan,200,1,201,9,22.3,0.0,0.0
1061046,141,EDGECOMBE AVENUE,10030,109,Manhattan,75,0,75,18,4.2,0.0,0.0
1061053,676,ST NICHOLAS AVENUE,10030,109,Manhattan,73,0,73,36,2.0,0.0,0.0
1061078,161,EDGECOMBE AVENUE,10030,109,Manhattan,51,0,51,15,3.4,0.0,0.0
1061153,335,EDGECOMBE AVENUE,10031,109,Manhattan,110,0,110,35,3.1,0.0,0.0
1061188,76,ST NICHOLAS PLACE,10032,109,Manhattan,117,19,136,31,4.4,0.0,0.0
1061246,1661,AMSTERDAM AVENUE,10031,109,Manhattan,340,40,380,8,47.5,0.0,0.0
1061269,1681,AMSTERDAM AVENUE,10031,109,Manhattan,39,1,40,12,3.3,0.0,0.0
1061284,332,CONVENT AVENUE,10031,109,Manhattan,32,0,32,8,4.0,0.0,0.0
1061295,468,WEST 144 STREET,10031,109,Manhattan,157,11,168,11,15.3,0.0,0.0
1061298,474,WEST 144 STREET,10031,109,Manhattan,170,3,173,10,17.3,0.0,0.0
1061341,475,WEST 145 STREET,10031,109,Manhattan,187,3,190,20,9.5,0.0,0.0
1061349,401,WEST 145 STREET,10031,109,Manhattan,31,0,31,8,3.9,0.0,0.0
1061354,404,WEST 146 STREET,10031,109,Manhattan,72,9,81,11,7.4,0.0,0.0
1061364,454,WEST 146 STREET,10031,109,Manhattan,50,0,50,10,5.0,0.0,0.0
1061371,415,WEST 145 STREET,10031,109,Manhattan,44,1,45,8,5.6,0.0,0.0
1061376,1739,AMSTERDAM AVENUE,10031,109,Manhattan,98,2,100,13,7.7,0.0,0.0
1061396,729,ST NICHOLAS AVENUE,10031,109,Manhattan,90,2,92,14,6.6,0.0,0.0
1061492,453,WEST 148 STREET,10031,109,Manhattan,54,0,54,4,13.5,0.0,0.0
1061543,401,WEST 149 STREET,10031,109,Manhattan,27,1,28,6,4.7,0.0,0.0
1061584,400,WEST 151 STREET,10031,109,Manhattan,66,1,67,10,6.7,0.0,0.0
1061586,471,CONVENT AVENUE,10031,109,Manhattan,19,5,24,3,8.0,0.0,0.0
1061612,465,WEST 152 STREET,10031,109,Manhattan,132,0,132,36,3.7,0.0,0.0
1061620,47,ST NICHOLAS PLACE,10031,109,Manhattan,32,0,32,8,4.0,0.0,0.0
1061623,55,ST NICHOLAS PLACE,10031,109,Manhattan,16,0,16,4,4.0,0.0,0.0
1061700,75,ST NICHOLAS PLACE,10032,109,Manhattan,110,16,126,60,2.1,0.0,0.0
1061727,565,WEST 139 STREET,10031,109,Manhattan,116,2,118,35,3.4,0.0,0.0
1061743,61,HAMILTON PLACE,10031,109,Manhattan,112,5,117,25,4.7,0.0,0.0
1061773,552,WEST 141 STREET,10031,109,Manhattan,121,4,125,25,5.0,0.0,0.0
1061775,572,WEST 141 STREET,10031,109,Manhattan,113,12,125,24,5.2,0.0,0.0
1061793,93,HAMILTON PLACE,10031,109,Manhattan,69,1,70,23,3.0,0.0,0.0
1061820,542,WEST 142 STREET,10031,109,Manhattan,31,1,32,8,4.0,0.0,0.0
1061859,115,HAMILTON PLACE,10031,109,Manhattan,228,15,243,26,9.3,0.0,0.0
1061861,1670,AMSTERDAM AVENUE,10031,109,Manhattan,87,17,104,35,3.0,0.0,0.0
1061866,516,WEST  143 STREET,10031,109,Manhattan,82,1,83,38,2.2,0.0,0.0
1061901,545,WEST  144 STREET,10031,109,Manhattan,86,0,86,20,4.3,0.0,0.0
1061905,533,WEST 144 STREET,10031,109,Manhattan,47,0,47,5,9.4,0.0,0.0
1061916,506,WEST 145 STREET,10031,109,Manhattan,77,2,79,24,3.3,0.0,0.0
1061919,524,WEST 145 STREET,10031,109,Manhattan,103,1,104,44,2.4,0.0,0.0
1061923,535,WEST 144 STREET,10031,109,Manhattan,22,2,24,5,4.8,0.0,0.0
1061930,533,WEST 145 STREET,10031,109,Manhattan,102,2,104,15,6.9,0.0,0.0
1061931,531,WEST 145 STREET,10031,109,Manhattan,53,0,53,13,4.1,0.0,0.0
1061935,513,WEST 145 STREET,10031,109,Manhattan,41,5,46,9,5.1,0.0,0.0
1061947,506,WEST 146 STREET,10031,109,Manhattan,47,7,54,18,3.0,0.0,0.0
1061979,511,WEST 147 STREET,10031,109,Manhattan,118,0,118,21,5.6,0.0,0.0
1062015,3604,BROADWAY,10031,109,Manhattan,34,0,34,10,3.4,0.0,0.0
1062060,3612,BROADWAY,10031,109,Manhattan,143,6,149,21,7.1,0.0,0.0
1062113,536,WEST 150 STREET,10031,109,Manhattan,41,1,42,9,4.7,0.0,0.0
1062119,556,WEST 150 STREET,10031,109,Manhattan,43,0,43,8,5.4,0.0,0.0
1062138,561,WEST 150 STREET,10031,109,Manhattan,188,1,189,31,6.1,0.0,0.0
1062139,557,WEST 150 STREET,10031,109,Manhattan,137,1,138,31,4.5,0.0,0.0
1062146,525,WEST 150 STREET,10031,109,Manhattan,36,0,36,8,4.5,0.0,0.0
1062150,513,WEST 150 STREET,10031,109,Manhattan,54,2,56,12,4.7,0.0,0.0
1062159,510,WEST 151 STREET,10031,109,Manhattan,110,0,110,14,7.9,0.0,0.0
1062172,521,WEST 150 STREET,10031,109,Manhattan,94,6,100,10,10.0,0.0,0.0
1062204,586,WEST 152 STREET,10031,109,Manhattan,66,0,66,21,3.1,0.0,0.0
1062218,553,WEST 152 STREET,10031,109,Manhattan,19,3,22,7,3.1,0.0,0.0
1062281,636,WEST  138 STREET,10031,109,Manhattan,110,0,110,21,5.2,0.0,0.0
1062293,617,WEST  138 STREET,10031,109,Manhattan,10,0,10,3,3.3,0.0,0.0
1062300,3409,BROADWAY,10031,109,Manhattan,55,1,56,17,3.3,0.0,0.0
1062301,3413,BROADWAY,10031,109,Manhattan,52,1,53,17,3.1,0.0,0.0
1062318,613,WEST 140 STREET,10031,109,Manhattan,163,21,184,47,3.9,0.0,0.0
1062323,620,WEST 141 STREET,10031,109,Manhattan,136,10,146,47,3.1,0.0,0.0
1062325,635,RIVERSIDE DRIVE,10031,109,Manhattan,211,15,226,68,3.3,0.0,0.0
1062327,617,WEST 141 STREET,10031,109,Manhattan,106,5,111,43,2.6,0.0,0.0
1062353,627,WEST 142 STREET,10031,109,Manhattan,27,0,27,8,3.4,0.0,0.0
1062361,3507,BROADWAY,10031,109,Manhattan,102,8,110,45,2.4,0.0,0.0
1062372,676,RIVERSIDE DRIVE,10031,109,Manhattan,164,0,164,74,2.2,0.0,0.0
1062398,3565,BROADWAY,10031,109,Manhattan,144,7,151,65,2.3,0.0,0.0
1062427,706,RIVERSIDE DRIVE,10031,109,Manhattan,225,6,231,51,4.5,0.0,0.0
1062443,601,WEST 149 STREET,10031,109,Manhattan,155,3,158,48,3.3,0.0,0.0
1062457,3671,BROADWAY,10031,109,Manhattan,98,18,116,47,2.5,0.0,0.0
1062489,938,ST NICHOLAS AVENUE,10032,112,Manhattan,117,23,140,50,2.8,0.0,0.0
1062505,535,EDGECOMBE AVENUE,10032,112,Manhattan,83,0,83,21,4.0,0.0,0.0
1062533,2013,AMSTERDAM AVENUE,10032,112,Manhattan,74,6,80,23,3.5,0.0,0.0
1062599,425,WEST 162 STREET,10032,112,Manhattan,75,1,76,10,7.6,0.0,0.0
1062622,452,WEST 164 STREET,10032,112,Manhattan,83,0,83,20,4.2,0.0,0.0
1062626,438,WEST 164 STREET,10032,112,Manhattan,226,0,226,22,10.3,0.0,0.0
1062647,470,WEST 166 STREET,10032,112,Manhattan,119,14,133,21,6.3,0.0,0.0
1062662,2153,AMSTERDAM AVENUE,10032,112,Manhattan,99,7,106,23,4.6,0.0,0.0
1062681,554,WEST 156 STREET,10032,112,Manhattan,29,0,29,4,7.3,0.0,0.0
1062682,550,WEST 156 STREET,10032,112,Manhattan,29,0,29,4,7.3,0.0,0.0
1062711,504,WEST 157 STREET,10032,112,Manhattan,41,1,42,9,4.7,0.0,0.0
1062736,512,WEST 158 STREET,10032,112,Manhattan,115,1,116,16,7.3,0.0,0.0
1062737,508,WEST 158 STREET,10032,112,Manhattan,64,0,64,16,4.0,0.0,0.0
1062752,538,WEST 159 STREET,10032,112,Manhattan,182,4,186,10,18.6,0.0,0.0
1062753,536,WEST 159 STREET,10032,112,Manhattan,37,0,37,10,3.7,0.0,0.0
1062754,534,WEST 159 STREET,10032,112,Manhattan,66,0,66,20,3.3,0.0,0.0
1062755,532,WEST 159 STREET,10032,112,Manhattan,60,0,60,20,3.0,0.0,0.0
1062756,530,WEST 159 STREET,10032,112,Manhattan,71,0,71,10,7.1,0.0,0.0
1062759,522,WEST 159 STREET,10032,112,Manhattan,56,0,56,16,3.5,0.0,0.0
1062770,503,WEST 158 STREET,10032,112,Manhattan,64,1,65,11,5.9,0.0,0.0
1062772,507,WEST 158 STREET,10032,112,Manhattan,146,3,149,16,9.3,0.0,0.0
1062789,550,WEST 160 STREET,10032,112,Manhattan,45,1,46,14,3.3,0.0,0.0
1062801,513,WEST 159 STREET,10032,112,Manhattan,36,0,36,10,3.6,0.0,0.0
1062803,517,WEST 159 STREET,10032,112,Manhattan,63,0,63,20,3.1,0.0,0.0
1062804,521,WEST 159 STREET,10032,112,Manhattan,73,0,73,20,3.6,0.0,0.0
1062812,555,WEST 159 STREET,10032,112,Manhattan,26,0,26,7,3.7,0.0,0.0
1062834,522,WEST 161 STREET,10032,112,Manhattan,85,0,85,25,3.4,0.0,0.0
1062865,522,WEST 162 STREET,10032,112,Manhattan,85,0,85,16,5.3,0.0,0.0
1062869,2040,AMSTERDAM AVENUE,10032,112,Manhattan,38,0,38,9,4.2,0.0,0.0
1062883,567,WEST 161 STREET,10032,112,Manhattan,17,0,17,4,4.3,0.0,0.0
1062897,2108,AMSTERDAM AVENUE,10032,112,Manhattan,40,0,40,13,3.1,0.0,0.0
1062915,527,WEST  162 STREET,10032,112,Manhattan,28,5,33,10,3.3,0.0,0.0
1062917,531,WEST 162 STREET,10032,112,Manhattan,109,1,110,11,10.0,0.0,0.0
1062932,546,WEST 165 STREET,10032,112,Manhattan,70,0,70,6,11.7,0.0,0.0
1062997,61,AUDUBON AVENUE,10032,112,Manhattan,103,0,103,10,10.3,0.0,0.0
1063018,559,WEST 169 STREET,10032,112,Manhattan,73,4,77,20,3.9,0.0,0.0
1063032,503,WEST 169 STREET,10032,112,Manhattan,109,2,111,24,4.6,0.0,0.0
1063044,555,WEST 170 STREET,10032,112,Manhattan,168,1,169,44,3.8,0.0,0.0
1063071,517,WEST 171 STREET,10032,112,Manhattan,68,2,70,19,3.7,0.0,0.0
1063086,1238,ST NICHOLAS AVENUE,10032,112,Manhattan,177,0,177,40,4.4,0.0,0.0
1063102,524,WEST 173 STREET,10032,112,Manhattan,62,0,62,15,4.1,0.0,0.0
1063103,506,WEST 173 STREET,10032,112,Manhattan,62,0,62,20,3.1,0.0,0.0
1063120,562,WEST 174 STREET,10033,112,Manhattan,159,0,159,42,3.8,0.0,0.0
1063147,527,WEST  173 STREET,10032,112,Manhattan,10,0,10,3,3.3,0.0,0.0
1063179,525,WEST 175 STREET,10033,112,Manhattan,79,0,79,20,4.0,0.0,0.0
1063191,2372,AMSTERDAM AVENUE,10033,112,Manhattan,63,0,63,19,3.3,0.0,0.0
1063218,580,WEST 176 STREET,10033,112,Manhattan,211,4,215,31,6.9,0.0,0.0
1063219,574,WEST 176 STREET,10033,112,Manhattan,182,1,183,30,6.1,0.0,0.0
1063226,599,WEST 176 STREET,10033,112,Manhattan,117,1,118,55,2.1,0.0,0.0
1063235,1356,ST NICHOLAS AVENUE,10033,112,Manhattan,81,0,81,13,6.2,0.0,0.0
1063255,3765,BROADWAY,10032,112,Manhattan,118,7,125,41,3.0,0.0,0.0
1063327,894,RIVERSIDE DRIVE,10032,112,Manhattan,108,6,114,55,2.1,0.0,0.0
1063332,65,FT WASHINGTON AVENUE,10032,112,Manhattan,320,10,330,42,7.9,0.0,0.0
1063333,657,WEST 161 STREET,10032,112,Manhattan,100,2,102,49,2.1,0.0,0.0
1063416,705,WEST 170 STREET,10032,112,Manhattan,94,7,101,21,4.8,0.0,0.0
1063417,709,WEST  170 STREET,10032,112,Manhattan,141,9,150,21,7.1,0.0,0.0
1063438,736,WEST 173 STREET,10032,112,Manhattan,180,1,181,79,2.3,0.0,0.0
1063439,731,WEST  172 STREET,10032,112,Manhattan,121,0,121,58,2.1,0.0,0.0
1063446,227,HAVEN AVENUE,10033,112,Manhattan,169,4,173,49,3.5,0.0,0.0
1063505,340,FT WASHINGTON AVENUE,10033,112,Manhattan,268,0,268,48,5.6,0.0,0.0
1063506,350,FT WASHINGTON AVENUE,10033,112,Manhattan,160,0,160,43,3.7,0.0,0.0
1063507,362,FT WASHINGTON AVENUE,10033,112,Manhattan,219,4,223,75,3.0,0.0,0.0
1063510,4161,BROADWAY,10033,112,Manhattan,81,2,83,40,2.1,0.0,0.0
1063546,611,WEST 177 STREET,10033,112,Manhattan,116,2,118,47,2.5,0.0,0.0
1063548,608,WEST 178 STREET,10033,112,Manhattan,120,1,121,22,5.5,0.0,0.0
1063549,604,WEST  178 STREET,10033,112,Manhattan,105,0,105,21,5.0,0.0,0.0
1063581,24,LAUREL HILL TERRACE,10033,112,Manhattan,105,4,109,48,2.3,0.0,0.0
1063584,2541,AMSTERDAM AVENUE,10033,112,Manhattan,173,13,186,60,3.1,0.0,0.0
1063598,512,WEST  180 STREET,10033,112,Manhattan,219,0,219,21,10.4,0.0,0.0
1063619,517,WEST 180 STREET,10033,112,Manhattan,94,4,98,26,3.8,0.0,0.0
1063672,1464,ST NICHOLAS AVENUE,10033,112,Manhattan,26,1,27,8,3.4,0.0,0.0
1063677,556,WEST 184 STREET,10033,112,Manhattan,64,0,64,13,4.9,0.0,0.0
1063678,554,WEST 184 STREET,10033,112,Manhattan,56,1,57,12,4.8,0.0,0.0
1063679,552,WEST 184 STREET,10033,112,Manhattan,56,0,56,15,3.7,0.0,0.0
1063680,550,WEST 184TH ST,10033,112,Manhattan,208,0,208,30,6.9,0.0,0.0
1063683,555,WEST 183 STREET,10033,112,Manhattan,71,4,75,4,18.8,0.0,0.0
1063692,564,WEST 183 STREET,10033,112,Manhattan,30,1,31,10,3.1,0.0,0.0
1063712,2498,AMSTERDAM AVENUE,10033,112,Manhattan,13,0,13,3,4.3,0.0,0.0
1063716,505,WEST  183 STREET,10033,112,Manhattan,142,0,142,31,4.6,0.0,0.0
1063717,509,WEST  183 STREET,10033,112,Manhattan,176,0,176,31,5.7,0.0,0.0
1063753,16,WASHINGTON TERRACE,10033,112,Manhattan,11,0,11,3,3.7,0.0,0.0
1063766,552,WEST 185 STREET,10033,112,Manhattan,73,0,73,20,3.6,0.0,0.0
1063812,546,WEST 188 STREET,10040,112,Manhattan,14,0,14,4,3.5,0.0,0.0
1063844,449,AUDUBON AVENUE,10040,112,Manhattan,78,0,78,39,2.0,0.0,0.0
1063856,510,WEST 190 STREET,10040,112,Manhattan,179,0,179,44,4.1,0.0,0.0
1063873,558,WEST 193 STREET,10040,112,Manhattan,136,0,136,31,4.4,0.0,0.0
1063881,559,WEST 190 STREET,10040,112,Manhattan,72,0,72,36,2.0,0.0,0.0
1063913,607,WEST 180 STREET,10033,112,Manhattan,252,0,252,21,12.0,0.0,0.0
1063931,662,WEST  184 STREET,10033,112,Manhattan,67,2,69,21,3.3,0.0,0.0
1063948,1447,ST NICHOLAS AVENUE,10033,112,Manhattan,134,0,134,50,2.7,0.0,0.0
1063951,605,WEST  182 STREET,10033,112,Manhattan,191,1,192,22,8.7,0.0,0.0
1063957,1471,ST NICHOLAS AVENUE,10033,112,Manhattan,82,2,84,19,4.4,0.0,0.0
1063987,649,WEST 184 STREET,10033,112,Manhattan,102,0,102,21,4.9,0.0,0.0
1064009,612,WEST 189 STREET,10040,112,Manhattan,74,0,74,21,3.5,0.0,0.0
1064025,371,WADSWORTH AVENUE,10040,112,Manhattan,95,3,98,41,2.4,0.0,0.0
1064032,606,WEST 191 STREET,10040,112,Manhattan,190,0,190,21,9.0,0.0,0.0
1064074,382,WADSWORTH AVENUE,10040,112,Manhattan,83,2,85,42,2.0,0.0,0.0
1064129,2,ELLWOOD STREET,10040,112,Manhattan,401,3,404,150,2.7,0.0,0.0
1064157,52,ARDEN STREET,10040,112,Manhattan,272,0,272,73,3.7,0.0,0.0
1064162,152,DYCKMAN STREET,10040,112,Manhattan,58,0,58,19,3.1,0.0,0.0
1064178,146,NAGLE AVENUE,10040,112,Manhattan,600,0,600,47,12.8,0.0,0.0
1064257,394,FT WASHINGTON AVENUE,10033,112,Manhattan,79,5,84,41,2.0,0.0,0.0
1064321,825,WEST 179 STREET,10033,112,Manhattan,104,1,105,42,2.5,0.0,0.0
1064508,3853,  10 AVENUE,10034,112,Manhattan,76,0,76,23,3.3,0.0,0.0
1064584,99,MARBLE HILL AVENUE,10463,208,Bronx,231,21,252,56,4.5,0.0,0.0
1064669,109,WEST 225 STREET,10463,208,Bronx,79,4,83,9,9.2,0.0,0.0
1064670,2,MARBLE HILL AVENUE,10463,208,Bronx,82,4,86,42,2.0,0.0,0.0
1064685,130,WEST 228 STREET,10463,208,Bronx,118,7,125,55,2.3,0.0,0.0
1064736,121,POST AVENUE,10034,112,Manhattan,64,0,64,11,5.8,0.0,0.0
1064737,123,POST AVENUE,10034,112,Manhattan,72,0,72,11,6.5,0.0,0.0
1064738,125,POST AVENUE,10034,112,Manhattan,61,0,61,11,5.5,0.0,0.0
1064768,165,SHERMAN AVENUE,10034,112,Manhattan,262,5,267,100,2.7,0.0,0.0
1064807,600,ACADEMY STREET,10034,112,Manhattan,82,0,82,25,3.3,0.0,0.0
1064834,611,ACADEMY STREET,10034,112,Manhattan,114,1,115,48,2.4,0.0,0.0
1064897,207,DYCKMAN STREET,10040,112,Manhattan,110,0,110,25,4.4,0.0,0.0
1064921,98,VERMILYEA AVENUE,10034,112,Manhattan,181,1,182,57,3.2,0.0,0.0
1064990,639,WEST 207 STREET,10034,112,Manhattan,117,1,118,56,2.1,0.0,0.0
1065059,34,SEAMAN AVENUE,10034,112,Manhattan,152,0,152,60,2.5,0.0,0.0
1074257,169,EAST  109 STREET,10029,111,Manhattan,86,5,91,44,2.1,0.0,0.0
1075465,2253,   7 AVENUE,10027,110,Manhattan,47,0,47,10,4.7,0.0,0.0
1075650,218,WEST  141 STREET,10030,110,Manhattan,31,0,31,10,3.1,0.0,0.0
1075681,514,HUDSON STREET,10014,102,Manhattan,27,0,27,7,3.9,0.0,0.0
1076384,327,EAST  109 STREET,10029,111,Manhattan,16,0,16,4,4.0,0.0,0.0
1076723,2809,   8 AVENUE,10039,110,Manhattan,236,0,236,22,10.7,0.0,0.0
1076753,280,WADSWORTH AVENUE,10040,112,Manhattan,20,0,20,3,6.7,0.0,0.0
1076759,84,NAGLE AVENUE,10040,112,Manhattan,35,4,39,5,7.8,0.0,0.0
1076878,207,AVENUE B,10009,103,Manhattan,15,18,33,6,5.5,0.0,0.0
1076946,219,EAST    5 STREET,10003,103,Manhattan,35,2,37,10,3.7,0.0,0.0
1076974,504,EAST   11 STREET,10009,103,Manhattan,12,16,28,8,3.5,0.0,0.0
1077004,514,EAST   13 STREET,10009,103,Manhattan,28,0,28,8,3.5,0.0,0.0
1077033,221,EAST   35 STREET,10016,106,Manhattan,51,7,58,16,3.6,0.0,0.0
1077118,20,MULBERRY STREET,10013,103,Manhattan,19,0,19,6,3.2,0.0,0.0
1077443,59,BAYARD STREET,10013,103,Manhattan,29,0,29,8,3.6,0.0,0.0
1077648,435,EAST    9 STREET,10009,103,Manhattan,43,0,43,8,5.4,0.0,0.0
1077670,191,AVENUE A,10009,103,Manhattan,15,6,21,3,7.0,0.0,0.0
1077675,446,EAST   13 STREET,10009,103,Manhattan,13,0,13,3,4.3,0.0,0.0
1077683,83,   1 AVENUE,10003,103,Manhattan,49,6,55,10,5.5,0.0,0.0
1077801,98,MAC DOUGAL STREET,10012,102,Manhattan,20,1,21,7,3.0,0.0,0.0
1078526,309 R,WEST   20 STREET,10011,104,Manhattan,12,0,12,4,3.0,0.0,0.0
1079066,697,   9 AVENUE,10036,104,Manhattan,26,0,26,8,3.3,0.0,0.0
1079236,60,MULBERRY STREET,10013,103,Manhattan,28,2,30,10,3.0,0.0,0.0
1079257,530,WEST 50 STREET,10019,104,Manhattan,37,0,37,8,4.6,0.0,0.0
1079422,1969,MADISON AVENUE,10035,111,Manhattan,12,0,12,4,3.0,0.0,0.0
1079441,414,EAST 119 STREET,10035,111,Manhattan,81,0,81,20,4.0,0.0,0.0
1079500,640,WEST  139 STREET,10031,109,Manhattan,115,12,127,62,2.0,0.0,0.0
1079762,102,WEST  142 STREET,10030,110,Manhattan,54,0,54,18,3.0,0.0,0.0
1079830,1809,AMSTERDAM AVENUE,10031,109,Manhattan,61,0,61,16,3.8,0.0,0.0
1079907,1466,ST NICHOLAS AVENUE,10033,112,Manhattan,60,0,60,8,7.5,0.0,0.0
1080548,140,SEAMAN AVENUE,10034,112,Manhattan,69,1,70,21,3.3,0.0,0.0
1080586,191,   7 AVENUE,10011,104,Manhattan,23,0,23,6,3.8,0.0,0.0
1080662,2016,   3 AVENUE,10029,111,Manhattan,56,2,58,3,19.3,0.0,0.0
1080716,2259,   2 AVENUE,10029,111,Manhattan,28,0,28,3,9.3,0.0,0.0
1081259,1457,   3 AVENUE,10028,108,Manhattan,23,3,26,8,3.3,0.0,0.0
1081379,4,WEST  131 STREET,10037,110,Manhattan,23,1,24,8,3.0,0.0,0.0
1081572,242,WEST  116 STREET,10026,110,Manhattan,51,4,55,8,6.9,0.0,0.0
1081574,240,WEST  116 STREET,10026,110,Manhattan,57,3,60,4,15.0,0.0,0.0
1081609,2234,   7 AVENUE,10027,110,Manhattan,25,0,25,4,6.3,0.0,0.0
1081610,2236,   7 AVENUE,10027,110,Manhattan,16,0,16,4,4.0,0.0,0.0
1081611,2238,   7 AVENUE,10027,110,Manhattan,24,0,24,4,6.0,0.0,0.0
1081975,22REAR,MULBERRY STREET,10013,103,Manhattan,20,0,20,4,5.0,0.0,0.0
1082132,203,EAST   22 STREET,10010,106,Manhattan,10,0,10,3,3.3,0.0,0.0
1082400,739,   9 AVENUE,10019,104,Manhattan,54,0,54,15,3.6,0.0,0.0
1082401,400,WEST   50 STREET,10019,104,Manhattan,54,1,55,15,3.7,0.0,0.0
1082406,439,WEST   50 STREET,10019,104,Manhattan,24,1,25,7,3.6,0.0,0.0
1082420,455,WEST   56 STREET,10019,104,Manhattan,30,0,30,3,10.0,0.0,0.0
1082505,50,DELANCEY STREET,10002,103,Manhattan,18,8,26,5,5.2,0.0,0.0
1083117,2854,FREDERICK DOUGLASS BOULEVARD,10039,110,Manhattan,175,0,175,69,2.5,0.0,0.0
1083619,302,WEST   40 STREET,10018,104,Manhattan,31,0,31,10,3.1,0.0,0.0
1083714,24,MULBERRY STREET,10013,103,Manhattan,37,1,38,7,5.4,0.0,0.0
1083742,405,WEST   40 STREET,10018,104,Manhattan,21,0,21,7,3.0,0.0,0.0
1083895,1417,SECOND AVE,10021,108,Manhattan,20,1,21,5,4.2,0.0,0.0
1084051,2518,FREDERICK DOUGLASS BLVD,10030,110,Manhattan,177,6,183,22,8.3,0.0,0.0
1084532,508,E 11 ST,10009,103,Manhattan,42,14,56,9,6.2,0.0,0.0
1084898,137,CHRYSTIE STREET,10002,103,Manhattan,99,1,100,22,4.5,0.0,0.0
1084998,197,   7 AVENUE,10011,104,Manhattan,184,2,186,17,10.9,0.0,0.0
1085042,401,WEST   49 STREET,10019,104,Manhattan,10,0,10,3,3.3,0.0,0.0
1085213,1578,   3 AVENUE,10128,108,Manhattan,35,0,35,8,4.4,0.0,0.0
1085357,503,WEST  133 STREET,10027,109,Manhattan,202,15,217,41,5.3,0.0,0.0
1085358,502,WEST  134 STREET,10031,109,Manhattan,261,7,268,30,8.9,0.0,0.0
1085693,57,COOPER STREET,10034,112,Manhattan,33,0,33,5,6.6,0.0,0.0
1085826,143,WEST  117 STREET,10026,110,Manhattan,6,3,9,3,3.0,0.0,0.0
1085992,19,EAST  117 STREET,10035,111,Manhattan,18,0,18,3,6.0,0.0,0.0
1086217,325,EAST  115 STREET,10029,111,Manhattan,84,1,85,37,2.3,0.0,0.0
1087338,202,WEST  108 STREET,10025,107,Manhattan,17,0,17,5,3.4,0.0,0.0
1087369,1982,   2 AVENUE,10029,111,Manhattan,60,0,60,12,5.0,0.0,0.0
1087437,1429,   5 AVENUE,10035,111,Manhattan,111,0,111,42,2.6,0.0,0.0
1087790,263,WEST  153 STREET,10039,110,Manhattan,170,1,171,85,2.0,0.0,0.0
1087982,53,EAST  131 STREET,10037,111,Manhattan,101,21,122,28,4.4,0.0,0.0
1088115,518,WEST  159 STREET,10032,112,Manhattan,78,1,79,38,2.1,0.0,0.0
1088778,148,WEST  143 STREET,10030,110,Manhattan,149,0,149,34,4.4,0.0,0.0
1088824,41,EAST  131 STREET,10037,111,Manhattan,139,1,140,65,2.2,0.0,0.0
1088850,162,EAST  122 STREET,10035,111,Manhattan,49,0,49,11,4.5,0.0,0.0
1088851,180,EAST  122 STREET,10035,111,Manhattan,46,0,46,4,11.5,0.0,0.0
1089839,312,WEST  112 STREET,10026,110,Manhattan,34,0,34,8,4.3,0.0,0.0
1089849,228,WEST  116 STREET,10026,110,Manhattan,109,3,112,10,11.2,0.0,0.0
2000019,143,BRUCKNER BOULEVARD,10454,201,Bronx,140,2,142,12,11.8,0.0,0.0
2000030,492,EAST 138 STREET,10454,201,Bronx,102,0,102,38,2.7,0.0,0.0
2000031,494,EAST 138 STREET,10454,201,Bronx,122,9,131,21,6.2,0.0,0.0
2000036,514,EAST 138 STREET,10454,201,Bronx,77,0,77,23,3.3,0.0,0.0
2000044,540,EAST 138 STREET,10454,201,Bronx,196,0,196,16,12.3,0.0,0.0
2000045,542,EAST 138 STREET,10454,201,Bronx,38,0,38,8,4.8,0.0,0.0
2000082,283,ST ANNS AVENUE,10454,201,Bronx,71,0,71,20,3.5,0.0,0.0
2000085,533,EAST 139 STREET,10454,201,Bronx,75,0,75,21,3.6,0.0,0.0
2000101,533,EAST  142 STREET,10454,201,Bronx,178,2,180,45,4.0,0.0,0.0
2000106,504,BROOK AVENUE,10455,201,Bronx,110,2,112,18,6.2,0.0,0.0
2000129,535,EAST 148 STREET,10455,201,Bronx,107,0,107,17,6.3,0.0,0.0
2000130,531,EAST 148 STREET,10455,201,Bronx,31,2,33,11,3.0,0.0,0.0
2000142,400,EAST 134 STREET,10454,201,Bronx,184,1,185,23,8.0,0.0,0.0
2000208,437,EAST 135 STREET,10454,201,Bronx,28,4,32,10,3.2,0.0,0.0
2000217,401,EAST 136 STREET,10454,201,Bronx,70,0,70,9,7.8,0.0,0.0
2000238,408,EAST  138 STREET,10454,201,Bronx,78,4,82,7,11.7,0.0,0.0
2000241,416,EAST 138 STREET,10454,201,Bronx,226,0,226,24,9.4,0.0,0.0
2000252,462,EAST 138 STREET,10454,201,Bronx,13,0,13,3,4.3,0.0,0.0
2000330,403,EAST 139 STREET,10454,201,Bronx,119,13,132,11,12.0,0.0,0.0
2000348,441,EAST 140 STREET,10454,201,Bronx,43,0,43,11,3.9,0.0,0.0
2000406,411,EAST 141 STREET,10454,201,Bronx,104,11,115,13,8.8,0.0,0.0
2000443,408,EAST 144 STREET,10454,201,Bronx,28,2,30,7,4.3,0.0,0.0
2000522,424,EAST 148 STREET,10455,201,Bronx,35,1,36,9,4.0,0.0,0.0
2000532,424,EAST 149 STREET,10455,201,Bronx,32,0,32,8,4.0,0.0,0.0
2000552,340,EAST 134 STREET,10454,201,Bronx,41,0,41,4,10.3,0.0,0.0
2000576,43,BRUCKNER BOULEVARD,10454,201,Bronx,52,0,52,3,17.3,0.0,0.0
2000577,41,BRUCKNER BOULEVARD,10454,201,Bronx,17,0,17,3,5.7,0.0,0.0
2000578,39,BRUCKNER BOULEVARD,10454,201,Bronx,32,2,34,3,11.3,0.0,0.0
2000587,342,EAST 139 STREET,10454,201,Bronx,160,3,163,16,10.2,0.0,0.0
2000589,378,EAST 139 STREET,10454,201,Bronx,67,1,68,10,6.8,0.0,0.0
2000590,380,EAST 139 STREET,10454,201,Bronx,50,0,50,10,5.0,0.0,0.0
2000591,386,EAST  139 STREET,10454,201,Bronx,86,0,86,18,4.8,0.0,0.0
2000594,237,WILLIS AVENUE,10454,201,Bronx,26,0,26,8,3.3,0.0,0.0
2000603,359,EAST 138 STREET,10454,201,Bronx,69,0,69,15,4.6,0.0,0.0
2000745,313,EAST 140 STREET,10454,201,Bronx,46,5,51,6,8.5,0.0,0.0
2000748,2628,3 AVENUE,10454,201,Bronx,23,1,24,8,3.0,0.0,0.0
2000871,340,EAST 148 STREET,10451,201,Bronx,62,1,63,9,7.0,0.0,0.0
2000882,341,EAST  146 STREET,10451,201,Bronx,160,9,169,30,5.6,0.0,0.0
2000883,335,EAST  146 STREET,10451,201,Bronx,130,9,139,28,5.0,0.0,0.0
2000888,286,EAST 149 STREET,10451,201,Bronx,73,1,74,12,6.2,0.0,0.0
2001114,553,WALTON AVENUE,10451,204,Bronx,47,0,47,13,3.6,0.0,0.0
2001213,510,EAST 163 STREET,10451,203,Bronx,66,2,68,7,9.7,0.0,0.0
2001258,1042,WASHINGTON AVENUE,10456,203,Bronx,58,0,58,3,19.3,0.0,0.0
2001261,1048,WASHINGTON AVENUE,10456,203,Bronx,10,0,10,3,3.3,0.0,0.0
2001292,1138,WASHINGTON AVENUE,10456,203,Bronx,178,4,182,51,3.6,0.0,0.0
2001302,3413 REAR,   3 AVENUE,10456,203,Bronx,19,0,19,6,3.2,0.0,0.0
2001303,3411,   3 AVENUE,10456,203,Bronx,19,0,19,6,3.2,0.0,0.0
2001316,1186,WASHINGTON AVENUE,10456,203,Bronx,104,8,112,23,4.9,0.0,0.0
2001352,417,EAST 151 STREET,10455,201,Bronx,83,2,85,11,7.7,0.0,0.0
2001356,646,MELROSE AVENUE,10455,201,Bronx,50,0,50,16,3.1,0.0,0.0
2001366,680,MELROSE AVENUE,10455,201,Bronx,47,0,47,8,5.9,0.0,0.0
2001379,425,EAST 153 STREET,10455,201,Bronx,129,0,129,26,5.0,0.0,0.0
2001386,699,ELTON AVENUE,10455,201,Bronx,101,6,107,33,3.2,0.0,0.0
2001392,413,EAST 154 STREET,10455,201,Bronx,18,0,18,6,3.0,0.0,0.0
2001396,3007,3 AVENUE,10455,201,Bronx,12,1,13,4,3.3,0.0,0.0
2001415,3023,3 AVENUE,10455,201,Bronx,22,0,22,6,3.7,0.0,0.0
2001423,428,EAST 157 STREET,10451,201,Bronx,91,0,91,21,4.3,0.0,0.0
2001481,830,ELTON AVENUE,10451,203,Bronx,63,1,64,21,3.0,0.0,0.0
2001507,426,EAST 162 STREET,10451,203,Bronx,99,0,99,7,14.1,0.0,0.0
2001508,428,EAST 162 STREET,10451,203,Bronx,48,0,48,9,5.3,0.0,0.0
2001509,430,EAST 162 STREET,10451,203,Bronx,25,1,26,8,3.3,0.0,0.0
2001521,922,MELROSE AVENUE,10451,203,Bronx,27,0,27,8,3.4,0.0,0.0
2001579,3414,PARK AVENUE,10456,203,Bronx,17,0,17,5,3.4,0.0,0.0
2001614,465,EAST 167 STREET,10456,203,Bronx,68,1,69,23,3.0,0.0,0.0
2001648,1215,BROOK AVENUE,10456,203,Bronx,24,0,24,8,3.0,0.0,0.0
2001654,582,COURTLANDT AVENUE,10451,201,Bronx,41,0,41,11,3.7,0.0,0.0
2001660,628,COURTLANDT AVENUE,10451,201,Bronx,142,1,143,13,11.0,0.0,0.0
2001669,367,EAST  151 STREET,10455,201,Bronx,77,1,78,8,9.8,0.0,0.0
2001710,368,EAST 155 STREET,10455,201,Bronx,99,0,99,16,6.2,0.0,0.0
2001715,386,EAST 155 STREET,10455,201,Bronx,9,0,9,3,3.0,0.0,0.0
2001746,773,MELROSE AVENUE,10451,201,Bronx,168,0,168,12,14.0,0.0,0.0
2001799,388,EAST  162 STREET,10451,203,Bronx,88,1,89,26,3.4,0.0,0.0
2001833,304,EAST 151 STREET,10451,201,Bronx,20,3,23,5,4.6,0.0,0.0
2001835,310,EAST 151 STREET,10451,201,Bronx,27,0,27,8,3.4,0.0,0.0
2001885,647,COURTLANDT AVENUE,10451,201,Bronx,11,0,11,3,3.7,0.0,0.0
2001887,299,EAST 158 STREET,10451,201,Bronx,62,1,63,14,4.5,0.0,0.0
2001902,320,EAST 160 STREET,10451,203,Bronx,40,0,40,6,6.7,0.0,0.0
2001928,280,EAST 162 STREET,10451,204,Bronx,78,1,79,17,4.6,0.0,0.0
2001951,918,MORRIS AVENUE,10451,204,Bronx,91,1,92,44,2.1,0.0,0.0
2001973,311,EAST 162 STREET,10451,204,Bronx,22,0,22,3,7.3,0.0,0.0
2001980,291,EAST 162 STREET,10451,204,Bronx,81,5,86,21,4.1,0.0,0.0
2001993,289,BONNER PLACE,10456,204,Bronx,32,0,32,9,3.6,0.0,0.0
2002001,292,EAST 164 STREET,10456,204,Bronx,14,0,14,4,3.5,0.0,0.0
2002016,928,COLLEGE AVENUE,10456,204,Bronx,97,1,98,17,5.8,0.0,0.0
2002025,314,EAST 164 STREET,10456,204,Bronx,71,1,72,3,24.0,0.0,0.0
2002046,351,EAST 163 STREET,10451,204,Bronx,95,0,95,44,2.2,0.0,0.0
2002049,1040,CLAY AVENUE,10456,204,Bronx,40,0,40,6,6.7,0.0,0.0
2002052,1046,CLAY AVENUE,10456,204,Bronx,49,0,49,6,8.2,0.0,0.0
2002067,1104,CLAY AVENUE,10456,204,Bronx,41,2,43,11,3.9,0.0,0.0
2002076,1178,CLAY AVENUE,10456,204,Bronx,38,0,38,11,3.5,0.0,0.0
2002098,1260,CLAY AVENUE,10456,204,Bronx,125,0,125,13,9.6,0.0,0.0
2002100,1268,CLAY AVENUE,10456,204,Bronx,41,0,41,12,3.4,0.0,0.0
2002101,1272,CLAY AVENUE,10456,204,Bronx,68,0,68,12,5.7,0.0,0.0
2002102,1276,CLAY AVENUE,10456,204,Bronx,40,0,40,12,3.3,0.0,0.0
2002105,1273,WEBSTER AVENUE,10456,204,Bronx,52,0,52,10,5.2,0.0,0.0
2002111,1245,WEBSTER AVENUE,10456,204,Bronx,31,0,31,7,4.4,0.0,0.0
2002125,360,EAST 166 STREET,10456,204,Bronx,76,0,76,17,4.5,0.0,0.0
2002136,1047,CLAY AVENUE,10456,204,Bronx,18,5,23,4,5.8,0.0,0.0
2002138,1043,CLAY AVENUE,10456,204,Bronx,51,0,51,4,12.8,0.0,0.0
2002188,306,EAST 165 STREET,10456,204,Bronx,10,0,10,3,3.3,0.0,0.0
2002194,993,FINDLAY AVENUE,10456,204,Bronx,41,0,41,5,8.2,0.0,0.0
2002201,990,FINDLAY AVENUE,10456,204,Bronx,16,0,16,3,5.3,0.0,0.0
2002202,992,FINDLAY AVENUE,10456,204,Bronx,48,0,48,3,16.0,0.0,0.0
2002223,1052,FINDLAY AVENUE,10456,204,Bronx,33,0,33,8,4.1,0.0,0.0
2002224,1056,FINDLAY AVENUE,10456,204,Bronx,38,0,38,9,4.2,0.0,0.0
2002225,1060,FINDLAY AVENUE,10456,204,Bronx,28,0,28,9,3.1,0.0,0.0
2002226,1064,FINDLAY AVENUE,10456,204,Bronx,49,2,51,9,5.7,0.0,0.0
2002228,1072,FINDLAY AVENUE,10456,204,Bronx,42,2,44,9,4.9,0.0,0.0
2002234,1077,TELLER AVENUE,10456,204,Bronx,66,1,67,8,8.4,0.0,0.0
2002237,1069,TELLER AVENUE,10456,204,Bronx,19,1,20,6,3.3,0.0,0.0
2002239,1065,TELLER AVENUE,10456,204,Bronx,20,0,20,3,6.7,0.0,0.0
2002242,1059,TELLER AVENUE,10456,204,Bronx,35,3,38,3,12.7,0.0,0.0
2002244,1055,TELLER AVENUE,10456,204,Bronx,51,0,51,3,17.0,0.0,0.0
2002253,1114,COLLEGE AVENUE,10456,204,Bronx,55,0,55,16,3.4,0.0,0.0
2002258,1142,COLLEGE AVENUE,10456,204,Bronx,234,0,234,30,7.8,0.0,0.0
2002261,1125,FINDLAY AVENUE,10456,204,Bronx,87,3,90,11,8.2,0.0,0.0
2002265,1109,FINDLAY AVENUE,10456,204,Bronx,38,0,38,11,3.5,0.0,0.0
2002267,315,EAST 166 STREET,10456,204,Bronx,97,1,98,20,4.9,0.0,0.0
2002289,1200,COLLEGE AVENUE,10456,204,Bronx,209,3,212,73,2.9,0.0,0.0
2002292,1220,COLLEGE AVENUE,10456,204,Bronx,130,1,131,11,11.9,0.0,0.0
2002327,1245,FINDLAY AVENUE,10456,204,Bronx,330,1,331,67,4.9,0.0,0.0
2002380,1046,MORRIS AVENUE,10456,204,Bronx,19,0,19,3,6.3,0.0,0.0
2002387,1062,MORRIS AVENUE,10456,204,Bronx,10,0,10,3,3.3,0.0,0.0
2002393,1045,COLLEGE AVENUE,10456,204,Bronx,22,0,22,3,7.3,0.0,0.0
2002395,1041,COLLEGE AVENUE,10456,204,Bronx,12,0,12,3,4.0,0.0,0.0
2002401,1029,COLLEGE AVENUE,10456,204,Bronx,10,0,10,3,3.3,0.0,0.0
2002403,1025,COLLEGE AVENUE,10456,204,Bronx,16,0,16,3,5.3,0.0,0.0
2002416,1242,MORRIS AVENUE,10456,204,Bronx,40,1,41,12,3.4,0.0,0.0
2002423,1272,MORRIS AVENUE,10456,204,Bronx,12,1,13,4,3.3,0.0,0.0
2002435,1241,COLLEGE AVENUE,10456,204,Bronx,54,0,54,3,18.0,0.0,0.0
2002475,225,EAST 163 STREET,10451,204,Bronx,86,1,87,25,3.5,0.0,0.0
2002489,955,GRANT AVENUE,10456,204,Bronx,185,0,185,6,30.8,0.0,0.0
2002503,1007,GRANT AVENUE,10456,204,Bronx,164,6,170,20,8.5,0.0,0.0
2002534,1052,GRANT AVENUE,10456,204,Bronx,10,9,19,3,6.3,0.0,0.0
2002542,1068,GRANT AVENUE,10456,204,Bronx,12,0,12,3,4.0,0.0,0.0
2002558,1043,MORRIS AVENUE,10456,204,Bronx,39,0,39,3,13.0,0.0,0.0
2002566,1116,GRANT AVENUE,10456,204,Bronx,25,1,26,5,5.2,0.0,0.0
2002576,1125,MORRIS AVENUE,10456,204,Bronx,14,1,15,5,3.0,0.0,0.0
2002622,1235,MORRIS AVENUE,10456,204,Bronx,384,4,388,49,7.9,0.0,0.0
2002623,1225,MORRIS AVENUE,10456,204,Bronx,90,0,90,43,2.1,0.0,0.0
2002626,1060,SHERMAN AVENUE,10456,204,Bronx,138,14,152,63,2.4,0.0,0.0
2002631,1067,GRANT AVENUE,10456,204,Bronx,88,0,88,4,22.0,0.0,0.0
2002632,1065,GRANT AVENUE,10456,204,Bronx,19,0,19,4,4.8,0.0,0.0
2002652,1135,GRANT AVENUE,10456,204,Bronx,24,0,24,3,8.0,0.0,0.0
2002667,1187,GRANT AVENUE,10456,204,Bronx,10,1,11,3,3.7,0.0,0.0
2002673,1175,GRANT AVENUE,10456,204,Bronx,0,12,12,3,4.0,0.0,0.0
2002713,967,SHERMAN AVENUE,10456,204,Bronx,178,4,182,20,9.1,0.0,0.0
2002728,1081,SHERIDAN AVENUE,10456,204,Bronx,290,1,291,32,9.1,0.0,0.0
2002731,1048,SHERIDAN AVENUE,10456,204,Bronx,78,0,78,15,5.2,0.0,0.0
2002734,1060,SHERIDAN AVENUE,10456,204,Bronx,117,0,117,30,3.9,0.0,0.0
2002744,1103,SHERIDAN AVENUE,10456,204,Bronx,95,0,95,43,2.2,0.0,0.0
2002770,214,EAST 168 STREET,10456,204,Bronx,227,0,227,49,4.6,0.0,0.0
2002817,975,SHERIDAN AVENUE,10456,204,Bronx,215,3,218,69,3.2,0.0,0.0
2002822,1000,GRAND CONCOURSE,10451,204,Bronx,200,19,219,98,2.2,0.0,0.0
2002852,100,EAST 168 STREET,10452,204,Bronx,330,8,338,155,2.2,0.0,0.0
2002856,105,EAST 168 STREET,10452,204,Bronx,100,5,105,46,2.3,0.0,0.0
2002864,125,EAST 168 STREET,10452,204,Bronx,296,4,300,45,6.7,0.0,0.0
2002896,751,WALTON AVENUE,10451,204,Bronx,237,5,242,100,2.4,0.0,0.0
2002900,675,WALTON AVENUE,10451,204,Bronx,191,4,195,83,2.3,0.0,0.0
2002950,1097,WALTON AVENUE,10452,204,Bronx,466,0,466,62,7.5,0.0,0.0
2002960,1173,WALTON AVENUE,10452,204,Bronx,469,1,470,64,7.3,0.0,0.0
2003039,956,ANDERSON AVENUE,10452,204,Bronx,39,0,39,9,4.3,0.0,0.0
2003040,958,ANDERSON AVENUE,10452,204,Bronx,100,1,101,9,11.2,0.0,0.0
2003048,974,ANDERSON AVENUE,10452,204,Bronx,89,2,91,9,10.1,0.0,0.0
2003078,1220,SHAKESPEARE AVENUE,10452,204,Bronx,222,0,222,61,3.6,0.0,0.0
2003097,1300,SHAKESPEARE AVENUE,10452,204,Bronx,17,0,17,3,5.7,0.0,0.0
2003113,71,WEST 162 STREET,10452,204,Bronx,229,5,234,61,3.8,0.0,0.0
2003140,74,WEST 165 STREET,10452,204,Bronx,54,5,59,18,3.3,0.0,0.0
2003160,1230,WOODYCREST AVENUE,10452,204,Bronx,183,4,187,41,4.6,0.0,0.0
2003164,1246,WOODYCREST AVENUE,10452,204,Bronx,46,0,46,4,11.5,0.0,0.0
2003186,100,WEST 163 STREET,10452,204,Bronx,33,0,33,9,3.7,0.0,0.0
2003187,957,WOODYCREST AVENUE,10452,204,Bronx,183,4,187,53,3.5,0.0,0.0
2003201,1016,OGDEN AVENUE,10452,204,Bronx,9,0,9,3,3.0,0.0,0.0
2003203,1020,OGDEN AVENUE,10452,204,Bronx,45,5,50,3,16.7,0.0,0.0
2003219,1019,NELSON AVENUE,10452,204,Bronx,37,0,37,3,12.3,0.0,0.0
2003224,1001,WOODYCREST AVENUE,10452,204,Bronx,263,1,264,61,4.3,0.0,0.0
2003234,1023,WOODYCREST AVENUE,10452,204,Bronx,22,0,22,3,7.3,0.0,0.0
2003244,1072,NELSON AVENUE,10452,204,Bronx,13,0,13,3,4.3,0.0,0.0
2003262,1075,NELSON AVENUE,10452,204,Bronx,146,2,148,38,3.9,0.0,0.0
2003265,1140,OGDEN AVENUE,10452,204,Bronx,152,0,152,48,3.2,0.0,0.0
2003271,122,WEST 167 STREET,10452,204,Bronx,64,0,64,4,16.0,0.0,0.0
2003291,1235,WOODYCREST AVENUE,10452,204,Bronx,133,0,133,58,2.3,0.0,0.0
2003310,88,WEST 169 STREET,10452,204,Bronx,81,0,81,13,6.2,0.0,0.0
2003311,1277,SHAKESPEARE AVENUE,10452,204,Bronx,105,0,105,33,3.2,0.0,0.0
2003376,1360,OGDEN AVENUE,10452,204,Bronx,419,7,426,35,12.2,0.0,0.0
2003377,1372,OGDEN AVENUE,10452,204,Bronx,188,0,188,20,9.4,0.0,0.0
2003378,1376,OGDEN AVENUE,10452,204,Bronx,172,6,178,26,6.8,0.0,0.0
2003379,1380,OGDEN AVENUE,10452,204,Bronx,170,2,172,20,8.6,0.0,0.0
2003380,1386,OGDEN AVENUE,10452,204,Bronx,124,0,124,20,6.2,0.0,0.0
2003381,1390,OGDEN AVENUE,10452,204,Bronx,137,2,139,24,5.8,0.0,0.0
2003389,1441,EDWARD L GRANT HIGHWAY,10452,204,Bronx,64,0,64,19,3.4,0.0,0.0
2003404,1345,PLIMPTON AVENUE,10452,204,Bronx,136,0,136,24,5.7,0.0,0.0
2003405,145,WEST 170 STREET,10452,204,Bronx,39,0,39,11,3.5,0.0,0.0
2003406,903,SUMMIT AVENUE,10452,204,Bronx,134,15,149,43,3.5,0.0,0.0
2003418,1027,SUMMIT AVENUE,10452,204,Bronx,8,5,13,3,4.3,0.0,0.0
2003430,993,SUMMIT AVENUE,10452,204,Bronx,103,0,103,9,11.4,0.0,0.0
2003432,989,SUMMIT AVENUE,10452,204,Bronx,58,0,58,8,7.3,0.0,0.0
2003441,947,OGDEN AVENUE,10452,204,Bronx,84,0,84,24,3.5,0.0,0.0
2003457,1018,SUMMIT AVENUE,10452,204,Bronx,135,9,144,35,4.1,0.0,0.0
2003463,1046,SUMMIT AVENUE,10452,204,Bronx,41,1,42,4,10.5,0.0,0.0
2003570,1425,UNIVERSITY AVENUE,10452,204,Bronx,135,1,136,55,2.5,0.0,0.0
2003597,151,BRUCKNER BOULEVARD,10454,201,Bronx,31,6,37,12,3.1,0.0,0.0
2003635,597,EAST 138 STREET,10454,201,Bronx,70,1,71,35,2.0,0.0,0.0
2003659,328,BEEKMAN AVENUE,10454,201,Bronx,155,1,156,74,2.1,0.0,0.0
2003660,344,BEEKMAN AVENUE,10454,201,Bronx,166,4,170,57,3.0,0.0,0.0
2003662,345,CYPRESS AVENUE,10454,201,Bronx,137,4,141,39,3.6,0.0,0.0
2003664,593,EAST 141 STREET,10454,201,Bronx,212,3,215,43,5.0,0.0,0.0
2003677,351,BEEKMAN AVENUE,10454,201,Bronx,62,0,62,16,3.9,0.0,0.0
2003683,612,BEECH TERRACE,10454,201,Bronx,35,0,35,3,11.7,0.0,0.0
2003750,715,EAST 133 STREET,10454,201,Bronx,10,0,10,3,3.3,0.0,0.0
2003789,674,EAST 138 STREET,10454,201,Bronx,88,0,88,15,5.9,0.0,0.0
2003793,231,JACKSON AVENUE,10454,201,Bronx,57,0,57,15,3.8,0.0,0.0
2003821,683,EAST 140 STREET,10454,201,Bronx,194,0,194,72,2.7,0.0,0.0
2003846,349,CONCORD AVENUE,10454,201,Bronx,109,0,109,3,36.3,0.0,0.0
2003873,797,EAST 142 STREET,10454,201,Bronx,74,0,74,21,3.5,0.0,0.0
2003917,508,JACKSON AVENUE,10455,201,Bronx,27,0,27,9,3.0,0.0,0.0
2003943,500,CONCORD AVENUE,10455,201,Bronx,15,0,15,3,5.0,0.0,0.0
2003951,518,WALES AVENUE,10455,201,Bronx,8,1,9,3,3.0,0.0,0.0
2003952,520,WALES AVENUE,10455,201,Bronx,27,0,27,9,3.0,0.0,0.0
2003957,800,EAST 149 STREET,10455,201,Bronx,74,1,75,16,4.7,0.0,0.0
2003959,533,TINTON AVENUE,10455,201,Bronx,71,0,71,21,3.4,0.0,0.0
2003968,500,TINTON AVENUE,10455,201,Bronx,116,0,116,46,2.5,0.0,0.0
2003970,520,TINTON AVENUE,10455,201,Bronx,145,0,145,50,2.9,0.0,0.0
2004014,759,EAST 138 STREET,10454,201,Bronx,245,10,255,117,2.2,0.0,0.0
2004195,1071,FRANKLIN AVENUE,10456,203,Bronx,165,0,165,25,6.6,0.0,0.0
2004202,3414,3 AVENUE,10456,203,Bronx,41,0,41,10,4.1,0.0,0.0
2004213,1203,FULTON AVENUE,10456,203,Bronx,113,0,113,29,3.9,0.0,0.0
2004223,530,EAST 169 STREET,10456,203,Bronx,840,49,889,321,2.8,0.0,0.0
2004225,1231,FULTON AVENUE,10456,203,Bronx,84,0,84,37,2.3,0.0,0.0
2004257,585,EAST 168 STREET,10456,203,Bronx,141,1,142,55,2.6,0.0,0.0
2004264,590,EAST 167 STREET,10456,203,Bronx,45,0,45,9,5.0,0.0,0.0
2004268,1133,BOSTON ROAD,10456,203,Bronx,329,4,333,51,6.5,0.0,0.0
2004281,614,EAST 168 STREET,10456,203,Bronx,130,0,130,8,16.3,0.0,0.0
2004283,1197,BOSTON ROAD,10456,203,Bronx,116,1,117,16,7.3,0.0,0.0
2004291,1153,BOSTON ROAD,10456,203,Bronx,73,1,74,16,4.6,0.0,0.0
2004304,622,EAST 169 STREET,10456,203,Bronx,87,2,89,21,4.2,0.0,0.0
2004311,1225,BOSTON ROAD,10456,203,Bronx,102,0,102,26,3.9,0.0,0.0
2004322,670,ST ANNS AVENUE,10455,201,Bronx,62,0,62,10,6.2,0.0,0.0
2004323,674,ST ANNS AVENUE,10455,201,Bronx,48,1,49,9,5.4,0.0,0.0
2004324,678,ST ANNS AVENUE,10455,201,Bronx,25,3,28,9,3.1,0.0,0.0
2004329,725,EAGLE AVENUE,10455,201,Bronx,24,0,24,3,8.0,0.0,0.0
2004335,711,EAGLE AVENUE,10455,201,Bronx,28,0,28,3,9.3,0.0,0.0
2004336,707,EAGLE AVENUE,10455,201,Bronx,91,0,91,3,30.3,0.0,0.0
2004347,635,EAGLE AVENUE,10455,201,Bronx,13,0,13,3,4.3,0.0,0.0
2004361,3194,   3 AVENUE,10451,203,Bronx,59,1,60,6,10.0,0.0,0.0
2004363,3198,3 AVENUE,10451,203,Bronx,14,0,14,4,3.5,0.0,0.0
2004367,3206,3 AVENUE,10451,203,Bronx,49,18,67,6,11.2,0.0,0.0
2004380,919,EAGLE AVENUE,10456,203,Bronx,50,0,50,16,3.1,0.0,0.0
2004381,917,EAGLE AVENUE,10456,203,Bronx,80,0,80,16,5.0,0.0,0.0
2004392,581,EAST 164 STREET,10456,203,Bronx,48,0,48,10,4.8,0.0,0.0
2004411,563,CAULDWELL AVENUE,10455,201,Bronx,144,3,147,49,3.0,0.0,0.0
2004412,561,CAULDWELL AVENUE,10455,201,Bronx,70,0,70,22,3.2,0.0,0.0
2004479,898,EAGLE AVENUE,10456,203,Bronx,44,0,44,5,8.8,0.0,0.0
2004493,660,EAST 161 STREET,10456,201,Bronx,68,0,68,6,11.3,0.0,0.0
2004502,1064,CAULDWELL AVENUE,10456,203,Bronx,135,0,135,48,2.8,0.0,0.0
2004530,763,JACKSON AVENUE,10456,201,Bronx,16,0,16,4,4.0,0.0,0.0
2004612,1116,JACKSON AVENUE,10456,203,Bronx,13,0,13,3,4.3,0.0,0.0
2004613,1118,JACKSON AVENUE,10456,203,Bronx,61,0,61,3,20.3,0.0,0.0
2004632,1131,FOREST AVENUE,10456,203,Bronx,14,0,14,3,4.7,0.0,0.0
2004635,1125,FOREST AVENUE,10456,203,Bronx,17,0,17,3,5.7,0.0,0.0
2004650,1114,JACKSON AVENUE,10456,203,Bronx,46,1,47,3,15.7,0.0,0.0
2004671,609,TINTON AVENUE,10455,201,Bronx,28,0,28,7,4.0,0.0,0.0
2004705,1126,FOREST AVENUE,10456,203,Bronx,37,0,37,3,12.3,0.0,0.0
2004745,1230,BOSTON ROAD,10456,203,Bronx,100,0,100,21,4.8,0.0,0.0
2004763,1221,TINTON AVENUE,10456,203,Bronx,5,4,9,3,3.0,0.0,0.0
2004870,783,EAST 168 STREET,10456,203,Bronx,43,0,43,9,4.8,0.0,0.0
2004887,1233,UNION AVENUE,10459,203,Bronx,26,0,26,3,8.7,0.0,0.0
2004891,1223,UNION AVENUE,10459,203,Bronx,44,1,45,3,15.0,0.0,0.0
2004894,1212,TINTON AVENUE,10456,203,Bronx,12,0,12,3,4.0,0.0,0.0
2004903,606,UNION AVENUE,10455,201,Bronx,13,0,13,4,3.3,0.0,0.0
2004909,597,PROSPECT AVENUE,10455,201,Bronx,27,0,27,5,5.4,0.0,0.0
2004916,612,UNION AVENUE,10455,201,Bronx,9,0,9,3,3.0,0.0,0.0
2004923,676,UNION AVENUE,10455,201,Bronx,217,1,218,8,27.3,0.0,0.0
2004931,834,EAST 155 STREET,10455,201,Bronx,40,0,40,8,5.0,0.0,0.0
2004943,835,EAST 155 STREET,10455,201,Bronx,32,0,32,7,4.6,0.0,0.0
2004957,733,PROSPECT AVENUE,10455,201,Bronx,121,1,122,17,7.2,0.0,0.0
2004962,721,PROSPECT AVENUE,10455,201,Bronx,15,0,15,3,5.0,0.0,0.0
2004976,785,UNION AVENUE,10455,201,Bronx,41,0,41,10,4.1,0.0,0.0
2004980,753,UNION AVENUE,10455,201,Bronx,37,0,37,4,9.3,0.0,0.0
2004983,803,EAST 156 STREET,10455,201,Bronx,15,0,15,4,3.8,0.0,0.0
2004984,770,UNION AVENUE,10455,201,Bronx,40,0,40,8,5.0,0.0,0.0
2004997,777,PROSPECT AVENUE,10455,201,Bronx,64,0,64,3,21.3,0.0,0.0
2005004,831,EAST 156 STREET,10455,201,Bronx,95,1,96,7,13.7,0.0,0.0
2005017,812,EAST 165 STREET,10459,203,Bronx,0,119,119,4,29.8,0.0,0.0
2005022,832,EAST 165 STREET,10459,203,Bronx,19,0,19,3,6.3,0.0,0.0
2005040,1095,PROSPECT AVENUE,10459,203,Bronx,88,0,88,22,4.0,0.0,0.0
2005048,816,EAST  168 STREET,10459,203,Bronx,17,3,20,4,5.0,0.0,0.0
2005049,820,EAST 168 STREET,10459,203,Bronx,119,3,122,14,8.7,0.0,0.0
2005051,1315,PROSPECT AVENUE,10459,203,Bronx,71,1,72,15,4.8,0.0,0.0
2005054,831,HOME STREET,10459,203,Bronx,116,0,116,26,4.5,0.0,0.0
2005055,827,HOME STREET,10459,203,Bronx,62,3,65,20,3.3,0.0,0.0
2005056,823,HOME STREET,10459,203,Bronx,55,1,56,15,3.7,0.0,0.0
2005091,643,SOUTHERN BOULEVARD,10455,202,Bronx,95,1,96,46,2.1,0.0,0.0
2005108,944,LEGGETT AVENUE,10455,202,Bronx,62,1,63,9,7.0,0.0,0.0
2005111,954,LEGGETT AVENUE,10455,202,Bronx,50,0,50,8,6.3,0.0,0.0
2005116,689,BECK STREET,10455,202,Bronx,56,0,56,17,3.3,0.0,0.0
2005119,673,BECK STREET,10455,202,Bronx,99,0,99,8,12.4,0.0,0.0
2005125,923,AVENUE ST JOHN,10455,202,Bronx,42,0,42,8,5.3,0.0,0.0
2005131,903,AVENUE ST JOHN,10455,202,Bronx,56,0,56,4,14.0,0.0,0.0
2005137,909,AVENUE ST JOHN,10455,202,Bronx,14,0,14,4,3.5,0.0,0.0
2005138,663,DAWSON STREET,10455,202,Bronx,18,0,18,3,6.0,0.0,0.0
2005171,870,LONGWOOD AVENUE,10459,202,Bronx,191,0,191,16,11.9,0.0,0.0
2005183,857,MACY PLACE,10455,202,Bronx,93,2,95,3,31.7,0.0,0.0
2005202,870,EAST  163 STREET,10459,202,Bronx,125,0,125,3,41.7,0.0,0.0
2005207,954,PROSPECT AVENUE,10459,202,Bronx,60,0,60,11,5.5,0.0,0.0
2005215,850,EAST 165 STREET,10459,202,Bronx,52,1,53,16,3.3,0.0,0.0
2005216,856,EAST 165 STREET,10459,202,Bronx,9,0,9,3,3.0,0.0,0.0
2005220,867,EAST  164 STREET,10459,202,Bronx,13,0,13,3,4.3,0.0,0.0
2005230,866,EAST 164 STREET,10459,202,Bronx,72,1,73,4,18.3,0.0,0.0
2005242,1044,PROSPECT AVENUE,10459,202,Bronx,14,0,14,4,3.5,0.0,0.0
2005248,1023,STEBBINS AVENUE,10459,202,Bronx,39,0,39,12,3.3,0.0,0.0
2005300,1226,PROSPECT AVENUE,10459,202,Bronx,49,0,49,11,4.5,0.0,0.0
2005311,1251,STEBBINS AVENUE,10459,202,Bronx,12,0,12,3,4.0,0.0,0.0
2005338,907,EAST 156 STREET,10455,202,Bronx,5,10,15,3,5.0,0.0,0.0
2005344,814,HEWITT PLACE,10459,202,Bronx,42,0,42,10,4.2,0.0,0.0
2005360,940,STEBBINS AVENUE,10459,202,Bronx,58,0,58,4,14.5,0.0,0.0
2005367,941,ROGERS PLACE,10459,202,Bronx,90,0,90,22,4.1,0.0,0.0
2005441,745,KELLY STREET,10455,202,Bronx,20,0,20,3,6.7,0.0,0.0
2005453,940,EAST 163 STREET,10459,202,Bronx,106,0,106,32,3.3,0.0,0.0
2005462,957,KELLY STREET,10459,202,Bronx,188,0,188,41,4.6,0.0,0.0
2005470,1006,INTERVALE AVENUE,10459,202,Bronx,134,1,135,18,7.5,0.0,0.0
2005472,918,EAST 165 STREET,10459,202,Bronx,65,0,65,4,16.3,0.0,0.0
2005485,1074,INTERVALE AVENUE,10459,202,Bronx,13,0,13,3,4.3,0.0,0.0
2005490,1051,KELLY STREET,10459,202,Bronx,30,8,38,9,4.2,0.0,0.0
2005505,1137,TIFFANY STREET,10459,202,Bronx,21,0,21,4,5.3,0.0,0.0
2005534,776,BECK STREET,10455,202,Bronx,11,0,11,3,3.7,0.0,0.0
2005547,958,EAST  156 STREET,10455,202,Bronx,37,0,37,3,12.3,0.0,0.0
2005555,719,BECK STREET,10455,202,Bronx,17,0,17,3,5.7,0.0,0.0
2005559,740,KELLY STREET,10455,202,Bronx,199,10,209,4,52.3,0.0,0.0
2005595,838,BECK STREET,10459,202,Bronx,43,0,43,9,4.8,0.0,0.0
2005603,877,INTERVALE AVENUE,10459,202,Bronx,130,0,130,8,16.3,0.0,0.0
2005607,843,FOX STREET,10459,202,Bronx,27,0,27,8,3.4,0.0,0.0
2005611,827,FOX STREET,10459,202,Bronx,24,1,25,7,3.6,0.0,0.0
2005619,920,KELLY STREET,10459,202,Bronx,117,0,117,16,7.3,0.0,0.0
2005621,928,KELLY STREET,10459,202,Bronx,66,0,66,8,8.3,0.0,0.0
2005667,971,WESTCHESTER AVENUE,10459,202,Bronx,57,0,57,19,3.0,0.0,0.0
2005673,1086,KELLY STREET,10459,202,Bronx,124,0,124,16,7.8,0.0,0.0
2005682,1049,FOX STREET,10459,202,Bronx,101,24,125,42,3.0,0.0,0.0
2005688,1020,TIFFANY STREET,10459,202,Bronx,37,0,37,10,3.7,0.0,0.0
2005701,1120,FOX STREET,10459,203,Bronx,54,1,55,11,5.0,0.0,0.0
2005702,1122,FOX STREET,10459,203,Bronx,51,3,54,4,13.5,0.0,0.0
2005725,756,FOX STREET,10455,202,Bronx,87,1,88,24,3.7,0.0,0.0
2005743,801,SOUTHERN BOULEVARD,10459,202,Bronx,80,0,80,19,4.2,0.0,0.0
2005759,923,SIMPSON STREET,10459,202,Bronx,136,3,139,43,3.2,0.0,0.0
2005761,906,SIMPSON STREET,10459,202,Bronx,153,0,153,31,4.9,0.0,0.0
2005775,1023,SOUTHERN BOULEVARD,10459,202,Bronx,138,0,138,9,15.3,0.0,0.0
2005779,1007,SOUTHERN BOULEVARD,10459,202,Bronx,54,0,54,11,4.9,0.0,0.0
2005795,1076,FOX STREET,10459,202,Bronx,93,0,93,3,31.0,0.0,0.0
2005810,936,HOME STREET,10459,203,Bronx,98,0,98,25,3.9,0.0,0.0
2005841,1091,LONGWOOD AVENUE,10474,202,Bronx,11,0,11,3,3.7,0.0,0.0
2005850,879,BRUCKNER BOULEVARD,10459,202,Bronx,10,0,10,3,3.3,0.0,0.0
2005852,873,BRUCKNER BOULEVARD,10459,202,Bronx,41,1,42,3,14.0,0.0,0.0
2005870,919,BRUCKNER BOULEVARD,10459,202,Bronx,66,0,66,3,22.0,0.0,0.0
2005890,949,BRUCKNER BOULEVARD,10459,202,Bronx,10,0,10,3,3.3,0.0,0.0
2005891,945,BRUCKNER BOULEVARD,10459,202,Bronx,156,0,156,21,7.4,0.0,0.0
2005943,875,HUNTS POINT AVENUE,10474,202,Bronx,23,2,25,8,3.1,0.0,0.0
2005958,1275,LAFAYETTE AVENUE,10474,202,Bronx,86,2,88,41,2.1,0.0,0.0
2006040,1111,HOE AVENUE,10459,202,Bronx,12,0,12,3,4.0,0.0,0.0
2006063,1163,HOE AVENUE,10459,203,Bronx,100,0,100,10,10.0,0.0,0.0
2006064,1161,HOE AVENUE,10459,203,Bronx,57,4,61,10,6.1,0.0,0.0
2006072,900,HOE AVENUE,10459,202,Bronx,116,3,119,46,2.6,0.0,0.0
2006085,1014,FAILE STREET,10459,202,Bronx,9,0,9,3,3.0,0.0,0.0
2006087,1018,FAILE STREET,10459,202,Bronx,22,0,22,3,7.3,0.0,0.0
2006088,1020,FAILE STREET,10459,202,Bronx,18,0,18,3,6.0,0.0,0.0
2006089,1022,FAILE STREET,10459,202,Bronx,17,0,17,3,5.7,0.0,0.0
2006093,1030,FAILE STREET,10459,202,Bronx,18,0,18,3,6.0,0.0,0.0
2006096,1036,FAILE STREET,10459,202,Bronx,10,0,10,3,3.3,0.0,0.0
2006119,1043,FAILE STREET,10459,202,Bronx,22,1,23,6,3.8,0.0,0.0
2006130,1021,FAILE STREET,10459,202,Bronx,27,1,28,6,4.7,0.0,0.0
2006134,1013,FAILE STREET,10459,202,Bronx,9,0,9,3,3.0,0.0,0.0
2006147,1200,WESTCHESTER AVENUE,10459,202,Bronx,89,0,89,28,3.2,0.0,0.0
2006148,1206,WESTCHESTER AVENUE,10459,202,Bronx,436,8,444,104,4.3,0.0,0.0
2006168,1160,HOE AVENUE,10459,203,Bronx,50,0,50,10,5.0,0.0,0.0
2006173,1175,VYSE AVENUE,10459,203,Bronx,124,1,125,8,15.6,0.0,0.0
2006174,1173,VYSE AVENUE,10459,203,Bronx,90,1,91,8,11.4,0.0,0.0
2006178,1137,VYSE AVENUE,10459,203,Bronx,9,1,10,3,3.3,0.0,0.0
2006185,1134,WEST FARMS ROAD,10459,203,Bronx,139,1,140,44,3.2,0.0,0.0
2006196,1151,LONGFELLOW AVENUE,10459,203,Bronx,36,0,36,3,12.0,0.0,0.0
2006197,1145,LONGFELLOW AVENUE,10459,203,Bronx,95,0,95,26,3.7,0.0,0.0
2006209,1146,BRYANT AVENUE,10459,203,Bronx,42,0,42,8,5.3,0.0,0.0
2006231,1045,LONGFELLOW AVENUE,10459,202,Bronx,12,0,12,4,3.0,0.0,0.0
2006250,1010,LONGFELLOW AVENUE,10459,202,Bronx,23,0,23,4,5.8,0.0,0.0
2006258,1030,LONGFELLOW AVENUE,10459,202,Bronx,32,3,35,4,8.8,0.0,0.0
2006261,1036,LONGFELLOW AVENUE,10459,202,Bronx,39,0,39,4,9.8,0.0,0.0
2006267,1052,LONGFELLOW AVENUE,10459,202,Bronx,19,0,19,4,4.8,0.0,0.0
2006268,1054,LONGFELLOW AVENUE,10459,202,Bronx,33,0,33,4,8.3,0.0,0.0
2006280,1038,LOWELL STREET,10459,202,Bronx,103,0,103,11,9.4,0.0,0.0
2006282,1050,LOWELL STREET,10459,202,Bronx,165,2,167,11,15.2,0.0,0.0
2006284,1155,EAST 165 STREET,10459,202,Bronx,140,0,140,11,12.7,0.0,0.0
2006285,1151,EAST 165 STREET,10459,202,Bronx,33,0,33,11,3.0,0.0,0.0
2006288,1094,LONGFELLOW AVENUE,10459,202,Bronx,103,1,104,4,26.0,0.0,0.0
2006298,1043,LOWELL STREET,10459,202,Bronx,60,0,60,4,15.0,0.0,0.0
2006307,1150,LONGFELLOW AVENUE,10459,203,Bronx,43,12,55,3,18.3,0.0,0.0
2006367,916,FAILE STREET,10474,202,Bronx,281,0,281,59,4.8,0.0,0.0
2006370,917,BRYANT AVENUE,10474,202,Bronx,36,0,36,6,6.0,0.0,0.0
2006371,915,BRYANT AVENUE,10474,202,Bronx,29,3,32,4,8.0,0.0,0.0
2006391,906,BRYANT AVENUE,10474,202,Bronx,19,0,19,3,6.3,0.0,0.0
2006393,912,BRYANT AVENUE,10474,202,Bronx,9,0,9,3,3.0,0.0,0.0
2006394,916,BRYANT AVENUE,10474,202,Bronx,15,0,15,3,5.0,0.0,0.0
2006427,1220,GILBERT PLACE,10474,202,Bronx,74,0,74,16,4.6,0.0,0.0
2006430,813,FAILE STREET,10474,202,Bronx,63,1,64,10,6.4,0.0,0.0
2006442,855,FAILE STREET,10474,202,Bronx,0,10,10,3,3.3,0.0,0.0
2006452,830,FAILE STREET,10474,202,Bronx,27,2,29,4,7.3,0.0,0.0
2006470,801,BRYANT AVENUE,10474,202,Bronx,296,2,298,38,7.8,0.0,0.0
2006512,1261,SPOFFORD AVENUE,10474,202,Bronx,171,0,171,3,57.0,0.0,0.0
2006524,754,MANIDA STREET,10474,202,Bronx,339,9,348,38,9.2,0.0,0.0
2006531,741,HUNTS POINT AVENUE,10474,202,Bronx,118,9,127,56,2.3,0.0,0.0
2006567,750,BRYANT AVENUE,10474,202,Bronx,180,6,186,61,3.0,0.0,0.0
2006595,1202,SPOFFORD AVENUE,10474,202,Bronx,489,26,515,60,8.6,0.0,0.0
2006643,644,BARRETTO STREET,10474,202,Bronx,12,0,12,3,4.0,0.0,0.0
2006656,643,COSTER STREET,10474,202,Bronx,24,0,24,8,3.0,0.0,0.0
2006661,620,MANIDA STREET,10474,202,Bronx,43,0,43,9,4.8,0.0,0.0
2006668,638,MANIDA STREET,10474,202,Bronx,58,0,58,8,7.3,0.0,0.0
2006671,648,MANIDA STREET,10474,202,Bronx,13,0,13,3,4.3,0.0,0.0
2006677,662,MANIDA STREET,10474,202,Bronx,47,0,47,3,15.7,0.0,0.0
2006679,640,BARRETTO STREET,10474,202,Bronx,41,0,41,4,10.3,0.0,0.0
2006690,617,FAILE STREET,10474,202,Bronx,14,0,14,3,4.7,0.0,0.0
2006710,651,BRYANT AVENUE,10474,202,Bronx,9,0,9,3,3.0,0.0,0.0
2006749,632,COSTER STREET,10474,202,Bronx,12,0,12,3,4.0,0.0,0.0
2006815,541,COSTER STREET,10474,202,Bronx,49,2,51,6,8.5,0.0,0.0
2007066,1357,TELLER AVENUE,10456,204,Bronx,39,0,39,5,7.8,0.0,0.0
2007174,1302,COLLEGE AVENUE,10456,204,Bronx,37,1,38,7,5.4,0.0,0.0
2007175,1306,COLLEGE AVENUE,10456,204,Bronx,133,1,134,26,5.2,0.0,0.0
2007251,309,EAST  170 STREET,10456,204,Bronx,255,0,255,3,85.0,0.0,0.0
2007252,307,EAST  170 STREET,10456,204,Bronx,46,0,46,4,11.5,0.0,0.0
2007253,305,EAST 170 STREET,10456,204,Bronx,53,0,53,5,10.6,0.0,0.0
2007286,1323,COLLEGE AVENUE,10456,204,Bronx,69,0,69,20,3.5,0.0,0.0
2007287,1311,COLLEGE AVENUE,10456,204,Bronx,197,2,199,26,7.7,0.0,0.0
2007347,1696,MONROE AVENUE,10457,204,Bronx,19,1,20,3,6.7,0.0,0.0
2007349,1707,TOPPING AVENUE,10457,204,Bronx,233,12,245,32,7.7,0.0,0.0
2007359,1665,MONROE AVENUE,10457,204,Bronx,132,0,132,49,2.7,0.0,0.0
2007381,230,EAST 173 STREET,10457,204,Bronx,110,2,112,27,4.1,0.0,0.0
2007399,1701,EASTBURN AVENUE,10457,204,Bronx,101,0,101,48,2.1,0.0,0.0
2007412,1745,EASTBURN AVENUE,10457,205,Bronx,76,1,77,36,2.1,0.0,0.0
2007422,1774,EASTBURN AVENUE,10457,205,Bronx,287,0,287,41,7.0,0.0,0.0
2007424,150,EAST 175 STREET,10457,205,Bronx,102,0,102,15,6.8,0.0,0.0
2007440,1756,WEEKS AVENUE,10457,205,Bronx,42,1,43,6,7.2,0.0,0.0
2007441,1758,WEEKS AVENUE,10457,205,Bronx,13,0,13,3,4.3,0.0,0.0
2007461,1748,MONROE AVENUE,10457,205,Bronx,67,0,67,6,11.2,0.0,0.0
2007491,1760,TOPPING AVENUE,10457,205,Bronx,11,0,11,3,3.7,0.0,0.0
2007500,1786,TOPPING AVENUE,10457,205,Bronx,91,0,91,43,2.1,0.0,0.0
2007501,274,EAST 175 STREET,10457,205,Bronx,106,0,106,43,2.5,0.0,0.0
2007518,1822,MONROE AVENUE,10457,205,Bronx,118,1,119,30,4.0,0.0,0.0
2007522,1821,TOPPING AVENUE,10457,205,Bronx,256,0,256,3,85.3,0.0,0.0
2007538,273,EAST 175 STREET,10457,205,Bronx,95,1,96,45,2.1,0.0,0.0
2007567,273,EAST 176 STREET,10457,205,Bronx,121,2,123,33,3.7,0.0,0.0
2007568,265,EAST 176 STREET,10457,205,Bronx,84,0,84,21,4.0,0.0,0.0
2007583,1848,ANTHONY AVENUE,10457,205,Bronx,91,2,93,43,2.2,0.0,0.0
2007598,228,EAST TREMONT AVENUE,10457,205,Bronx,77,0,77,11,7.0,0.0,0.0
2007600,240,EAST TREMONT AVENUE,10457,205,Bronx,41,0,41,6,6.8,0.0,0.0
2007626,110,EAST 177 STREET,10453,205,Bronx,280,9,289,55,5.3,0.0,0.0
2007630,1895,GRAND CONCOURSE,10453,205,Bronx,45,0,45,15,3.0,0.0,0.0
2007631,1881,GRAND CONCOURSE,10453,205,Bronx,58,3,61,17,3.6,0.0,0.0
2007648,1990,MORRIS AVENUE,10453,205,Bronx,13,0,13,3,4.3,0.0,0.0
2007649,1992,MORRIS AVENUE,10453,205,Bronx,9,0,9,3,3.0,0.0,0.0
2007657,101,EAST 179 STREET,10453,205,Bronx,118,0,118,49,2.4,0.0,0.0
2007678,1986,MORRIS AVENUE,10453,205,Bronx,25,0,25,3,8.3,0.0,0.0
2007715,255,EAST TREMONT AVENUE,10457,205,Bronx,37,1,38,3,12.7,0.0,0.0
2007732,245,EAST 178 STREET,10457,205,Bronx,190,6,196,55,3.6,0.0,0.0
2007768,315,ECHO PLACE,10457,205,Bronx,149,0,149,22,6.8,0.0,0.0
2007850,1520,GRAND CONCOURSE,10457,204,Bronx,146,0,146,16,9.1,0.0,0.0
2007861,1692,GRAND CONCOURSE,10457,204,Bronx,84,0,84,26,3.2,0.0,0.0
2007880,1770,WALTON AVENUE,10453,205,Bronx,171,2,173,38,4.6,0.0,0.0
2007881,1780,WALTON AVENUE,10453,205,Bronx,32,0,32,9,3.6,0.0,0.0
2007884,1815,MORRIS AVENUE,10453,205,Bronx,126,4,130,51,2.5,0.0,0.0
2007890,1777,GRAND CONCOURSE,10453,205,Bronx,359,13,372,167,2.2,0.0,0.0
2007900,1820,GRAND CONCOURSE,10457,205,Bronx,93,0,93,29,3.2,0.0,0.0
2007932,1991,MORRIS AVENUE,10453,205,Bronx,10,0,10,3,3.3,0.0,0.0
2007950,2027,MORRIS AVENUE,10453,205,Bronx,8,8,16,4,4.0,0.0,0.0
2007964,1310,SHERIDAN AVENUE,10456,204,Bronx,344,1,345,79,4.4,0.0,0.0
2007973,1314,GRAND CONCOURSE,10456,204,Bronx,86,0,86,40,2.1,0.0,0.0
2007987,1410,GRAND CONCOURSE,10456,204,Bronx,321,2,323,35,9.2,0.0,0.0
2007991,1454,GRAND CONCOURSE,10457,204,Bronx,177,4,181,58,3.1,0.0,0.0
2007993,1466,GRAND CONCOURSE,10457,204,Bronx,260,0,260,58,4.5,0.0,0.0
2008012,1555,GRAND CONCOURSE,10452,204,Bronx,595,4,599,147,4.1,0.0,0.0
2008039,125,EAST  169 STREET,10452,204,Bronx,23,21,44,3,14.7,0.0,0.0
2008040,123,EAST 169 STREET,10452,204,Bronx,51,0,51,3,17.0,0.0,0.0
2008119,1475,WYTHE PLACE,10452,204,Bronx,156,3,159,73,2.2,0.0,0.0
2008120,1459,WYTHE PLACE,10452,204,Bronx,412,15,427,72,5.9,0.0,0.0
2008140,20,EAST MT EDEN AVENUE,10452,204,Bronx,209,0,209,47,4.4,0.0,0.0
2008198,1727,WALTON AVENUE,10453,205,Bronx,225,0,225,56,4.0,0.0,0.0
2008199,1715,WALTON AVENUE,10453,205,Bronx,254,1,255,46,5.5,0.0,0.0
2008211,1763,TOWNSEND AVENUE,10453,205,Bronx,33,0,33,9,3.7,0.0,0.0
2008216,1775,WALTON AVENUE,10453,205,Bronx,188,26,214,63,3.4,0.0,0.0
2008217,65,EAST 175 STREET,10453,205,Bronx,393,4,397,49,8.1,0.0,0.0
2008226,69,EAST 176 STREET,10453,205,Bronx,428,2,430,44,9.8,0.0,0.0
2008229,19,EAST 176 STREET,10453,205,Bronx,68,0,68,4,17.0,0.0,0.0
2008239,1881,WALTON AVENUE,10453,205,Bronx,353,0,353,35,10.1,0.0,0.0
2008361,1726,DAVIDSON AVENUE,10453,205,Bronx,325,10,335,74,4.5,0.0,0.0
2008396,2016,DAVIDSON AVENUE,10453,205,Bronx,64,3,67,19,3.5,0.0,0.0
2008413,1331,INWOOD AVENUE,10452,204,Bronx,37,0,37,3,12.3,0.0,0.0
2008442,24,WEST 174 STREET,10453,205,Bronx,32,0,32,9,3.6,0.0,0.0
2008447,1630,MACOMBS ROAD,10453,205,Bronx,111,5,116,52,2.2,0.0,0.0
2008451,1631,GRAND AVENUE,10453,205,Bronx,132,4,136,42,3.2,0.0,0.0
2008494,1692,GRAND AVENUE,10453,205,Bronx,40,0,40,5,8.0,0.0,0.0
2008550,1962,UNIVERSITY AVENUE,10453,205,Bronx,47,2,49,11,4.5,0.0,0.0
2008552,1970,UNIVERSITY AVENUE,10453,205,Bronx,77,2,79,21,3.8,0.0,0.0
2008593,1864,HARRISON AVENUE,10453,205,Bronx,28,0,28,9,3.1,0.0,0.0
2008611,2015,GRAND AVENUE,10453,205,Bronx,206,4,210,31,6.8,0.0,0.0
2008620,1971,GRAND AVENUE,10453,205,Bronx,258,0,258,39,6.6,0.0,0.0
2008671,1432,SHAKESPEARE AVENUE,10452,204,Bronx,111,1,112,4,28.0,0.0,0.0
2008701,1584,JESUP AVENUE,10452,205,Bronx,34,1,35,9,3.9,0.0,0.0
2008704,1540,JESUP AVENUE,10452,204,Bronx,32,0,32,4,8.0,0.0,0.0
2008721,1601,MACOMBS ROAD,10452,205,Bronx,103,3,106,53,2.0,0.0,0.0
2008779,1525,NELSON AVENUE,10452,205,Bronx,102,0,102,26,3.9,0.0,0.0
2008839,1713,NELSON AVENUE,10453,205,Bronx,216,11,227,49,4.6,0.0,0.0
2008846,1672,NELSON AVENUE,10453,205,Bronx,27,0,27,3,9.0,0.0,0.0
2008859,71,WEST 174 STREET,10453,205,Bronx,16,0,16,5,3.2,0.0,0.0
2008862,81,WEST 174 STREET,10453,205,Bronx,69,1,70,3,23.3,0.0,0.0
2008869,1641,NELSON AVENUE,10453,205,Bronx,12,4,16,5,3.2,0.0,0.0
2008870,1639,NELSON AVENUE,10453,205,Bronx,15,0,15,5,3.0,0.0,0.0
2008871,1637,NELSON AVENUE,10453,205,Bronx,37,0,37,6,6.2,0.0,0.0
2008926,1710,POPHAM AVENUE,10453,205,Bronx,69,5,74,37,2.0,0.0,0.0
2008928,1730,POPHAM AVENUE,10453,205,Bronx,101,10,111,36,3.1,0.0,0.0
2008935,1764,POPHAM AVENUE,10453,205,Bronx,30,0,30,6,5.0,0.0,0.0
2008964,226,WEST TREMONT AVENUE,10453,205,Bronx,95,5,100,49,2.0,0.0,0.0
2008975,1812,PALISADE PLACE,10453,205,Bronx,11,4,15,3,5.0,0.0,0.0
2008985,135,WEST 175 STREET,10453,205,Bronx,300,2,302,39,7.7,0.0,0.0
2009011,1705,ANDREWS AVENUE,10453,205,Bronx,343,9,352,66,5.3,0.0,0.0
2009042,1852,ANDREWS AVENUE,10453,205,Bronx,11,0,11,3,3.7,0.0,0.0
2009098,1815,UNIVERSITY AVENUE,10453,205,Bronx,146,3,149,26,5.7,0.0,0.0
2009099,1805,UNIVERSITY AVENUE,10453,205,Bronx,252,1,253,26,9.7,0.0,0.0
2009105,1883,BILLINGSLEY TERRACE,10453,205,Bronx,37,0,37,3,12.3,0.0,0.0
2009149,1898,BILLINGSLEY TERRACE,10453,205,Bronx,89,6,95,26,3.7,0.0,0.0
2009158,1809,PHELAN PLACE,10453,205,Bronx,132,0,132,23,5.7,0.0,0.0
2009226,1808,CEDAR AVENUE,10453,205,Bronx,109,0,109,36,3.0,0.0,0.0
2009251,1839,SEDGWICK AVENUE,10453,205,Bronx,67,0,67,7,9.6,0.0,0.0
2009259,1304,CLAY AVENUE,10456,204,Bronx,12,0,12,3,4.0,0.0,0.0
2009266,1324,CLAY AVENUE,10456,204,Bronx,32,0,32,3,10.7,0.0,0.0
2009276,1356,CLAY AVENUE,10456,204,Bronx,15,1,16,3,5.3,0.0,0.0
2009295,1398,CLAY AVENUE,10456,204,Bronx,231,8,239,25,9.6,0.0,0.0
2009296,1402,CLAY AVENUE,10456,204,Bronx,190,2,192,29,6.6,0.0,0.0
2009304,1361,WEBSTER AVENUE,10456,204,Bronx,40,0,40,8,5.0,0.0,0.0
2009330,1702,CLAY AVENUE,10457,204,Bronx,243,0,243,26,9.3,0.0,0.0
2009331,1705,ANTHONY AVENUE,10457,204,Bronx,66,1,67,21,3.2,0.0,0.0
2009335,1704,ANTHONY AVENUE,10457,204,Bronx,28,6,34,4,8.5,0.0,0.0
2009359,1812,CLAY AVENUE,10457,205,Bronx,130,0,130,22,5.9,0.0,0.0
2009360,1818,CLAY AVENUE,10457,205,Bronx,86,3,89,24,3.7,0.0,0.0
2009410,410,EAST 173 STREET,10457,203,Bronx,25,0,25,6,4.2,0.0,0.0
2009418,415,CLAREMONT PARKWAY,10457,203,Bronx,65,3,68,18,3.8,0.0,0.0
2009424,4031,PARK AVENUE,10457,203,Bronx,58,0,58,11,5.3,0.0,0.0
2009434,404,EAST 175 STREET,10457,206,Bronx,31,1,32,9,3.6,0.0,0.0
2009472,3890,PARK AVENUE,10457,203,Bronx,79,0,79,15,5.3,0.0,0.0
2009543,481,EAST 171 STREET,10457,203,Bronx,44,0,44,14,3.1,0.0,0.0
2009544,1514,WASHINGTON AVENUE,10457,203,Bronx,44,0,44,11,4.0,0.0,0.0
2009562,1824,WASHINGTON AVENUE,10457,206,Bronx,27,2,29,8,3.6,0.0,0.0
2009599,501,EAST 176 STREET,10457,206,Bronx,54,2,56,6,9.3,0.0,0.0
2009625,3716,3 AVENUE,10456,203,Bronx,185,8,193,41,4.7,0.0,0.0
2009742,639,EAST 169 STREET,10456,203,Bronx,51,0,51,14,3.6,0.0,0.0
2009771,644,EAST 170 STREET,10456,203,Bronx,35,0,35,9,3.9,0.0,0.0
2009783,1397,CROTONA AVENUE,10456,203,Bronx,11,0,11,3,3.7,0.0,0.0
2009793,665,JEFFERSON PLACE,10456,203,Bronx,0,16,16,3,5.3,0.0,0.0
2009803,1428,FRANKLIN AVENUE,10456,203,Bronx,48,0,48,8,6.0,0.0,0.0
2009824,672,CROTONA PARK SOUTH,10456,203,Bronx,56,0,56,8,7.0,0.0,0.0
2009825,1451,PROSPECT AVENUE,10456,203,Bronx,295,4,299,22,13.6,0.0,0.0
2009831,1431,PROSPECT AVENUE,10456,203,Bronx,82,3,85,9,9.4,0.0,0.0
2009834,689,EAST 170 STREET,10456,203,Bronx,10,0,10,3,3.3,0.0,0.0
2009839,1404,CROTONA PARK EAST,10460,203,Bronx,41,1,42,3,14.0,0.0,0.0
2009841,1414,CROTONA PARK EAST,10460,203,Bronx,18,0,18,3,6.0,0.0,0.0
2009870,1660,CROTONA PARK EAST,10460,203,Bronx,355,3,358,67,5.3,0.0,0.0
2009917,710,EAST 175 STREET,10457,206,Bronx,253,1,254,8,31.8,0.0,0.0
2009923,1795,CLINTON AVENUE,10457,206,Bronx,75,0,75,24,3.1,0.0,0.0
2009949,701,EAST 175 STREET,10457,206,Bronx,106,1,107,20,5.3,0.0,0.0
2009952,1818,CLINTON AVENUE,10457,206,Bronx,25,0,25,3,8.3,0.0,0.0
2009966,1904,CROTONA AVENUE,10457,206,Bronx,81,0,81,8,10.1,0.0,0.0
2009969,1916,CROTONA AVENUE,10457,206,Bronx,35,5,40,8,5.0,0.0,0.0
2010006,1790,PROSPECT AVENUE,10457,206,Bronx,69,4,73,4,18.3,0.0,0.0
2010014,765,EAST 175 STREET,10460,206,Bronx,93,6,99,49,2.0,0.0,0.0
2010031,1912,PROSPECT AVENUE,10457,206,Bronx,232,0,232,21,11.0,0.0,0.0
2010049,805,FAIRMOUNT PLACE,10460,206,Bronx,131,1,132,35,3.8,0.0,0.0
2010050,793,FAIRMOUNT PLACE,10460,206,Bronx,385,3,388,26,14.9,0.0,0.0
2010091,887,CROTONA PARK NORTH,10460,206,Bronx,98,6,104,30,3.5,0.0,0.0
2010103,870,EAST 175 STREET,10460,206,Bronx,61,1,62,19,3.3,0.0,0.0
2010159,1951,SOUTHERN BOULEVARD,10460,206,Bronx,82,0,82,16,5.1,0.0,0.0
2010167,771,EAST 169 STREET,10456,203,Bronx,17,0,17,3,5.7,0.0,0.0
2010169,757,EAST 169 STREET,10456,203,Bronx,107,0,107,25,4.3,0.0,0.0
2010175,1295,UNION AVENUE,10459,203,Bronx,53,0,53,12,4.4,0.0,0.0
2010187,1374,BOSTON ROAD,10456,203,Bronx,88,1,89,14,6.4,0.0,0.0
2010188,1378,BOSTON ROAD,10456,203,Bronx,53,4,57,14,4.1,0.0,0.0
2010189,1384,BOSTON ROAD,10456,203,Bronx,103,1,104,14,7.4,0.0,0.0
2010197,1426,BOSTON ROAD,10456,203,Bronx,35,20,55,15,3.7,0.0,0.0
2010200,1417,PROSPECT AVENUE,10459,203,Bronx,152,5,157,21,7.5,0.0,0.0
2010201,1413,PROSPECT AVENUE,10459,203,Bronx,78,4,82,21,3.9,0.0,0.0
2010207,741,JENNINGS STREET,10459,203,Bronx,85,0,85,15,5.7,0.0,0.0
2010229,797,JENNINGS STREET,10459,203,Bronx,55,0,55,3,18.3,0.0,0.0
2010247,1384,BRISTOW STREET,10459,203,Bronx,107,1,108,21,5.1,0.0,0.0
2010278,1500,BOSTON ROAD,10460,203,Bronx,78,0,78,39,2.0,0.0,0.0
2010300,1555,SEABURY PLACE,10460,203,Bronx,169,47,216,50,4.3,0.0,0.0
2010320,1272,UNION AVENUE,10459,203,Bronx,125,0,125,26,4.8,0.0,0.0
2010347,851,EAST 169 STREET,10459,203,Bronx,45,0,45,10,4.5,0.0,0.0
2010348,1338,PROSPECT AVENUE,10459,203,Bronx,49,0,49,3,16.3,0.0,0.0
2010353,1348,PROSPECT AVENUE,10459,203,Bronx,10,0,10,3,3.3,0.0,0.0
2010358,820,FREEMAN STREET,10459,203,Bronx,10,3,13,3,4.3,0.0,0.0
2010376,848,FREEMAN STREET,10459,203,Bronx,20,1,21,3,7.0,0.0,0.0
2010423,1330,CHISHOLM STREET,10459,203,Bronx,41,5,46,3,15.3,0.0,0.0
2010424,1332,CHISHOLM STREET,10459,203,Bronx,12,0,12,3,4.0,0.0,0.0
2010450,1302,STEBBINS AVENUE,10459,203,Bronx,283,2,285,8,35.6,0.0,0.0
2010454,870,FREEMAN STREET,10459,203,Bronx,78,4,82,36,2.3,0.0,0.0
2010455,1226,INTERVALE AVENUE,10459,203,Bronx,5,5,10,3,3.3,0.0,0.0
2010476,918,FREEMAN STREET,10459,203,Bronx,109,0,109,10,10.9,0.0,0.0
2010492,1343,SOUTHERN BOULEVARD,10459,203,Bronx,168,1,169,50,3.4,0.0,0.0
2010493,1327,SOUTHERN BOULEVARD,10459,203,Bronx,196,0,196,56,3.5,0.0,0.0
2010511,1550,MINFORD PLACE,10460,203,Bronx,144,0,144,8,18.0,0.0,0.0
2010531,1208,SOUTHERN BOULEVARD,10459,203,Bronx,213,2,215,23,9.3,0.0,0.0
2010536,1228,SOUTHERN BOULEVARD,10459,203,Bronx,35,1,36,8,4.5,0.0,0.0
2010537,1230,SOUTHERN BOULEVARD,10459,203,Bronx,95,0,95,8,11.9,0.0,0.0
2010568,1460,SOUTHERN BOULEVARD,10460,203,Bronx,102,3,105,5,21.0,0.0,0.0
2010574,936,EAST 172 STREET,10460,203,Bronx,64,0,64,10,6.4,0.0,0.0
2010594,932,EAST 173 STREET,10460,203,Bronx,50,4,54,18,3.0,0.0,0.0
2010598,937,EAST 172 STREET,10460,203,Bronx,33,4,37,10,3.7,0.0,0.0
2010617,1890,CROTONA PARKWAY,10460,206,Bronx,365,0,365,39,9.4,0.0,0.0
2010641,1300,HOE AVENUE,10459,203,Bronx,114,0,114,21,5.4,0.0,0.0
2010656,1563,VYSE AVENUE,10460,203,Bronx,25,0,25,3,8.3,0.0,0.0
2010667,1529,VYSE AVENUE,10460,203,Bronx,16,0,16,3,5.3,0.0,0.0
2010690,1892,DALY AVENUE,10460,206,Bronx,79,0,79,9,8.8,0.0,0.0
2010698,1932,DALY AVENUE,10460,206,Bronx,14,0,14,4,3.5,0.0,0.0
2010756,1490,VYSE AVENUE,10460,203,Bronx,63,0,63,4,15.8,0.0,0.0
2010759,1511,BRYANT AVENUE,10460,203,Bronx,35,0,35,3,11.7,0.0,0.0
2010770,1485,BRYANT AVENUE,10460,203,Bronx,29,1,30,3,10.0,0.0,0.0
2010771,1481,BRYANT AVENUE,10460,203,Bronx,10,0,10,3,3.3,0.0,0.0
2010775,1459,BRYANT AVENUE,10460,203,Bronx,13,0,13,3,4.3,0.0,0.0
2010781,1455A,BRYANT AVENUE,10460,203,Bronx,0,17,17,3,5.7,0.0,0.0
2010782,1522,VYSE AVENUE,10460,203,Bronx,70,0,70,21,3.3,0.0,0.0
2010788,1566,VYSE AVENUE,10460,203,Bronx,61,0,61,20,3.0,0.0,0.0
2010821,1442,BRYANT AVENUE,10459,203,Bronx,16,2,18,3,6.0,0.0,0.0
2010823,1448,BRYANT AVENUE,10459,203,Bronx,15,9,24,3,8.0,0.0,0.0
2010842,1460,BRYANT AVENUE,10460,203,Bronx,75,0,75,3,25.0,0.0,0.0
2010846,1472,BRYANT AVENUE,10460,203,Bronx,20,0,20,3,6.7,0.0,0.0
2010847,1474,BRYANT AVENUE,10460,203,Bronx,77,4,81,3,27.0,0.0,0.0
2010854,1494,BRYANT AVENUE,10460,203,Bronx,31,1,32,3,10.7,0.0,0.0
2010870,1522,BRYANT AVENUE,10460,203,Bronx,38,1,39,11,3.5,0.0,0.0
2010877,1554,BRYANT AVENUE,10460,203,Bronx,11,3,14,3,4.7,0.0,0.0
2010880,1552,BRYANT AVENUE,10460,203,Bronx,38,3,41,3,13.7,0.0,0.0
2010894,1002,EAST TREMONT AVENUE,10460,206,Bronx,271,2,273,31,8.8,0.0,0.0
2010979,2364,TIEBOUT AVENUE,10458,205,Bronx,164,0,164,71,2.3,0.0,0.0
2011002,2486,TIEBOUT AVENUE,10458,205,Bronx,48,0,48,8,6.0,0.0,0.0
2011003,2490,TIEBOUT AVENUE,10458,205,Bronx,100,0,100,30,3.3,0.0,0.0
2011050,311,EAST 188 STREET,10458,205,Bronx,72,6,78,11,7.1,0.0,0.0
2011052,303,EAST 188 STREET,10458,205,Bronx,66,1,67,11,6.1,0.0,0.0
2011065,361,EAST 188 STREET,10458,205,Bronx,247,0,247,26,9.5,0.0,0.0
2011078,375,EAST 188 STREET,10458,205,Bronx,443,1,444,46,9.7,0.0,0.0
2011118,2092,WEBSTER AVENUE,10457,206,Bronx,18,0,18,3,6.0,0.0,0.0
2011171,2272,WEBSTER AVENUE,10457,206,Bronx,18,0,18,6,3.0,0.0,0.0
2011195,2376,WEBSTER AVENUE,10458,206,Bronx,29,0,29,8,3.6,0.0,0.0
2011198,2382,WEBSTER AVENUE,10458,206,Bronx,48,2,50,8,6.3,0.0,0.0
2011199,2384,WEBSTER AVENUE,10458,206,Bronx,39,0,39,8,4.9,0.0,0.0
2011203,416,EAST 187 STREET,10458,206,Bronx,257,1,258,12,21.5,0.0,0.0
2011209,4611,PARK AVENUE,10458,206,Bronx,51,0,51,8,6.4,0.0,0.0
2011215,2406,WEBSTER AVENUE,10458,206,Bronx,107,0,107,8,13.4,0.0,0.0
2011216,2408,WEBSTER AVENUE,10458,206,Bronx,117,1,118,8,14.8,0.0,0.0
2011218,2416,WEBSTER AVENUE,10458,206,Bronx,92,0,92,8,11.5,0.0,0.0
2011219,2420,WEBSTER AVENUE,10458,206,Bronx,115,3,118,8,14.8,0.0,0.0
2011230,4673,PARK AVENUE,10458,206,Bronx,26,1,27,9,3.0,0.0,0.0
2011261,446,EAST  179 STREET,10457,206,Bronx,63,1,64,8,8.0,0.0,0.0
2011275,4354,PARK AVENUE,10457,206,Bronx,11,0,11,3,3.7,0.0,0.0
2011285,2041,WASHINGTON AVENUE,10457,206,Bronx,40,0,40,3,13.3,0.0,0.0
2011312,4464,PARK AVENUE,10457,206,Bronx,72,0,72,13,5.5,0.0,0.0
2011324,2179,WASHINGTON AVENUE,10457,206,Bronx,540,1,541,34,15.9,0.0,0.0
2011326,2141,WASHINGTON AVENUE,10457,206,Bronx,72,1,73,3,24.3,0.0,0.0
2011381,2357,WASHINGTON AVENUE,10458,206,Bronx,207,2,209,12,17.4,0.0,0.0
2011388,459,EAST 185 STREET,10458,206,Bronx,14,0,14,3,4.7,0.0,0.0
2011392,444,EAST 187 STREET,10458,206,Bronx,121,0,121,28,4.3,0.0,0.0
2011400,2383,WASHINGTON AVENUE,10458,206,Bronx,113,0,113,24,4.7,0.0,0.0
2011404,441,EAST 187 STREET,10458,206,Bronx,359,3,362,18,20.1,0.0,0.0
2011405,4678,PARK AVENUE,10458,206,Bronx,36,0,36,8,4.5,0.0,0.0
2011415,457,EAST 187 STREET,10458,206,Bronx,195,2,197,47,4.2,0.0,0.0
2011445,495,EAST 178 STREET,10457,206,Bronx,137,1,138,55,2.5,0.0,0.0
2011471,2028,WASHINGTON AVENUE,10457,206,Bronx,133,3,136,34,4.0,0.0,0.0
2011495,485,EAST 180 STREET,10457,206,Bronx,84,0,84,20,4.2,0.0,0.0
2011503,490,EAST 181 STREET,10457,206,Bronx,107,0,107,24,4.5,0.0,0.0
2011528,546,EAST 182 STREET,10457,206,Bronx,143,1,144,25,5.8,0.0,0.0
2011545,2235,BASSFORD AVENUE,10457,206,Bronx,166,0,166,32,5.2,0.0,0.0
2011547,2268,WASHINGTON AVENUE,10457,206,Bronx,256,0,256,20,12.8,0.0,0.0
2011548,2270,WASHINGTON AVENUE,10457,206,Bronx,66,0,66,20,3.3,0.0,0.0
2011602,4533,3 AVENUE,10458,206,Bronx,32,1,33,8,4.1,0.0,0.0
2011622,505,EAST 184 STREET,10458,206,Bronx,165,3,168,31,5.4,0.0,0.0
2011630,2330,WASHINGTON AVENUE,10458,206,Bronx,66,0,66,20,3.3,0.0,0.0
2011631,2334,WASHINGTON AVENUE,10458,206,Bronx,262,0,262,31,8.5,0.0,0.0
2011649,2344,LORILLARD PLACE,10458,206,Bronx,106,1,107,3,35.7,0.0,0.0
2011651,2348,LORILLARD PLACE,10458,206,Bronx,18,0,18,3,6.0,0.0,0.0
2011654,2360,LORILLARD PLACE,10458,206,Bronx,16,1,17,3,5.7,0.0,0.0
2011749,533,EAST 187 STREET,10458,206,Bronx,21,0,21,3,7.0,0.0,0.0
2011753,480,EAST 188 STREET,10458,206,Bronx,362,26,388,169,2.3,0.0,0.0
2011767,523,EAST 187 STREET,10458,206,Bronx,18,0,18,3,6.0,0.0,0.0
2011769,519,EAST 187 STREET,10458,206,Bronx,6,4,10,3,3.3,0.0,0.0
2011770,517,EAST 187 STREET,10458,206,Bronx,17,0,17,3,5.7,0.0,0.0
2011773,490,EAST 189 STREET,10458,206,Bronx,113,0,113,30,3.8,0.0,0.0
2011792,550,EAST 189 STREET,10458,206,Bronx,61,1,62,17,3.6,0.0,0.0
2011819,2500,BATHGATE AVENUE,10458,206,Bronx,24,0,24,6,4.0,0.0,0.0
2011853,553,EAST 180 STREET,10457,206,Bronx,72,0,72,24,3.0,0.0,0.0
2011891,2384,HOFFMAN STREET,10458,206,Bronx,25,0,25,8,3.1,0.0,0.0
2011977,601,EAST 178 STREET,10457,206,Bronx,77,0,77,21,3.7,0.0,0.0
2011981,2004,ARTHUR AVENUE,10457,206,Bronx,9,0,9,3,3.0,0.0,0.0
2011983,1997,HUGHES AVENUE,10457,206,Bronx,210,0,210,75,2.8,0.0,0.0
2011989,620,EAST 178 STREET,10457,206,Bronx,224,4,228,47,4.9,0.0,0.0
2012006,2070,ARTHUR AVENUE,10457,206,Bronx,144,2,146,27,5.4,0.0,0.0
2012007,2074,ARTHUR AVENUE,10457,206,Bronx,93,0,93,27,3.4,0.0,0.0
2012018,2031,HUGHES AVENUE,10457,206,Bronx,172,1,173,54,3.2,0.0,0.0
2012021,2025,HUGHES AVENUE,10457,206,Bronx,24,8,32,3,10.7,0.0,0.0
2012023,2019,HUGHES AVENUE,10457,206,Bronx,136,0,136,8,17.0,0.0,0.0
2012081,611,EAST 182 STREET,10457,206,Bronx,126,0,126,27,4.7,0.0,0.0
2012092,624,EAST 183 STREET,10458,206,Bronx,42,0,42,6,7.0,0.0,0.0
2012099,2253,HUGHES AVENUE,10457,206,Bronx,13,0,13,3,4.3,0.0,0.0
2012145,2371,HUGHES AVENUE,10458,206,Bronx,35,1,36,9,4.0,0.0,0.0
2012150,2334,HUGHES AVENUE,10458,206,Bronx,53,3,56,16,3.5,0.0,0.0
2012153,632,EAST 186 STREET,10458,206,Bronx,78,0,78,19,4.1,0.0,0.0
2012178,2414,BELMONT AVENUE,10458,206,Bronx,124,0,124,31,4.0,0.0,0.0
2012208,667,EAST 187 STREET,10458,206,Bronx,75,0,75,20,3.8,0.0,0.0
2012297,1980,BELMONT AVENUE,10457,206,Bronx,18,0,18,3,6.0,0.0,0.0
2012300,1986,BELMONT AVENUE,10457,206,Bronx,132,0,132,3,44.0,0.0,0.0
2012308,676,EAST 179 STREET,10457,206,Bronx,44,0,44,8,5.5,0.0,0.0
2012316,2082,HUGHES AVENUE,10457,206,Bronx,149,1,150,28,5.4,0.0,0.0
2012341,670,EAST 180 STREET,10457,206,Bronx,14,0,14,3,4.7,0.0,0.0
2012342,672,EAST 180 STREET,10457,206,Bronx,15,10,25,3,8.3,0.0,0.0
2012355,2112,HUGHES AVENUE,10457,206,Bronx,20,0,20,3,6.7,0.0,0.0
2012357,2113,BELMONT AVENUE,10457,206,Bronx,25,2,27,9,3.0,0.0,0.0
2012381,2175,BELMONT AVENUE,10457,206,Bronx,36,1,37,9,4.1,0.0,0.0
2012389,2153,BELMONT AVENUE,10457,206,Bronx,34,0,34,3,11.3,0.0,0.0
2012534,2400,CAMBRELENG AVENUE,10458,206,Bronx,114,0,114,18,6.3,0.0,0.0
2012554,690,EAST 189 STREET,10458,206,Bronx,92,0,92,36,2.6,0.0,0.0
2012589,2472,CAMBRELENG AVENUE,10458,206,Bronx,54,0,54,5,10.8,0.0,0.0
2012591,2476,CAMBRELENG AVENUE,10458,206,Bronx,78,0,78,17,4.6,0.0,0.0
2012604,693,EAST 189 STREET,10458,206,Bronx,119,0,119,20,6.0,0.0,0.0
2012633,731,EAST 178 STREET,10457,206,Bronx,24,0,24,3,8.0,0.0,0.0
2012667,2068,CROTONA AVENUE,10457,206,Bronx,46,0,46,3,15.3,0.0,0.0
2012692,2104,CROTONA AVENUE,10457,206,Bronx,10,0,10,3,3.3,0.0,0.0
2012696,2120,CROTONA AVENUE,10457,206,Bronx,364,14,378,36,10.5,0.0,0.0
2012697,716,EAST  181 STREET,10457,206,Bronx,9,0,9,3,3.0,0.0,0.0
2012703,2117,CLINTON AVENUE,10457,206,Bronx,37,0,37,3,12.3,0.0,0.0
2012764,2162,CROTONA AVENUE,10457,206,Bronx,22,0,22,3,7.3,0.0,0.0
2012765,2164,CROTONA AVENUE,10457,206,Bronx,26,0,26,3,8.7,0.0,0.0
2012766,2166,CROTONA AVENUE,10457,206,Bronx,15,3,18,3,6.0,0.0,0.0
2012767,2168,CROTONA AVENUE,10457,206,Bronx,168,6,174,3,58.0,0.0,0.0
2012797,790,GROTE STREET,10460,206,Bronx,49,0,49,4,12.3,0.0,0.0
2012808,2284,BEAUMONT AVENUE,10457,206,Bronx,55,1,56,4,14.0,0.0,0.0
2012817,740,EAST 183 STREET,10458,206,Bronx,21,0,21,4,5.3,0.0,0.0
2012824,2308,CROTONA AVENUE,10458,206,Bronx,147,6,153,22,7.0,0.0,0.0
2012835,2364,CROTONA AVENUE,10458,206,Bronx,21,0,21,3,7.0,0.0,0.0
2012850,2307,PROSPECT AVENUE,10458,206,Bronx,54,0,54,4,13.5,0.0,0.0
2012855,739,EAST 183 STREET,10458,206,Bronx,28,0,28,9,3.1,0.0,0.0
2012861,2302,BEAUMONT AVENUE,10458,206,Bronx,97,4,101,13,7.8,0.0,0.0
2012864,2312,BEAUMONT AVENUE,10458,206,Bronx,63,1,64,6,10.7,0.0,0.0
2012877,2327,CROTONA AVENUE,10458,206,Bronx,48,0,48,9,5.3,0.0,0.0
2012878,2323,CROTONA AVENUE,10458,206,Bronx,75,1,76,9,8.4,0.0,0.0
2012890,2427,PROSPECT AVENUE,10458,206,Bronx,20,0,20,3,6.7,0.0,0.0
2012893,2415,PROSPECT AVENUE,10458,206,Bronx,87,0,87,27,3.2,0.0,0.0
2012900,2414,BEAUMONT AVENUE,10458,206,Bronx,60,0,60,16,3.8,0.0,0.0
2012912,2470,BEAUMONT AVENUE,10458,206,Bronx,214,1,215,12,17.9,0.0,0.0
2012920,2425,CROTONA AVENUE,10458,206,Bronx,105,13,118,5,23.6,0.0,0.0
2012926,2411,CROTONA AVENUE,10458,206,Bronx,33,0,33,4,8.3,0.0,0.0
2012927,2409,CROTONA AVENUE,10458,206,Bronx,91,0,91,9,10.1,0.0,0.0
2012931,2000,PROSPECT AVENUE,10457,206,Bronx,316,0,316,66,4.8,0.0,0.0
2012933,2009,MAPES AVENUE,10460,206,Bronx,41,0,41,6,6.8,0.0,0.0
2012949,817,EAST 178 STREET,10460,206,Bronx,221,0,221,36,6.1,0.0,0.0
2013000,2136,MAPES AVENUE,10460,206,Bronx,74,0,74,20,3.7,0.0,0.0
2013017,770,GARDEN STREET,10460,206,Bronx,140,0,140,52,2.7,0.0,0.0
2013026,771,GROTE STREET,10460,206,Bronx,28,0,28,9,3.1,0.0,0.0
2013028,2297,SOUTHERN BOULEVARD,10460,206,Bronx,13,0,13,3,4.3,0.0,0.0
2013043,2348,PROSPECT AVENUE,10458,206,Bronx,21,0,21,3,7.0,0.0,0.0
2013056,771,EAST 185 STREET,10460,206,Bronx,112,0,112,21,5.3,0.0,0.0
2013062,2420,PROSPECT AVENUE,10458,206,Bronx,123,1,124,52,2.4,0.0,0.0
2013064,2440,PROSPECT AVENUE,10458,206,Bronx,176,9,185,3,61.7,0.0,0.0
2013086,2433,SOUTHERN BOULEVARD,10458,206,Bronx,10,0,10,3,3.3,0.0,0.0
2013099,2116,CROTONA PARKWAY,10460,206,Bronx,107,0,107,23,4.7,0.0,0.0
2013100,2115,MOHEGAN AVENUE,10460,206,Bronx,142,0,142,25,5.7,0.0,0.0
2013169,2147,HONEYWELL AVENUE,10460,206,Bronx,309,1,310,31,10.0,0.0,0.0
2013177,2112,HONEYWELL AVENUE,10460,206,Bronx,193,1,194,11,17.6,0.0,0.0
2013178,2116,HONEYWELL AVENUE,10460,206,Bronx,38,0,38,11,3.5,0.0,0.0
2013183,2133,DALY AVENUE,10460,206,Bronx,106,0,106,38,2.8,0.0,0.0
2013208,943,EAST 179 STREET,10460,206,Bronx,33,0,33,9,3.7,0.0,0.0
2013227,2067,VYSE AVENUE,10460,206,Bronx,28,0,28,9,3.1,0.0,0.0
2013229,2114,DALY AVENUE,10460,206,Bronx,133,2,135,28,4.8,0.0,0.0
2013232,2115,VYSE AVENUE,10460,206,Bronx,60,1,61,20,3.0,0.0,0.0
2013252,2070,VYSE AVENUE,10460,206,Bronx,269,3,272,9,30.2,0.0,0.0
2013273,980,BRONX PARK SOUTH,10460,206,Bronx,12,0,12,4,3.0,0.0,0.0
2013285,2026,VALENTINE AVENUE,10457,205,Bronx,167,0,167,63,2.7,0.0,0.0
2013298,2051,WEBSTER AVENUE,10457,205,Bronx,308,2,310,29,10.7,0.0,0.0
2013304,2120,TIEBOUT AVENUE,10457,205,Bronx,162,0,162,76,2.1,0.0,0.0
2013309,2101,WEBSTER AVENUE,10457,205,Bronx,13,0,13,4,3.3,0.0,0.0
2013310,2099,WEBSTER AVENUE,10457,205,Bronx,31,1,32,8,4.0,0.0,0.0
2013318,363,EAST 180 STREET,10457,205,Bronx,47,0,47,9,5.2,0.0,0.0
2013330,386,EAST 184 STREET,10458,205,Bronx,71,0,71,3,23.7,0.0,0.0
2013331,384,EAST 184 STREET,10458,205,Bronx,13,0,13,4,3.3,0.0,0.0
2013334,2330,TIEBOUT AVENUE,10458,205,Bronx,90,1,91,21,4.3,0.0,0.0
2013375,301,EAST 181 STREET,10457,205,Bronx,154,3,157,61,2.6,0.0,0.0
2013405,304,EAST 183 STREET,10458,205,Bronx,62,1,63,16,3.9,0.0,0.0
2013407,312,EAST 183 STREET,10458,205,Bronx,85,3,88,16,5.5,0.0,0.0
2013408,314,EAST 183 STREET,10458,205,Bronx,38,0,38,11,3.5,0.0,0.0
2013409,2283,TIEBOUT AVENUE,10457,205,Bronx,65,1,66,16,4.1,0.0,0.0
2013411,2273,TIEBOUT AVENUE,10457,205,Bronx,77,0,77,16,4.8,0.0,0.0
2013427,2302,VALENTINE AVENUE,10458,205,Bronx,163,2,165,27,6.1,0.0,0.0
2013449,2386,VALENTINE AVENUE,10458,205,Bronx,16,0,16,3,5.3,0.0,0.0
2013454,2400,VALENTINE AVENUE,10458,205,Bronx,131,0,131,51,2.6,0.0,0.0
2013480,2489,TIEBOUT AVENUE,10458,205,Bronx,81,1,82,26,3.2,0.0,0.0
2013487,2024,RYER AVENUE,10457,205,Bronx,16,0,16,3,5.3,0.0,0.0
2013488,2026,RYER AVENUE,10457,205,Bronx,9,0,9,3,3.0,0.0,0.0
2013530,2092,RYER AVENUE,10457,205,Bronx,18,1,19,3,6.3,0.0,0.0
2013532,2098,RYER AVENUE,10457,205,Bronx,85,0,85,3,28.3,0.0,0.0
2013550,2145,VALENTINE AVENUE,10457,205,Bronx,105,2,107,25,4.3,0.0,0.0
2013558,2234,RYER AVENUE,10457,205,Bronx,67,0,67,21,3.2,0.0,0.0
2013559,2240,RYER AVENUE,10457,205,Bronx,80,0,80,21,3.8,0.0,0.0
2013563,265,EAST 182 STREET,10457,205,Bronx,82,3,85,25,3.4,0.0,0.0
2013564,2322,RYER AVENUE,10458,205,Bronx,63,1,64,21,3.0,0.0,0.0
2013567,2342,RYER AVENUE,10458,205,Bronx,343,0,343,31,11.1,0.0,0.0
2013576,2327,VALENTINE AVENUE,10458,205,Bronx,99,0,99,26,3.8,0.0,0.0
2013578,2380,RYER AVENUE,10458,205,Bronx,89,7,96,36,2.7,0.0,0.0
2013581,2385,VALENTINE AVENUE,10458,205,Bronx,134,1,135,46,2.9,0.0,0.0
2013582,261,EAST 184 STREET,10458,205,Bronx,409,7,416,28,14.9,0.0,0.0
2013612,2537,VALENTINE AVENUE,10458,207,Bronx,221,0,221,52,4.3,0.0,0.0
2013642,217,EAST BURNSIDE AVENUE,10457,205,Bronx,142,0,142,3,47.3,0.0,0.0
2013703,213,EAST 181 STREET,10457,205,Bronx,108,2,110,39,2.8,0.0,0.0
2013710,2205,RYER AVENUE,10457,205,Bronx,102,0,102,37,2.8,0.0,0.0
2013714,2183,RYER AVENUE,10457,205,Bronx,19,0,19,3,6.3,0.0,0.0
2013722,2254,GRAND CONCOURSE,10457,205,Bronx,78,7,85,10,8.5,0.0,0.0
2013745,2084,CRESTON AVENUE,10453,205,Bronx,138,0,138,52,2.7,0.0,0.0
2013773,2298,CRESTON AVENUE,10468,205,Bronx,114,0,114,31,3.7,0.0,0.0
2013792,2390,CRESTON AVENUE,10468,205,Bronx,129,0,129,20,6.5,0.0,0.0
2013817,2546,CRESTON AVENUE,10468,207,Bronx,52,0,52,11,4.7,0.0,0.0
2013848,2062,MORRIS AVENUE,10453,205,Bronx,11,0,11,3,3.7,0.0,0.0
2013885,2324,MORRIS AVENUE,10468,205,Bronx,179,0,179,42,4.3,0.0,0.0
2013886,108,FIELD PLACE,10468,205,Bronx,267,2,269,60,4.5,0.0,0.0
2013903,2396,MORRIS AVENUE,10468,205,Bronx,143,8,151,71,2.1,0.0,0.0
2013920,2486,MORRIS AVENUE,10468,207,Bronx,64,0,64,21,3.0,0.0,0.0
2013925,72,EAST 190 STREET,10468,207,Bronx,66,1,67,20,3.4,0.0,0.0
2013969,2160,WALTON AVENUE,10453,205,Bronx,491,0,491,48,10.2,0.0,0.0
2013990,2260,WALTON AVENUE,10453,205,Bronx,95,0,95,27,3.5,0.0,0.0
2013998,2255,MORRIS AVENUE,10453,205,Bronx,117,10,127,43,3.0,0.0,0.0
2014006,2352,WALTON AVENUE,10468,205,Bronx,96,0,96,26,3.7,0.0,0.0
2014025,2440,WALTON AVENUE,10468,205,Bronx,261,4,265,16,16.6,0.0,0.0
2014086,2357,WALTON AVENUE,10468,205,Bronx,133,1,134,44,3.0,0.0,0.0
2014145,2645,MORRIS AVENUE,10468,207,Bronx,136,0,136,31,4.4,0.0,0.0
2014156,2073,DAVIDSON AVENUE,10453,205,Bronx,115,1,116,32,3.6,0.0,0.0
2014195,10,WEST 182 STREET,10453,205,Bronx,125,0,125,46,2.7,0.0,0.0
2014205,2205,DAVIDSON AVENUE,10453,205,Bronx,597,16,613,49,12.5,0.0,0.0
2014206,17,WEST 182 STREET,10453,205,Bronx,160,2,162,65,2.5,0.0,0.0
2014214,38,WEST 183 STREET,10453,205,Bronx,84,0,84,26,3.2,0.0,0.0
2014217,31,BUCHANAN PLACE,10453,205,Bronx,17,0,17,3,5.7,0.0,0.0
2014233,2290,DAVIDSON AVENUE,10468,207,Bronx,498,8,506,55,9.2,0.0,0.0
2014260,2333,DAVIDSON AVENUE,10468,207,Bronx,31,2,33,11,3.0,0.0,0.0
2014265,2344,DAVIDSON AVENUE,10468,207,Bronx,545,20,565,60,9.4,0.0,0.0
2014283,2347,JEROME AVENUE,10468,207,Bronx,45,1,46,3,15.3,0.0,0.0
2014289,2366,DAVIDSON AVENUE,10468,207,Bronx,30,0,30,3,10.0,0.0,0.0
2014295,2380,GRAND AVENUE,10468,207,Bronx,68,0,68,21,3.2,0.0,0.0
2014330,2439,JEROME AVENUE,10468,207,Bronx,59,0,59,6,9.8,0.0,0.0
2014358,2490,DAVIDSON AVENUE,10468,207,Bronx,103,3,106,36,2.9,0.0,0.0
2014359,20,WEST 190 STREET,10468,207,Bronx,362,6,368,37,9.9,0.0,0.0
2014402,2615,JEROME AVENUE,10468,207,Bronx,88,0,88,26,3.4,0.0,0.0
2014403,2607,JEROME AVENUE,10468,207,Bronx,115,0,115,26,4.4,0.0,0.0
2014422,2473,DAVIDSON AVENUE,10468,207,Bronx,121,1,122,22,5.5,0.0,0.0
2014475,56,WEST  180 STREET,10453,205,Bronx,112,0,112,53,2.1,0.0,0.0
2014484,74,CLINTON PLACE,10453,205,Bronx,22,0,22,3,7.3,0.0,0.0
2014497,61,WEST 181 STREET,10453,205,Bronx,18,0,18,4,4.5,0.0,0.0
2014522,71,WEST 182 STREET,10453,205,Bronx,91,0,91,22,4.1,0.0,0.0
2014570,2055,HARRISON AVENUE,10453,205,Bronx,197,5,202,70,2.9,0.0,0.0
2014596,2294,UNIVERSITY AVENUE,10468,207,Bronx,91,0,91,27,3.4,0.0,0.0
2014603,2328,UNIVERSITY AVENUE,10468,207,Bronx,87,1,88,11,8.0,0.0,0.0
2014610,2352,UNIVERSITY AVENUE,10468,207,Bronx,131,2,133,9,14.8,0.0,0.0
2014618,55,WEST 184 STREET,10468,207,Bronx,158,0,158,27,5.9,0.0,0.0
2014626,2422,UNIVERSITY AVENUE,10468,207,Bronx,33,0,33,11,3.0,0.0,0.0
2014636,2455,GRAND AVENUE,10468,207,Bronx,130,0,130,36,3.6,0.0,0.0
2014641,2477,AQUEDUCT AVENUE,10468,207,Bronx,29,0,29,4,7.3,0.0,0.0
2014645,2497,GRAND AVENUE,10468,207,Bronx,405,4,409,37,11.1,0.0,0.0
2014646,2487,GRAND AVENUE,10468,207,Bronx,219,5,224,42,5.3,0.0,0.0
2014659,2529B,GRAND AVENUE,10468,207,Bronx,14,0,14,3,4.7,0.0,0.0
2014732,95,WEST 183 STREET,10453,207,Bronx,108,1,109,21,5.2,0.0,0.0
2014745,2305,UNIVERSITY AVENUE,10468,207,Bronx,143,9,152,54,2.8,0.0,0.0
2014747,2291,UNIVERSITY AVENUE,10468,207,Bronx,72,6,78,15,5.2,0.0,0.0
2014837,2500,WEBB AVENUE,10468,207,Bronx,249,4,253,58,4.4,0.0,0.0
2014848,2505,UNIVERSITY AVENUE,10468,207,Bronx,86,2,88,36,2.4,0.0,0.0
2014854,1920,LORING PLACE,10453,205,Bronx,38,0,38,11,3.5,0.0,0.0
2014892,1925,ANDREWS AVENUE,10453,205,Bronx,69,0,69,11,6.3,0.0,0.0
2014901,128,WEST 183 STREET,10453,207,Bronx,118,2,120,51,2.4,0.0,0.0
2014913,111,WEST 183 STREET,10453,207,Bronx,181,2,183,49,3.7,0.0,0.0
2014921,2277,ANDREWS AVENUE NORTH,10468,207,Bronx,98,2,100,49,2.0,0.0,0.0
2015029,1932,HENNESSY PLACE,10453,205,Bronx,40,0,40,5,8.0,0.0,0.0
2015045,1915,LORING PLACE,10453,205,Bronx,8,1,9,3,3.0,0.0,0.0
2015106,208,WEST FORDHAM ROAD,10468,207,Bronx,119,2,121,15,8.1,0.0,0.0
2015138,160,WEST KINGSBRIDGE ROAD,10463,207,Bronx,147,7,154,37,4.2,0.0,0.0
2015149,2603,SEDGWICK AVENUE,10468,207,Bronx,12,1,13,4,3.3,0.0,0.0
2015182,2695,HEATH AVENUE,10463,207,Bronx,84,7,91,25,3.6,0.0,0.0
2015291,2710,SEDGWICK AVENUE,10468,208,Bronx,363,1,364,98,3.7,0.0,0.0
2015296,2715,WEBB AVENUE,10468,208,Bronx,107,0,107,53,2.0,0.0,0.0
2015309,2763,RESERVOIR AVENUE,10468,208,Bronx,15,0,15,3,5.0,0.0,0.0
2015313,88,WEST 197 STREET,10468,208,Bronx,88,0,88,37,2.4,0.0,0.0
2015373,2776,SEDGWICK AVENUE,10468,208,Bronx,6,14,20,4,5.0,0.0,0.0
2015398,2848,SEDGWICK AVENUE,10468,208,Bronx,21,0,21,4,5.3,0.0,0.0
2015401,2849,WEBB AVENUE,10468,208,Bronx,131,0,131,28,4.7,0.0,0.0
2015404,2825,WEBB AVENUE,10468,208,Bronx,127,29,156,49,3.2,0.0,0.0
2015416,2844,WEBB AVENUE,10468,208,Bronx,117,2,119,57,2.1,0.0,0.0
2015418,2856,WEBB AVENUE,10468,208,Bronx,446,21,467,24,19.5,0.0,0.0
2015500,2701,SEDGWICK AVENUE,10468,208,Bronx,225,0,225,69,3.3,0.0,0.0
2015513,2750,KINGSBRIDGE TERRACE,10463,208,Bronx,85,1,86,9,9.6,0.0,0.0
2015699,2789,KINGSBRIDGE TERRACE,10463,208,Bronx,87,0,87,4,21.8,0.0,0.0
2015735,2865,KINGSBRIDGE TERRACE,10463,208,Bronx,304,5,309,104,3.0,0.0,0.0
2015736,3004,HEATH AVENUE,10463,208,Bronx,233,7,240,36,6.7,0.0,0.0
2015749,3030,HEATH AVENUE,10463,208,Bronx,209,8,217,27,8.0,0.0,0.0
2015863,3450,CANNON PLACE,10463,208,Bronx,32,0,32,10,3.2,0.0,0.0
2015929,3138,BAILEY AVENUE,10463,208,Bronx,125,0,125,47,2.7,0.0,0.0
2015936,3071,HEATH AVENUE,10463,208,Bronx,191,2,193,43,4.5,0.0,0.0
2015949,3306,BAILEY AVENUE,10463,208,Bronx,78,0,78,10,7.8,0.0,0.0
2015996,3477,FT INDEPENDENCE STREET,10463,208,Bronx,33,1,34,9,3.8,0.0,0.0
2016064,3840,ORLOFF AVENUE,10463,208,Bronx,162,14,176,57,3.1,0.0,0.0
2016213,3816,REVIEW PLACE,10463,208,Bronx,150,22,172,59,2.9,0.0,0.0
2016343,357,EAST 193 STREET,10458,207,Bronx,203,3,206,11,18.7,0.0,0.0
2016346,345,EAST  193 STREET,10458,207,Bronx,88,1,89,11,8.1,0.0,0.0
2016355,389,EAST 194 STREET,10458,207,Bronx,85,2,87,16,5.4,0.0,0.0
2016364,2656,DECATUR AVENUE,10458,207,Bronx,126,0,126,23,5.5,0.0,0.0
2016367,2676,DECATUR AVENUE,10458,207,Bronx,176,1,177,16,11.1,0.0,0.0
2016368,390,EAST  195 STREET,10458,207,Bronx,110,0,110,3,36.7,0.0,0.0
2016405,391,EAST 198 STREET,10458,207,Bronx,8,4,12,4,3.0,0.0,0.0
2016413,382,EAST 199 STREET,10458,207,Bronx,227,6,233,21,11.1,0.0,0.0
2016470,2654,MARION AVENUE,10458,207,Bronx,82,1,83,21,4.0,0.0,0.0
2016475,2676,MARION AVENUE,10458,207,Bronx,18,0,18,5,3.6,0.0,0.0
2016481,2665,DECATUR AVENUE,10458,207,Bronx,204,0,204,26,7.8,0.0,0.0
2016505,2711,DECATUR AVENUE,10458,207,Bronx,42,10,52,3,17.3,0.0,0.0
2016507,2707,DECATUR AVENUE,10458,207,Bronx,10,0,10,3,3.3,0.0,0.0
2016528,360,EAST  198 STREET,10458,207,Bronx,10,0,10,3,3.3,0.0,0.0
2016582,2965,DECATUR AVENUE,10458,207,Bronx,104,3,107,37,2.9,0.0,0.0
2016592,2572,BAINBRIDGE AVENUE,10458,207,Bronx,17,1,18,3,6.0,0.0,0.0
2016594,2576,BAINBRIDGE AVENUE,10458,207,Bronx,28,0,28,3,9.3,0.0,0.0
2016624,2710,BAINBRIDGE AVENUE,10458,207,Bronx,128,0,128,56,2.3,0.0,0.0
2016627,2732,BAINBRIDGE AVENUE,10458,207,Bronx,444,0,444,66,6.7,0.0,0.0
2016633,2705,MARION AVENUE,10458,207,Bronx,87,0,87,38,2.3,0.0,0.0
2016639,2677,MARION AVENUE,10458,207,Bronx,48,3,51,3,17.0,0.0,0.0
2016685,2795,MARION AVENUE,10458,207,Bronx,53,0,53,3,17.7,0.0,0.0
2016729,2775,POND PLACE,10458,207,Bronx,13,1,14,3,4.7,0.0,0.0
2016771,2969,PERRY AVENUE,10458,207,Bronx,12,0,12,3,4.0,0.0,0.0
2016795,2608,BRIGGS AVENUE,10458,207,Bronx,36,0,36,11,3.3,0.0,0.0
2016796,2616,BRIGGS AVENUE,10458,207,Bronx,38,1,39,11,3.5,0.0,0.0
2016797,260,EAST 194 STREET,10458,207,Bronx,72,1,73,16,4.6,0.0,0.0
2016820,253,EAST KINGSBRIDGE ROAD,10458,207,Bronx,63,1,64,11,5.8,0.0,0.0
2016825,240,EAST 194 STREET,10458,207,Bronx,125,0,125,49,2.6,0.0,0.0
2016847,2680,BRIGGS AVENUE,10458,207,Bronx,26,0,26,3,8.7,0.0,0.0
2016897,2846,BRIGGS AVENUE,10458,207,Bronx,48,0,48,16,3.0,0.0,0.0
2016991,275,EAST  201 STREET,10458,207,Bronx,127,1,128,61,2.1,0.0,0.0
2016995,2666,VALENTINE AVENUE,10458,207,Bronx,65,0,65,11,5.9,0.0,0.0
2016999,2682,VALENTINE AVENUE,10458,207,Bronx,37,0,37,11,3.4,0.0,0.0
2017003,2698,VALENTINE AVENUE,10458,207,Bronx,33,0,33,10,3.3,0.0,0.0
2017005,2710,VALENTINE AVENUE,10458,207,Bronx,225,5,230,37,6.2,0.0,0.0
2017006,2722,VALENTINE AVENUE,10458,207,Bronx,91,1,92,30,3.1,0.0,0.0
2017032,235,EAST 196 STREET,10458,207,Bronx,359,2,361,40,9.0,0.0,0.0
2017080,2872,VALENTINE AVENUE,10458,207,Bronx,16,0,16,3,5.3,0.0,0.0
2017083,2882,VALENTINE AVENUE,10458,207,Bronx,19,0,19,3,6.3,0.0,0.0
2017141,2754,GRAND CONCOURSE,10458,207,Bronx,364,2,366,67,5.5,0.0,0.0
2017142,2760,GRAND CONCOURSE,10458,207,Bronx,136,6,142,58,2.4,0.0,0.0
2017158,220,EAST 197 STREET,10458,207,Bronx,160,3,163,65,2.5,0.0,0.0
2017171,2866,GRAND CONCOURSE,10458,207,Bronx,21,0,21,5,4.2,0.0,0.0
2017179,2909,VALENTINE AVENUE,10458,207,Bronx,76,1,77,36,2.1,0.0,0.0
2017225,3001,VALENTINE AVENUE,10458,207,Bronx,74,2,76,37,2.1,0.0,0.0
2017269,234,EAST 204 STREET,10458,207,Bronx,113,8,121,5,24.2,0.0,0.0
2017324,3128,VILLA AVENUE,10468,207,Bronx,297,0,297,27,11.0,0.0,0.0
2017333,3176,VILLA AVENUE,10468,207,Bronx,27,0,27,7,3.9,0.0,0.0
2017350,172,EAST  205 STREET,10458,207,Bronx,30,0,30,3,10.0,0.0,0.0
2017372,174,EAST 206 STREET,10458,207,Bronx,59,1,60,8,7.5,0.0,0.0
2017382,203,EAST 205 STREET,10458,207,Bronx,46,2,48,3,16.0,0.0,0.0
2017387,185,EAST 205 STREET,10458,207,Bronx,16,0,16,5,3.2,0.0,0.0
2017425,104,EAST 196 STREET,10468,207,Bronx,85,1,86,23,3.7,0.0,0.0
2017464,2815,GRAND CONCOURSE,10468,207,Bronx,106,1,107,47,2.3,0.0,0.0
2017476,2710,MORRIS AVENUE,10468,207,Bronx,376,8,384,61,6.3,0.0,0.0
2017492,2705,MORRIS AVENUE,10468,207,Bronx,136,3,139,27,5.1,0.0,0.0
2017499,2776,JEROME AVENUE,10468,207,Bronx,129,15,144,66,2.2,0.0,0.0
2017513,2775,MORRIS AVENUE,10468,207,Bronx,110,3,113,49,2.3,0.0,0.0
2017576,2850,CRESTON AVENUE,10468,207,Bronx,110,1,111,29,3.8,0.0,0.0
2017618,15,EAST 199 STREET,10468,207,Bronx,126,1,127,31,4.1,0.0,0.0
2017621,222,BEDFORD PARK BOULEVARD,10458,207,Bronx,239,0,239,63,3.8,0.0,0.0
2017637,3081,VILLA AVENUE,10468,207,Bronx,150,2,152,68,2.2,0.0,0.0
2017644,3122,JEROME AVENUE,10468,207,Bronx,12,0,12,3,4.0,0.0,0.0
2017687,3450,GATES PLACE,10467,207,Bronx,169,2,171,43,4.0,0.0,0.0
2017753,25,EAST MOSHOLU PARKWAY NORTH,10467,207,Bronx,151,2,153,53,2.9,0.0,0.0
2017796,3561,DEKALB AVENUE,10467,207,Bronx,80,1,81,25,3.2,0.0,0.0
2017802,3514,ROCHAMBEAU AVENUE,10467,207,Bronx,138,0,138,45,3.1,0.0,0.0
2017835,3572,DEKALB AVENUE,10467,207,Bronx,187,3,190,70,2.7,0.0,0.0
2017838,3569,DEKALB AVENUE,10467,207,Bronx,163,0,163,54,3.0,0.0,0.0
2017870,3066,WEBSTER AVENUE,10467,207,Bronx,25,0,25,3,8.3,0.0,0.0
2017880,3044,DECATUR AVENUE,10467,207,Bronx,18,0,18,3,6.0,0.0,0.0
2017885,3080,DECATUR AVENUE,10467,207,Bronx,0,11,11,3,3.7,0.0,0.0
2017910,353,EAST MOSHOLU PARKWAY NORT,10467,207,Bronx,197,2,199,26,7.7,0.0,0.0
2017911,3038,HULL AVENUE,10467,207,Bronx,74,0,74,21,3.5,0.0,0.0
2017930,3079,DECATUR AVENUE,10467,207,Bronx,7,2,9,3,3.0,0.0,0.0
2017935,359,EAST MOSHOLU PARKWAY NORT,10467,207,Bronx,132,1,133,21,6.3,0.0,0.0
2017972,280,EAST 204 STREET,10467,207,Bronx,37,1,38,6,6.3,0.0,0.0
2017981,3047,PERRY AVENUE,10467,207,Bronx,40,0,40,3,13.3,0.0,0.0
2017983,201,EAST MOSHOLU PARKWAY NORTH,10467,207,Bronx,87,2,89,21,4.2,0.0,0.0
2017994,241,EAST MOSHOLU PARKWAY NORTH,10467,207,Bronx,104,0,104,49,2.1,0.0,0.0
2018102,282,EAST 205 STREET,10467,207,Bronx,18,1,19,6,3.2,0.0,0.0
2018120,312,EAST 206 STREET,10467,207,Bronx,148,0,148,60,2.5,0.0,0.0
2018175,239,EAST  207 STREET,10467,207,Bronx,33,0,33,11,3.0,0.0,0.0
2018217,281,RESERVOIR PLACE,10467,207,Bronx,11,0,11,3,3.7,0.0,0.0
2018223,3395,RESERVOIR OVAL,10467,207,Bronx,107,0,107,40,2.7,0.0,0.0
2018254,167,EAST GUN HILL ROAD,10467,207,Bronx,206,1,207,51,4.1,0.0,0.0
2018285,3534,TRYON AVENUE,10467,207,Bronx,16,0,16,4,4.0,0.0,0.0
2018381,3324,PERRY AVENUE,10467,207,Bronx,27,0,27,4,6.8,0.0,0.0
2018385,3336,PERRY AVENUE,10467,207,Bronx,139,3,142,27,5.3,0.0,0.0
2018394,3357,HULL AVENUE,10467,207,Bronx,22,0,22,3,7.3,0.0,0.0
2018474,344,EAST 209 STREET,10467,207,Bronx,108,0,108,32,3.4,0.0,0.0
2018499,3346,HULL AVENUE,10467,207,Bronx,101,0,101,50,2.0,0.0,0.0
2018607,3342,DECATUR AVENUE,10467,207,Bronx,26,0,26,3,8.7,0.0,0.0
2018855,67,EAST  236 STREET,10470,212,Bronx,45,0,45,7,6.4,0.0,0.0
2020133,259,UNDERHILL AVENUE,10473,209,Bronx,18,0,18,4,4.5,0.0,0.0
2020905,1888,LACOMBE AVENUE,10473,209,Bronx,13,1,14,4,3.5,0.0,0.0
2021462,553,SOUNDVIEW AVENUE,10473,209,Bronx,17,0,17,3,5.7,0.0,0.0
2021479,505,SOUNDVIEW AVENUE,10473,209,Bronx,39,0,39,4,9.8,0.0,0.0
2021522,529,UNDERHILL AVENUE,10473,209,Bronx,25,2,27,4,6.8,0.0,0.0
2021701,652,ROSEDALE AVENUE,10473,209,Bronx,10,0,10,3,3.3,0.0,0.0
2021745,636,COMMONWEALTH AVENUE,10473,209,Bronx,9,0,9,3,3.0,0.0,0.0
2021837,652,SOUNDVIEW AVENUE,10473,209,Bronx,20,1,21,7,3.0,0.0,0.0
2021854,630,TAYLOR AVENUE,10473,209,Bronx,65,2,67,3,22.3,0.0,0.0
2021979,737,NOBLE AVENUE,10473,209,Bronx,9,0,9,3,3.0,0.0,0.0
2021983,729,NOBLE AVENUE,10473,209,Bronx,9,0,9,3,3.0,0.0,0.0
2022061,737,COMMONWEALTH AVENUE,10473,209,Bronx,20,0,20,3,6.7,0.0,0.0
2022380,2109,VIRGIL PLACE,10473,209,Bronx,19,0,19,3,6.3,0.0,0.0
2022765,2055,HERMANY AVENUE,10473,209,Bronx,20,10,30,3,10.0,0.0,0.0
2023328,1085,COLGATE AVENUE,10472,209,Bronx,96,1,97,24,4.0,0.0,0.0
2023435,1041,ELDER AVENUE,10472,209,Bronx,64,1,65,5,13.0,0.0,0.0
2023436,1039,ELDER AVENUE,10472,209,Bronx,12,0,12,4,3.0,0.0,0.0
2023437,1037,ELDER AVENUE,10472,209,Bronx,103,0,103,5,20.6,0.0,0.0
2023440,1031,ELDER AVENUE,10472,209,Bronx,15,1,16,5,3.2,0.0,0.0
2023445,1015,BOYNTON AVENUE,10472,209,Bronx,143,6,149,70,2.1,0.0,0.0
2023458,1024,ELDER AVENUE,10472,209,Bronx,44,0,44,5,8.8,0.0,0.0
2023482,1020,BOYNTON AVENUE,10472,209,Bronx,170,12,182,66,2.8,0.0,0.0
2023483,1030,BOYNTON AVENUE,10472,209,Bronx,190,15,205,67,3.1,0.0,0.0
2023510,1019,WARD AVENUE,10472,209,Bronx,53,0,53,3,17.7,0.0,0.0
2023522,1040,WARD AVENUE,10472,209,Bronx,9,0,9,3,3.0,0.0,0.0
2023536,1055,MANOR AVENUE,10472,209,Bronx,15,0,15,4,3.8,0.0,0.0
2023538,1051,MANOR AVENUE,10472,209,Bronx,16,0,16,4,4.0,0.0,0.0
2023546,1035,MANOR AVENUE,10472,209,Bronx,97,8,105,4,26.3,0.0,0.0
2023552,1023,MANOR AVENUE,10472,209,Bronx,16,0,16,4,4.0,0.0,0.0
2023723,1173,COLGATE AVENUE,10472,209,Bronx,74,0,74,4,18.5,0.0,0.0
2023747,1121,COLGATE AVENUE,10472,209,Bronx,21,0,21,4,5.3,0.0,0.0
2023765,1165,EVERGREEN AVENUE,10472,209,Bronx,139,1,140,40,3.5,0.0,0.0
2023766,1155,EVERGREEN AVENUE,10472,209,Bronx,155,0,155,40,3.9,0.0,0.0
2023769,1125,EVERGREEN AVENUE,10472,209,Bronx,121,0,121,40,3.0,0.0,0.0
2023780,1163,WHEELER AVENUE,10472,209,Bronx,14,0,14,4,3.5,0.0,0.0
2023782,1159,WHEELER AVENUE,10472,209,Bronx,12,0,12,4,3.0,0.0,0.0
2023794,1133,WHEELER AVENUE,10472,209,Bronx,13,0,13,4,3.3,0.0,0.0
2023796,1129,WHEELER AVENUE,10472,209,Bronx,16,0,16,4,4.0,0.0,0.0
2023822,1144,WHEELER AVENUE,10472,209,Bronx,12,0,12,4,3.0,0.0,0.0
2023829,1158,WHEELER AVENUE,10472,209,Bronx,21,0,21,4,5.3,0.0,0.0
2023877,1117,BOYNTON AVENUE,10472,209,Bronx,18,1,19,4,4.8,0.0,0.0
2023878,1115,BOYNTON AVENUE,10472,209,Bronx,14,0,14,4,3.5,0.0,0.0
2023882,1107,BOYNTON AVENUE,10472,209,Bronx,18,0,18,4,4.5,0.0,0.0
2023885,1118,BOYNTON AVENUE,10472,209,Bronx,68,1,69,4,17.3,0.0,0.0
2023894,1136,BOYNTON AVENUE,10472,209,Bronx,30,0,30,4,7.5,0.0,0.0
2023949,1147,MANOR AVENUE,10472,209,Bronx,21,0,21,4,5.3,0.0,0.0
2023951,1143,MANOR AVENUE,10472,209,Bronx,40,0,40,4,10.0,0.0,0.0
2023961,1123,MANOR AVENUE,10472,209,Bronx,40,0,40,4,10.0,0.0,0.0
2023994,1149,STRATFORD AVENUE,10472,209,Bronx,155,0,155,70,2.2,0.0,0.0
2024051,1127,FTELEY AVENUE,10472,209,Bronx,58,0,58,4,14.5,0.0,0.0
2024052,1123,FTELEY AVENUE,10472,209,Bronx,29,1,30,4,7.5,0.0,0.0
2024053,1121,FTELEY AVENUE,10472,209,Bronx,27,1,28,4,7.0,0.0,0.0
2024067,1120,METCALF AVENUE,10472,209,Bronx,23,0,23,4,5.8,0.0,0.0
2024075,1136,METCALF AVENUE,10472,209,Bronx,22,0,22,6,3.7,0.0,0.0
2024108,1117,CROES AVENUE,10472,209,Bronx,14,0,14,4,3.5,0.0,0.0
2024110,1113,CROES AVENUE,10472,209,Bronx,27,1,28,4,7.0,0.0,0.0
2024137,1142,FTELEY AVENUE,10472,209,Bronx,19,0,19,4,4.8,0.0,0.0
2024141,1150,FTELEY AVENUE,10472,209,Bronx,16,4,20,4,5.0,0.0,0.0
2024167,1119,NOBLE AVENUE,10472,209,Bronx,15,0,15,4,3.8,0.0,0.0
2024237,1129,ST LAWRENCE AVENUE,10472,209,Bronx,137,0,137,25,5.5,0.0,0.0
2024266,1162,ST LAWRENCE AVENUE,10472,209,Bronx,54,0,54,8,6.8,0.0,0.0
2024500,1147,WHITE PLAINS ROAD,10472,209,Bronx,14,0,14,4,3.5,0.0,0.0
2024539,1144,WHITE PLAINS ROAD,10472,209,Bronx,72,0,72,4,18.0,0.0,0.0
2024561,1115,VIRGINIA AVENUE,10472,209,Bronx,150,3,153,5,30.6,0.0,0.0
2024613,1226,ROSEDALE AVENUE,10472,209,Bronx,22,1,23,5,4.6,0.0,0.0
2024644,1220,COMMONWEALTH AVENUE,10472,209,Bronx,37,0,37,4,9.3,0.0,0.0
2024660,1227,ST LAWRENCE AVENUE,10472,209,Bronx,21,0,21,3,7.0,0.0,0.0
2024702,1237,BEACH AVENUE,10472,209,Bronx,49,4,53,5,10.6,0.0,0.0
2024713,1813,GLEASON AVENUE,10472,209,Bronx,31,0,31,3,10.3,0.0,0.0
2024719,1210,BEACH AVENUE,10472,209,Bronx,36,0,36,3,12.0,0.0,0.0
2024785,1838,WESTCHESTER AVENUE,10472,209,Bronx,124,0,124,4,31.0,0.0,0.0
2024810,1849,GLEASON AVENUE,10472,209,Bronx,32,0,32,5,6.4,0.0,0.0
2024862,1230,LELAND AVENUE,10472,209,Bronx,106,0,106,49,2.2,0.0,0.0
2024949,1259,BRONX RIVER AVENUE,10472,209,Bronx,27,0,27,4,6.8,0.0,0.0
2024956,1245,BRONX RIVER AVENUE,10472,209,Bronx,42,2,44,4,11.0,0.0,0.0
2025050,1226,EVERGREEN AVENUE,10472,209,Bronx,85,1,86,11,7.8,0.0,0.0
2025056,1238,EVERGREEN AVENUE,10472,209,Bronx,49,2,51,4,12.8,0.0,0.0
2025095,1233,WHEELER AVENUE,10472,209,Bronx,10,0,10,3,3.3,0.0,0.0
2025102,1211,WHEELER AVENUE,10472,209,Bronx,43,0,43,11,3.9,0.0,0.0
2025148,1233,ELDER AVENUE,10472,209,Bronx,19,0,19,3,6.3,0.0,0.0
2025152,1215,ELDER AVENUE,10472,209,Bronx,40,0,40,11,3.6,0.0,0.0
2025154,1209,ELDER AVENUE,10472,209,Bronx,116,0,116,11,10.5,0.0,0.0
2025161,1533,WESTCHESTER AVENUE,10472,209,Bronx,36,2,38,10,3.8,0.0,0.0
2025162,1531,WESTCHESTER AVENUE,10472,209,Bronx,31,1,32,10,3.2,0.0,0.0
2025172,1234,ELDER AVENUE,10472,209,Bronx,18,1,19,4,4.8,0.0,0.0
2025256,1263,WARD AVENUE,10472,209,Bronx,12,0,12,3,4.0,0.0,0.0
2025270,1235,WARD AVENUE,10472,209,Bronx,14,0,14,3,4.7,0.0,0.0
2025272,1231,WARD AVENUE,10472,209,Bronx,6,5,11,3,3.7,0.0,0.0
2025337,1246,MANOR AVENUE,10472,209,Bronx,18,0,18,6,3.0,0.0,0.0
2025341,1254,MANOR AVENUE,10472,209,Bronx,68,5,73,6,12.2,0.0,0.0
2025346,1264,MANOR AVENUE,10472,209,Bronx,42,0,42,6,7.0,0.0,0.0
2025349,1255,STRATFORD AVENUE,10472,209,Bronx,176,8,184,70,2.6,0.0,0.0
2025350,1245,STRATFORD AVENUE,10472,209,Bronx,313,5,318,70,4.5,0.0,0.0
2025400,1233,HARROD AVENUE,10472,209,Bronx,27,0,27,4,6.8,0.0,0.0
2025406,1241,HARROD AVENUE,10472,209,Bronx,13,0,13,3,4.3,0.0,0.0
2025451,1266,FTELEY AVENUE,10472,209,Bronx,13,0,13,4,3.3,0.0,0.0
2025518,1271,NOBLE AVENUE,10472,209,Bronx,20,0,20,4,5.0,0.0,0.0
2025543,1256,NOBLE AVENUE,10472,209,Bronx,113,1,114,4,28.5,0.0,0.0
2025670,1969,CHATTERTON AVENUE,10472,209,Bronx,11,0,11,3,3.7,0.0,0.0
2025920,1958,CROSS BRONX EXPRESSWAY,10472,209,Bronx,51,0,51,3,17.0,0.0,0.0
2026109,2058,HAVILAND AVENUE,10472,209,Bronx,101,0,101,12,8.4,0.0,0.0
2026292,2124,CHATTERTON AVENUE,10472,209,Bronx,26,0,26,4,6.5,0.0,0.0
2026294,2128,CHATTERTON AVENUE,10472,209,Bronx,56,0,56,4,14.0,0.0,0.0
2026314,2167,BRUCKNER BOULEVARD,10472,209,Bronx,37,2,39,3,13.0,0.0,0.0
2026319,2147,BRUCKNER BOULEVARD,10472,209,Bronx,94,6,100,4,25.0,0.0,0.0
2026320,2145,BRUCKNER BOULEVARD,10472,209,Bronx,17,2,19,4,4.8,0.0,0.0
2026326,2133,BRUCKNER BOULEVARD,10472,209,Bronx,32,0,32,4,8.0,0.0,0.0
2026363,2139,CHATTERTON AVENUE,10472,209,Bronx,12,0,12,4,3.0,0.0,0.0
2026378,2100,WATSON AVENUE,10472,209,Bronx,17,2,19,3,6.3,0.0,0.0
2026520,2144,ELLIS AVENUE,10462,209,Bronx,41,1,42,3,14.0,0.0,0.0
2026721,2256,HAVILAND AVENUE,10462,209,Bronx,46,0,46,15,3.1,0.0,0.0
2026942,1273,HAVEMEYER AVENUE,10462,209,Bronx,54,0,54,4,13.5,0.0,0.0
2027023,2326,GLEASON AVENUE,10462,209,Bronx,34,0,34,4,8.5,0.0,0.0
2027043,2331,POWELL AVENUE,10462,209,Bronx,13,0,13,4,3.3,0.0,0.0
2027124,2333,ELLIS AVENUE,10462,209,Bronx,143,0,143,5,28.6,0.0,0.0
2027335,1361,BRONX RIVER AVENUE,10472,209,Bronx,18,0,18,3,6.0,0.0,0.0
2027365,1509,EAST 172 STREET,10472,209,Bronx,12,0,12,4,3.0,0.0,0.0
2027369,1310,WHEELER AVENUE,10472,209,Bronx,30,2,32,3,10.7,0.0,0.0
2027393,1319,ELDER AVENUE,10472,209,Bronx,145,1,146,3,48.7,0.0,0.0
2027497,1609,EAST  172 STREET,10472,209,Bronx,20,0,20,4,5.0,0.0,0.0
2027499,1605,EAST 172 STREET,10472,209,Bronx,56,2,58,4,14.5,0.0,0.0
2027502,1310,STRATFORD AVENUE,10472,209,Bronx,9,3,12,4,3.0,0.0,0.0
2027504,1314,STRATFORD AVENUE,10472,209,Bronx,92,0,92,4,23.0,0.0,0.0
2027506,1318,STRATFORD AVENUE,10472,209,Bronx,38,0,38,4,9.5,0.0,0.0
2027551,1357,HARROD AVENUE,10472,209,Bronx,11,0,11,3,3.7,0.0,0.0
2027571,1311,HARROD AVENUE,10472,209,Bronx,19,0,19,5,3.8,0.0,0.0
2027572,1309,HARROD AVENUE,10472,209,Bronx,24,0,24,5,4.8,0.0,0.0
2027690,1344,CROES AVENUE,10472,209,Bronx,19,0,19,3,6.3,0.0,0.0
2027730,1723,EAST 172 STREET,10472,209,Bronx,39,1,40,5,8.0,0.0,0.0
2027741,1332,NOBLE AVENUE,10472,209,Bronx,47,0,47,3,15.7,0.0,0.0
2027742,1336,NOBLE AVENUE,10472,209,Bronx,8,3,11,3,3.7,0.0,0.0
2027752,1360,NOBLE AVENUE,10472,209,Bronx,16,0,16,3,5.3,0.0,0.0
2027761,1361,ROSEDALE AVENUE,10472,209,Bronx,48,1,49,6,8.2,0.0,0.0
2027762,1359,ROSEDALE AVENUE,10472,209,Bronx,19,1,20,4,5.0,0.0,0.0
2027831,1324,COMMONWEALTH AVENUE,10472,209,Bronx,0,11,11,3,3.7,0.0,0.0
2027832,1326,COMMONWEALTH AVENUE,10472,209,Bronx,132,2,134,49,2.7,0.0,0.0
2027866,1302,ST LAWRENCE AVENUE,10472,209,Bronx,46,0,46,3,15.3,0.0,0.0
2027896,1339,BEACH AVENUE,10472,209,Bronx,12,0,12,4,3.0,0.0,0.0
2027903,1311,BEACH AVENUE,10472,209,Bronx,57,2,59,5,11.8,0.0,0.0
2027919,1353,TAYLOR AVENUE,10472,209,Bronx,29,0,29,5,5.8,0.0,0.0
2027944,1350,TAYLOR AVENUE,10472,209,Bronx,11,0,11,3,3.7,0.0,0.0
2027991,1327,LELAND AVENUE,10472,209,Bronx,13,0,13,3,4.3,0.0,0.0
2028036,1408,BRONX RIVER AVENUE,10472,209,Bronx,26,1,27,4,6.8,0.0,0.0
2028087,1431,CROES AVENUE,10472,209,Bronx,27,5,32,4,8.0,0.0,0.0
2028090,1425,CROES AVENUE,10472,209,Bronx,23,0,23,4,5.8,0.0,0.0
2028154,1744,MERRILL STREET,10460,209,Bronx,97,2,99,7,14.1,0.0,0.0
2028192,1440,ST LAWRENCE AVENUE,10460,209,Bronx,9,0,9,3,3.0,0.0,0.0
2028200,1443,BEACH AVENUE,10460,209,Bronx,13,0,13,4,3.3,0.0,0.0
2028270,1453,LELAND AVENUE,10460,209,Bronx,52,0,52,4,13.0,0.0,0.0
2028274,1445,LELAND AVENUE,10460,209,Bronx,9,4,13,4,3.3,0.0,0.0
2028281,1421,LELAND AVENUE,10460,209,Bronx,41,0,41,4,10.3,0.0,0.0
2028303,1450,LELAND AVENUE,10460,209,Bronx,12,4,16,4,4.0,0.0,0.0
2028308,1460,LELAND AVENUE,10460,209,Bronx,28,1,29,4,7.3,0.0,0.0
2028311,1466,LELAND AVENUE,10460,209,Bronx,20,0,20,4,5.0,0.0,0.0
2028342,1407,WHITE PLAINS ROAD,10462,209,Bronx,10,0,10,3,3.3,0.0,0.0
2028351,345,BRONX PARK AVENUE,10460,206,Bronx,45,1,46,15,3.1,0.0,0.0
2028424,1539,ROSEDALE AVENUE,10460,209,Bronx,12,0,12,3,4.0,0.0,0.0
2028427,1523,ROSEDALE AVENUE,10460,209,Bronx,26,1,27,3,9.0,0.0,0.0
2028439,1462,ROSEDALE AVENUE,10460,209,Bronx,25,0,25,3,8.3,0.0,0.0
2028506,1491,BEACH AVENUE,10460,209,Bronx,10,0,10,3,3.3,0.0,0.0
2028507,1489,BEACH AVENUE,10460,209,Bronx,89,0,89,5,17.8,0.0,0.0
2028526,1528,ROSEDALE AVENUE,10460,209,Bronx,10,0,10,3,3.3,0.0,0.0
2028527,1530,ROSEDALE AVENUE,10460,209,Bronx,23,0,23,3,7.7,0.0,0.0
2028592,1522,ST LAWRENCE AVENUE,10460,209,Bronx,18,23,41,4,10.3,0.0,0.0
2028630,1523,TAYLOR AVENUE,10460,209,Bronx,107,0,107,30,3.6,0.0,0.0
2028651,1543,LELAND AVENUE,10460,209,Bronx,33,0,33,3,11.0,0.0,0.0
2028918,1945,BENEDICT AVENUE,10462,209,Bronx,3,12,15,3,5.0,0.0,0.0
2041399,2216,LYON AVENUE,10462,210,Bronx,13,0,13,4,3.3,0.0,0.0
2041402,2224,LYON AVENUE,10462,210,Bronx,73,2,75,13,5.8,0.0,0.0
2041687,2360,ST RAYMOND AVENUE,10462,210,Bronx,23,1,24,6,4.0,0.0,0.0
2041703,1421,ROWLAND STREET,10461,210,Bronx,18,0,18,6,3.0,0.0,0.0
2041705,1417,ROWLAND STREET,10461,210,Bronx,32,0,32,6,5.3,0.0,0.0
2041846,1412,ST PETERS AVENUE,10461,210,Bronx,157,1,158,72,2.2,0.0,0.0
2041847,2512,TRATMAN AVENUE,10461,210,Bronx,771,3,774,62,12.5,0.0,0.0
2041895,2511,FRISBY AVENUE,10461,210,Bronx,88,5,93,46,2.0,0.0,0.0
2041999,1628,GLOVER STREET,10462,210,Bronx,8,1,9,3,3.0,0.0,0.0
2042039,1666,PARKER STREET,10462,210,Bronx,58,1,59,9,6.6,0.0,0.0
2042056,1711,ZEREGA AVENUE,10462,210,Bronx,94,5,99,4,24.8,0.0,0.0
2042241,2446,LYVERE STREET,10461,210,Bronx,162,0,162,38,4.3,0.0,0.0
2042251,1753,SEDDON STREET,10461,210,Bronx,23,0,23,3,7.7,0.0,0.0
2042256,2431,FULLER STREET,10461,210,Bronx,21,0,21,4,5.3,0.0,0.0
2042357,1714,ST PETERS AVENUE,10461,210,Bronx,9,0,9,3,3.0,0.0,0.0
2042377,1711,MONTGOMERY PLACE,10461,210,Bronx,102,0,102,3,34.0,0.0,0.0
2042415,1618,BENSON STREET,10461,210,Bronx,92,2,94,23,4.1,0.0,0.0
2042422,1137,EAST TREMONT AVENUE,10460,206,Bronx,10,0,10,3,3.3,0.0,0.0
2042428,1123,EAST TREMONT AVENUE,10460,206,Bronx,10,0,10,3,3.3,0.0,0.0
2042485,1185,LEBANON STREET,10460,206,Bronx,152,8,160,75,2.1,0.0,0.0
2042547,1720,ADAMS STREET,10460,211,Bronx,25,1,26,3,8.7,0.0,0.0
2042557,510,VAN NEST AVENUE,10460,211,Bronx,12,0,12,3,4.0,0.0,0.0
2042559,514,VAN NEST AVENUE,10460,211,Bronx,10,1,11,3,3.7,0.0,0.0
2042579,1749,MELVILLE STREET,10460,211,Bronx,9,0,9,3,3.0,0.0,0.0
2042596,537,VAN NEST AVENUE,10460,211,Bronx,9,0,9,3,3.0,0.0,0.0
2042606,1728,VAN BUREN STREET,10460,211,Bronx,36,0,36,3,12.0,0.0,0.0
2042638,1711,TAYLOR AVENUE,10460,211,Bronx,19,1,20,3,6.7,0.0,0.0
2042668,590,MORRIS PARK AVENUE,10460,211,Bronx,21,0,21,3,7.0,0.0,0.0
2042669,592,MORRIS PARK AVENUE,10460,211,Bronx,26,0,26,7,3.7,0.0,0.0
2042686,591,VAN NEST AVENUE,10460,211,Bronx,106,0,106,6,17.7,0.0,0.0
2042687,589,VAN NEST AVENUE,10460,211,Bronx,26,0,26,4,6.5,0.0,0.0
2042700,1728,TAYLOR AVENUE,10460,211,Bronx,16,0,16,3,5.3,0.0,0.0
2042726,1604,VAN BUREN STREET,10460,211,Bronx,7,2,9,3,3.0,0.0,0.0
2042757,1607,TAYLOR AVENUE,10460,211,Bronx,54,1,55,3,18.3,0.0,0.0
2042766,1609,TAYLOR AVENUE,10460,211,Bronx,20,0,20,3,6.7,0.0,0.0
2042806,1632,TAYLOR AVENUE,10460,211,Bronx,14,0,14,4,3.5,0.0,0.0
2042867,608,VAN NEST AVENUE,10460,211,Bronx,18,0,18,4,4.5,0.0,0.0
2042882,1683,UNIONPORT ROAD,10462,211,Bronx,19,1,20,5,4.0,0.0,0.0
2042905,608,MORRIS PARK AVENUE,10460,211,Bronx,15,1,16,3,5.3,0.0,0.0
2042908,1753,FILLMORE STREET,10460,211,Bronx,59,1,60,3,20.0,0.0,0.0
2043027,1713,WHITE PLAINS ROAD,10462,211,Bronx,12,1,13,4,3.3,0.0,0.0
2043099,1732,HUNT AVENUE,10462,211,Bronx,21,0,21,3,7.0,0.0,0.0
2043187,1659,HOLLAND AVENUE,10462,211,Bronx,29,0,29,3,9.7,0.0,0.0
2043204,760,VAN NEST AVENUE,10462,211,Bronx,47,0,47,3,15.7,0.0,0.0
2043208,1667,WALLACE AVENUE,10462,211,Bronx,9,0,9,3,3.0,0.0,0.0
2043579,1848,HOLLAND AVENUE,10462,211,Bronx,12,0,12,3,4.0,0.0,0.0
2043729,1868,MATTHEWS AVENUE,10462,211,Bronx,36,0,36,11,3.3,0.0,0.0
2043796,1847,BRONXDALE AVENUE,10462,211,Bronx,24,0,24,3,8.0,0.0,0.0
2044598,1008,VAN NEST AVENUE,10462,211,Bronx,9,0,9,3,3.0,0.0,0.0
2044801,1724,COLDEN AVENUE,10462,211,Bronx,11,0,11,3,3.7,0.0,0.0
2045199,1718,WILLIAMSBRIDGE ROAD,10461,211,Bronx,15,0,15,3,5.0,0.0,0.0
2045761,1650,HUTCHINSON RIV PARKWAY,10461,210,Bronx,105,1,106,35,3.0,0.0,0.0
2045918,2885,ROBERTS AVENUE,10461,210,Bronx,11,0,11,3,3.7,0.0,0.0
2046083,1714,EDISON AVENUE,10461,210,Bronx,17,0,17,5,3.4,0.0,0.0
2046230,3039,ROBERTS AVENUE,10461,210,Bronx,32,2,34,4,8.5,0.0,0.0
2046290,3120,BUHRE AVENUE,10461,210,Bronx,187,0,187,80,2.3,0.0,0.0
2046331,3565,BRUCKNER BOULEVARD,10461,210,Bronx,121,2,123,49,2.5,0.0,0.0
2046338,3517,BRUCKNER BOULEVARD,10461,210,Bronx,24,0,24,5,4.8,0.0,0.0
2046452,1859,MAYFLOWER AVENUE,10461,210,Bronx,18,0,18,3,6.0,0.0,0.0
2046489,1856,MAYFLOWER AVENUE,10461,210,Bronx,23,0,23,4,5.8,0.0,0.0
2046567,1822,EDISON AVENUE,10461,210,Bronx,126,1,127,5,25.4,0.0,0.0
2046676,3108,ARNOW PLACE,10461,210,Bronx,15,0,15,3,5.0,0.0,0.0
2047328,1962,EDISON AVENUE,10461,210,Bronx,17,2,19,3,6.3,0.0,0.0
2047449,3145,SANDS PLACE,10461,210,Bronx,13,0,13,3,4.3,0.0,0.0
2047492,2905,WILKINSON AVENUE,10461,210,Bronx,15,0,15,3,5.0,0.0,0.0
2047579,2883,EAST 195 STREET,10461,210,Bronx,18,1,19,4,4.8,0.0,0.0
2047635,2845,EAST 196 STREET,10461,210,Bronx,24,1,25,4,6.3,0.0,0.0
2047638,2135,CONTINENTAL AVENUE,10461,210,Bronx,33,6,39,4,9.8,0.0,0.0
2047651,2932,EAST 194 STREET,10461,210,Bronx,14,0,14,3,4.7,0.0,0.0
2047684,2024,CONTINENTAL AVENUE,10461,210,Bronx,9,0,9,3,3.0,0.0,0.0
2047775,2037,BURR AVENUE,10461,210,Bronx,56,0,56,3,18.7,0.0,0.0
2047827,2116,COLONIAL AVENUE,10461,210,Bronx,73,1,74,16,4.6,0.0,0.0
2047837,664,SAGAMORE STREET,10462,211,Bronx,27,0,27,3,9.0,0.0,0.0
2047887,2009,CRUGER AVENUE,10462,211,Bronx,201,6,207,41,5.0,0.0,0.0
2047994,1936,WALLACE AVENUE,10462,211,Bronx,30,0,30,3,10.0,0.0,0.0
2048777,2040,BRONXDALE AVENUE,10462,211,Bronx,192,3,195,54,3.6,0.0,0.0
2048782,2100,BRONX PARK EAST,10462,211,Bronx,354,7,361,157,2.3,0.0,0.0
2049125,1091,NEILL AVENUE,10461,211,Bronx,17,3,20,5,4.0,0.0,0.0
2049141,2031,TOMLINSON AVENUE,10461,211,Bronx,14,0,14,4,3.5,0.0,0.0
2049243,1144,BX AND PELHAM PARKWAY,10461,211,Bronx,120,13,133,62,2.1,0.0,0.0
2049404,2156,CRUGER AVENUE,10462,211,Bronx,191,4,195,73,2.7,0.0,0.0
2049438,2145,MATTHEWS AVENUE,10462,211,Bronx,129,1,130,51,2.5,0.0,0.0
2049563,1032,ESPLANADE,10461,211,Bronx,10,0,10,3,3.3,0.0,0.0
2050000,2265,OLINVILLE AVENUE,10467,211,Bronx,178,3,181,40,4.5,0.0,0.0
2050011,2244,CRUGER AVENUE,10467,211,Bronx,25,0,25,5,5.0,0.0,0.0
2050081,2337,WALLACE AVENUE,10467,211,Bronx,28,0,28,3,9.3,0.0,0.0
2050093,2316,WALLACE AVENUE,10467,211,Bronx,225,0,225,33,6.8,0.0,0.0
2050102,2351,BARNES AVENUE,10467,211,Bronx,21,0,21,6,3.5,0.0,0.0
2050323,2315,ESPLANADE,10469,211,Bronx,20,0,20,3,6.7,0.0,0.0
2051352,2554,CRUGER AVENUE,10467,211,Bronx,21,0,21,3,7.0,0.0,0.0
2051388,2554,HOLLAND AVENUE,10467,211,Bronx,64,0,64,8,8.0,0.0,0.0
2051414,2436,WALLACE AVENUE,10467,211,Bronx,15,0,15,5,3.0,0.0,0.0
2051603,904,ALLERTON AVENUE,10469,211,Bronx,15,0,15,4,3.8,0.0,0.0
2051658,2559,COLDEN AVENUE,10469,211,Bronx,18,0,18,4,4.5,0.0,0.0
2052078,1143,MACE AVENUE,10469,211,Bronx,19,0,19,3,6.3,0.0,0.0
2052096,2544,YATES AVENUE,10469,211,Bronx,19,0,19,4,4.8,0.0,0.0
2052115,2551,HERING AVENUE,10469,211,Bronx,30,19,49,3,16.3,0.0,0.0
2052122,2531,HERING AVENUE,10469,211,Bronx,31,0,31,3,10.3,0.0,0.0
2053032,1523,MACE AVENUE,10469,211,Bronx,24,0,24,3,8.0,0.0,0.0
2053646,2708,HOLLAND AVENUE,10467,211,Bronx,19,0,19,3,6.3,0.0,0.0
2053676,2749,WALLACE AVENUE,10467,211,Bronx,53,0,53,4,13.3,0.0,0.0
2053690,2721,WALLACE AVENUE,10467,211,Bronx,31,0,31,8,3.9,0.0,0.0
2053720,788,ARNOW AVENUE,10467,211,Bronx,176,7,183,55,3.3,0.0,0.0
2053724,2751,BARNES AVENUE,10467,211,Bronx,14,0,14,4,3.5,0.0,0.0
2053731,2735,BARNES AVENUE,10467,211,Bronx,12,0,12,4,3.0,0.0,0.0
2053736,2723,BARNES AVENUE,10467,211,Bronx,139,2,141,59,2.4,0.0,0.0
2053737,2715,BARNES AVENUE,10467,211,Bronx,24,0,24,4,6.0,0.0,0.0
2053738,2711,BARNES AVENUE,10467,211,Bronx,36,0,36,4,9.0,0.0,0.0
2053756,2758,BARNES AVENUE,10467,211,Bronx,16,0,16,3,5.3,0.0,0.0
2053801,826,ARNOW AVENUE,10467,211,Bronx,55,0,55,4,13.8,0.0,0.0
2053936,1060,ARNOW AVENUE,10469,211,Bronx,59,0,59,4,14.8,0.0,0.0
2054754,3054,BARKER AVENUE,10467,212,Bronx,10,0,10,3,3.3,0.0,0.0
2054801,725,ARNOW AVENUE,10467,211,Bronx,19,3,22,4,5.5,0.0,0.0
2054837,2911,HOLLAND AVENUE,10467,211,Bronx,131,0,131,5,26.2,0.0,0.0
2054893,809,ARNOW AVENUE,10467,211,Bronx,31,13,44,4,11.0,0.0,0.0
2054900,831,ARNOW AVENUE,10467,211,Bronx,41,0,41,7,5.9,0.0,0.0
2054934,2945,RADCLIFF AVENUE,10469,211,Bronx,42,0,42,3,14.0,0.0,0.0
2055213,2910,TENBROECK AVENUE,10469,211,Bronx,26,0,26,3,8.7,0.0,0.0
2055431,1407,ARNOW AVENUE,10469,211,Bronx,18,0,18,4,4.5,0.0,0.0
2055541,1450,EAST GUN HILL ROAD,10469,211,Bronx,27,0,27,9,3.0,0.0,0.0
2055542,1458,EAST GUN HILL ROAD,10469,211,Bronx,2,15,17,5,3.4,0.0,0.0
2055544,1466,EAST GUN HILL ROAD,10469,211,Bronx,138,0,138,30,4.6,0.0,0.0
2055596,767,ADEE AVENUE,10467,212,Bronx,103,0,103,3,34.3,0.0,0.0
2055610,3038,HOLLAND AVENUE,10467,212,Bronx,40,0,40,13,3.1,0.0,0.0
2055617,3033,WALLACE AVENUE,10467,212,Bronx,84,0,84,26,3.2,0.0,0.0
2055621,3021,WALLACE AVENUE,10467,212,Bronx,17,0,17,3,5.7,0.0,0.0
2055638,3028,WALLACE AVENUE,10467,212,Bronx,26,0,26,3,8.7,0.0,0.0
2055642,3044,WALLACE AVENUE,10467,212,Bronx,92,0,92,27,3.4,0.0,0.0
2055657,815,ADEE AVENUE,10467,212,Bronx,16,0,16,4,4.0,0.0,0.0
2055662,805,ADEE AVENUE,10467,212,Bronx,45,0,45,4,11.3,0.0,0.0
2055689,3015,MATTHEWS AVENUE,10467,212,Bronx,57,0,57,4,14.3,0.0,0.0
2055691,3011,MATTHEWS AVENUE,10467,212,Bronx,13,0,13,4,3.3,0.0,0.0
2055710,3036,MATTHEWS AVENUE,10467,212,Bronx,18,0,18,6,3.0,0.0,0.0
2055756,3038,BRONXWOOD AVENUE,10469,212,Bronx,70,0,70,7,10.0,0.0,0.0
2055809,3019,COLDEN AVENUE,10469,212,Bronx,30,0,30,3,10.0,0.0,0.0
2055831,3038,COLDEN AVENUE,10469,212,Bronx,11,0,11,3,3.7,0.0,0.0
2055847,3015,PAULDING AVENUE,10469,212,Bronx,51,0,51,3,17.0,0.0,0.0
2055849,3011,PAULDING AVENUE,10469,212,Bronx,21,0,21,7,3.0,0.0,0.0
2056040,1306,ADEE AVENUE,10469,211,Bronx,14,0,14,3,4.7,0.0,0.0
2056074,3019,WILSON AVENUE,10469,211,Bronx,19,0,19,3,6.3,0.0,0.0
2056138,1326,EAST GUN HILL ROAD,10469,211,Bronx,12,0,12,4,3.0,0.0,0.0
2056168,655,BURKE AVENUE,10467,212,Bronx,341,1,342,59,5.8,0.0,0.0
2056241,3234,WHITE PLAINS ROAD,10467,212,Bronx,13,0,13,3,4.3,0.0,0.0
2056251,3233,CRUGER AVENUE,10467,212,Bronx,50,0,50,3,16.7,0.0,0.0
2056274,756,SOUTH OAK DRIVE,10467,212,Bronx,55,0,55,7,7.9,0.0,0.0
2056279,768,SOUTH OAK DRIVE,10467,212,Bronx,23,0,23,3,7.7,0.0,0.0
2056280,3209,WALLACE AVENUE,10467,212,Bronx,23,2,25,4,6.3,0.0,0.0
2056281,3207,WALLACE AVENUE,10467,212,Bronx,23,0,23,3,7.7,0.0,0.0
2056288,747,SOUTH OAK DRIVE,10467,212,Bronx,30,0,30,5,6.0,0.0,0.0
2056305,3310,WHITE PLAINS ROAD,10467,212,Bronx,70,2,72,3,24.0,0.0,0.0
2056368,785,BURKE AVENUE,10467,212,Bronx,18,2,20,4,5.0,0.0,0.0
2056378,780,BARTHOLDI STREET,10467,212,Bronx,31,0,31,3,10.3,0.0,0.0
2056393,3237,CHESTNUT DRIVE NORTH,10467,212,Bronx,22,0,22,3,7.3,0.0,0.0
2056575,3243,PAULDING AVENUE,10469,212,Bronx,27,0,27,3,9.0,0.0,0.0
2056716,1157,BURKE AVENUE,10469,211,Bronx,37,0,37,3,12.3,0.0,0.0
2056846,3341,BARKER AVENUE,10467,212,Bronx,54,0,54,5,10.8,0.0,0.0
2056851,3321,BARKER AVENUE,10467,212,Bronx,16,0,16,5,3.2,0.0,0.0
2056875,660,MAGENTA STREET,10467,212,Bronx,9,0,9,3,3.0,0.0,0.0
2056937,3435,OLINVILLE AVENUE,10467,212,Bronx,110,39,149,54,2.8,0.0,0.0
2057080,3311,COLDEN AVENUE,10469,212,Bronx,67,0,67,5,13.4,0.0,0.0
2057310,664,EAST 213 STREET,10467,212,Bronx,73,1,74,22,3.4,0.0,0.0
2057321,3616,BRONX BOULEVARD,10467,212,Bronx,106,0,106,7,15.1,0.0,0.0
2057330,3640,BRONX BOULEVARD,10467,212,Bronx,302,2,304,47,6.5,0.0,0.0
2057346,3645,OLINVILLE AVENUE,10467,212,Bronx,19,0,19,3,6.3,0.0,0.0
2057347,3643,OLINVILLE AVENUE,10467,212,Bronx,8,1,9,3,3.0,0.0,0.0
2057434,3750,BRONX BOULEVARD,10467,212,Bronx,200,6,206,43,4.8,0.0,0.0
2057484,3765,WILLETT AVENUE,10467,212,Bronx,47,0,47,3,15.7,0.0,0.0
2057563,3800,CARPENTER AVENUE,10467,212,Bronx,126,4,130,55,2.4,0.0,0.0
2057630,679,EAST 220 STREET,10467,212,Bronx,15,0,15,4,3.8,0.0,0.0
2057658,3857,WHITE PLAINS ROAD,10467,212,Bronx,59,3,62,7,8.9,0.0,0.0
2057706,3553,HOLLAND AVENUE,10467,212,Bronx,8,2,10,3,3.3,0.0,0.0
2057761,3562,CARLISLE PLACE,10467,212,Bronx,13,3,16,3,5.3,0.0,0.0
2057766,764,EAST 213 STREET,10467,212,Bronx,91,0,91,3,30.3,0.0,0.0
2057769,3535,BARNES AVENUE,10467,212,Bronx,34,6,40,3,13.3,0.0,0.0
2057775,791,EAST 211 STREET,10467,212,Bronx,34,1,35,5,7.0,0.0,0.0
2057818,780,EAST  214 STREET,10467,212,Bronx,81,0,81,7,11.6,0.0,0.0
2057834,741,EAST 213 STREET,10467,212,Bronx,17,0,17,3,5.7,0.0,0.0
2057835,739,EAST 213 STREET,10467,212,Bronx,19,0,19,4,4.8,0.0,0.0
2057859,3642,HOLLAND AVENUE,10467,212,Bronx,64,0,64,12,5.3,0.0,0.0
2057860,3644,HOLLAND AVENUE,10467,212,Bronx,58,3,61,12,5.1,0.0,0.0
2057864,746,EAST 215 STREET,10467,212,Bronx,25,1,26,4,6.5,0.0,0.0
2057872,766,EAST 215 STREET,10467,212,Bronx,52,0,52,6,8.7,0.0,0.0
2057886,769,EAST 214 STREET,10467,212,Bronx,71,0,71,14,5.1,0.0,0.0
2057908,744,EAST  216 STREET,10467,212,Bronx,14,0,14,3,4.7,0.0,0.0
2057916,729,EAST 215 STREET,10467,212,Bronx,320,16,336,3,112.0,0.0,0.0
2057967,726,EAST 217 STREET,10467,212,Bronx,17,0,17,3,5.7,0.0,0.0
2057979,760,EAST 217 STREET,10467,212,Bronx,9,0,9,3,3.0,0.0,0.0
2058037,755,EAST 218 STREET,10467,212,Bronx,14,0,14,4,3.5,0.0,0.0
2058054,711,EAST 218 STREET,10467,212,Bronx,23,0,23,3,7.7,0.0,0.0
2058063,726,EAST  219 STREET,10467,212,Bronx,11,0,11,3,3.7,0.0,0.0
2058088,737,EAST 219 STREET,10467,212,Bronx,23,0,23,6,3.8,0.0,0.0
2058148,736,EAST  221 STREET,10467,212,Bronx,24,0,24,3,8.0,0.0,0.0
2058149,738,EAST  221 STREET,10467,212,Bronx,62,1,63,3,21.0,0.0,0.0
2058154,754,EAST 221 STREET,10467,212,Bronx,28,0,28,3,9.3,0.0,0.0
2058222,852,EAST 213 STREET,10467,212,Bronx,32,0,32,6,5.3,0.0,0.0
2058244,3610,BARNES AVENUE,10467,212,Bronx,184,5,189,8,23.6,0.0,0.0
2058249,826,EAST 214 STREET,10467,212,Bronx,51,1,52,4,13.0,0.0,0.0
2058258,854,EAST  214 STREET,10467,212,Bronx,89,3,92,3,30.7,0.0,0.0
2058261,3603,BRONXWOOD AVENUE,10469,212,Bronx,65,0,65,5,13.0,0.0,0.0
2058300,822,EAST  215 STREET,10467,212,Bronx,37,0,37,3,12.3,0.0,0.0
2058303,832,EAST 215 STREET,10467,212,Bronx,22,0,22,3,7.3,0.0,0.0
2058466,841,EAST 218 STREET,10467,212,Bronx,46,1,47,6,7.8,0.0,0.0
2058470,827,EAST 218 STREET,10467,212,Bronx,64,3,67,8,8.4,0.0,0.0
2058533,3816,BARNES AVENUE,10467,212,Bronx,26,1,27,7,3.9,0.0,0.0
2058568,847,EAST 220 STREET,10467,212,Bronx,10,0,10,3,3.3,0.0,0.0
2058575,829,EAST 220 STREET,10467,212,Bronx,14,4,18,3,6.0,0.0,0.0
2058602,864,EAST 221 STREET,10467,212,Bronx,17,3,20,6,3.3,0.0,0.0
2058633,828,EAST  222 STREET,10467,212,Bronx,9,0,9,3,3.0,0.0,0.0
2058637,836,EAST 222 STREET,10467,212,Bronx,16,0,16,3,5.3,0.0,0.0
2058641,844,EAST 222 STREET,10467,212,Bronx,11,0,11,3,3.7,0.0,0.0
2058739,900A,EAST  213 STREET,10469,212,Bronx,22,0,22,4,5.5,0.0,0.0
2058787,3612,BRONXWOOD AVENUE,10469,212,Bronx,26,1,27,3,9.0,0.0,0.0
2058922,914,EAST 217 STREET,10469,212,Bronx,14,0,14,4,3.5,0.0,0.0
2059344,3620,PAULDING AVENUE,10469,212,Bronx,18,0,18,3,6.0,0.0,0.0
2059389,3632,PAULDING AVENUE,10469,212,Bronx,68,0,68,3,22.7,0.0,0.0
2059520,1005,EAST 217 STREET,10469,212,Bronx,34,0,34,4,8.5,0.0,0.0
2059929,1310,OAKLEY STREET,10469,212,Bronx,26,0,26,4,6.5,0.0,0.0
2059931,1314,OAKLEY STREET,10469,212,Bronx,26,0,26,4,6.5,0.0,0.0
2059949,1303,NEEDHAM AVENUE,10469,212,Bronx,15,3,18,5,3.6,0.0,0.0
2060159,1178,EAST 221 STREET,10469,212,Bronx,12,0,12,3,4.0,0.0,0.0
2060182,1417,NEEDHAM AVENUE,10469,212,Bronx,32,0,32,3,10.7,0.0,0.0
2060214,3437,EASTCHESTER ROAD,10469,212,Bronx,35,2,37,8,4.6,0.0,0.0
2060307,1466,NEEDHAM AVENUE,10469,212,Bronx,54,0,54,4,13.5,0.0,0.0
2060330,3542,EASTCHESTER ROAD,10469,212,Bronx,25,0,25,3,8.3,0.0,0.0
2060632,3319,FISH AVENUE,10469,212,Bronx,54,0,54,3,18.0,0.0,0.0
2060677,3357,SEYMOUR AVENUE,10469,212,Bronx,17,0,17,4,4.3,0.0,0.0
2060678,3355,SEYMOUR AVENUE,10469,212,Bronx,61,1,62,4,15.5,0.0,0.0
2060682,3347,SEYMOUR AVENUE,10469,212,Bronx,12,0,12,4,3.0,0.0,0.0
2060719,3326,FISH AVENUE,10469,212,Bronx,36,0,36,3,12.0,0.0,0.0
2060725,3338,FISH AVENUE,10469,212,Bronx,19,0,19,3,6.3,0.0,0.0
2060744,3357,FENTON AVENUE,10469,212,Bronx,9,0,9,3,3.0,0.0,0.0
2060747,3349,FENTON AVENUE,10469,212,Bronx,47,5,52,3,17.3,0.0,0.0
2060772,3304,SEYMOUR AVENUE,10469,212,Bronx,19,0,19,3,6.3,0.0,0.0
2061686,3135,SEYMOUR AVENUE,10469,212,Bronx,14,0,14,3,4.7,0.0,0.0
2061690,1345,EAST GUN HILL ROAD,10469,212,Bronx,37,7,44,7,6.3,0.0,0.0
2061697,1352,BURKE AVENUE,10469,212,Bronx,10,0,10,3,3.3,0.0,0.0
2062589,2962,WICKHAM AVENUE,10469,212,Bronx,44,4,48,3,16.0,0.0,0.0
2062590,2960,WICKHAM AVENUE,10469,212,Bronx,13,0,13,3,4.3,0.0,0.0
2062853,3972,BRONX BOULEVARD,10466,212,Bronx,19,0,19,5,3.8,0.0,0.0
2062876,4030,BRONX BOULEVARD,10466,212,Bronx,118,1,119,54,2.2,0.0,0.0
2062909,632,EAST  223 STREET,10466,212,Bronx,24,1,25,4,6.3,0.0,0.0
2062911,638,EAST 223 STREET,10466,212,Bronx,16,0,16,4,4.0,0.0,0.0
2062912,642,EAST 223 STREET,10466,212,Bronx,78,0,78,4,19.5,0.0,0.0
2062913,644,EAST 223 STREET,10466,212,Bronx,24,0,24,4,6.0,0.0,0.0
2062933,3939,WHITE PLAINS ROAD,10466,212,Bronx,44,1,45,3,15.0,0.0,0.0
2062936,687,EAST 223 STREET,10466,212,Bronx,47,1,48,3,16.0,0.0,0.0
2062947,649,EAST 223 STREET,10466,212,Bronx,18,0,18,3,6.0,0.0,0.0
2062963,654,EAST 224 STREET,10466,212,Bronx,155,0,155,47,3.3,0.0,0.0
2062967,680,EAST 224 STREET,10466,212,Bronx,92,0,92,46,2.0,0.0,0.0
2062981,667,EAST 224 STREET,10466,212,Bronx,37,0,37,3,12.3,0.0,0.0
2062997,658,EAST 225 STREET,10466,212,Bronx,25,1,26,4,6.5,0.0,0.0
2063011,685,EAST 225 STREET,10466,212,Bronx,197,2,199,46,4.3,0.0,0.0
2063036,662,EAST 226 STREET,10466,212,Bronx,9,1,10,3,3.3,0.0,0.0
2063068,658,EAST 227 STREET,10466,212,Bronx,10,1,11,3,3.7,0.0,0.0
2063090,4036,LOWERRE PLACE,10466,212,Bronx,21,0,21,4,5.3,0.0,0.0
2063098,4043,LOWERRE PLACE,10466,212,Bronx,19,1,20,3,6.7,0.0,0.0
2063133,4059,WHITE PLAINS ROAD,10466,212,Bronx,15,1,16,4,4.0,0.0,0.0
2063151,645,EAST 228 STREET,10466,212,Bronx,53,0,53,5,10.6,0.0,0.0
2063195,647,EAST 229 STREET,10466,212,Bronx,33,0,33,3,11.0,0.0,0.0
2063199,635,EAST  229 STREET,10466,212,Bronx,29,0,29,8,3.6,0.0,0.0
2063223,691,EAST 230 STREET,10466,212,Bronx,45,0,45,9,5.0,0.0,0.0
2063233,655,EAST 230 STREET,10466,212,Bronx,126,3,129,55,2.3,0.0,0.0
2063239,4128,CARPENTER AVENUE,10466,212,Bronx,160,0,160,52,3.1,0.0,0.0
2063249,674,EAST 231 STREET,10466,212,Bronx,33,0,33,4,8.3,0.0,0.0
2063253,694,EAST 231 STREET,10466,212,Bronx,13,3,16,4,4.0,0.0,0.0
2063298,634,EAST 233 STREET,10466,212,Bronx,71,1,72,36,2.0,0.0,0.0
2063314,721,EAST 222 STREET,10467,212,Bronx,48,0,48,5,9.6,0.0,0.0
2063365,723,EAST 223 STREET,10466,212,Bronx,17,0,17,4,4.3,0.0,0.0
2063397,755,EAST 224 STREET,10466,212,Bronx,28,0,28,7,4.0,0.0,0.0
2063398,753,EAST  224 STREET,10466,212,Bronx,47,2,49,7,7.0,0.0,0.0
2063399,751,EAST 224 STREET,10466,212,Bronx,71,0,71,7,10.1,0.0,0.0
2063484,730,EAST 227 STREET,10466,212,Bronx,15,1,16,3,5.3,0.0,0.0
2063492,754,EAST 227 STREET,10466,212,Bronx,14,0,14,4,3.5,0.0,0.0
2063646,711,EAST 230 STREET,10466,212,Bronx,142,1,143,42,3.4,0.0,0.0
2063682,718,EAST 232 STREET,10466,212,Bronx,39,0,39,3,13.0,0.0,0.0
2063686,756,EAST 232 STREET,10466,212,Bronx,29,0,29,3,9.7,0.0,0.0
2063758,836,EAST  223 STREET,10466,212,Bronx,26,0,26,3,8.7,0.0,0.0
2063801,819,EAST 223 STREET,10466,212,Bronx,12,0,12,3,4.0,0.0,0.0
2063809,3940,BARNES AVENUE,10466,212,Bronx,24,0,24,7,3.4,0.0,0.0
2063899,812,EAST 226 STREET,10466,212,Bronx,42,0,42,6,7.0,0.0,0.0
2063936,801,EAST  226 STREET,10466,212,Bronx,28,0,28,8,3.5,0.0,0.0
2063949,826,EAST 227 STREET,10466,212,Bronx,28,0,28,5,5.6,0.0,0.0
2063971,841,EAST 227 STREET,10466,212,Bronx,22,0,22,5,4.4,0.0,0.0
2064010,847,EAST 228 STREET,10466,212,Bronx,39,0,39,4,9.8,0.0,0.0
2064050,854,EAST 229 STREET,10466,212,Bronx,39,0,39,3,13.0,0.0,0.0
2064095,830,EAST 230 STREET,10466,212,Bronx,66,1,67,4,16.8,0.0,0.0
2064098,836,EAST 230 STREET,10466,212,Bronx,16,0,16,4,4.0,0.0,0.0
2064106,858,EAST 230 STREET,10466,212,Bronx,14,0,14,3,4.7,0.0,0.0
2064141,4126,BARNES AVENUE,10466,212,Bronx,10,0,10,3,3.3,0.0,0.0
2064172,869,EAST 231 STREET,10466,212,Bronx,15,0,15,5,3.0,0.0,0.0
2064200,824,EAST 232 STREET,10466,212,Bronx,22,0,22,5,4.4,0.0,0.0
2064225,847,EAST 232 STREET,10466,212,Bronx,36,0,36,6,6.0,0.0,0.0
2064245,806,EAST 233 STREET,10466,212,Bronx,43,0,43,3,14.3,0.0,0.0
2064278,916,EAST 223 STREET,10466,212,Bronx,31,0,31,3,10.3,0.0,0.0
2064327,901,EAST 223 STREET,10466,212,Bronx,12,0,12,3,4.0,0.0,0.0
2064333,916,EAST 224 STREET,10466,212,Bronx,65,0,65,4,16.3,0.0,0.0
2064336,924,EAST 224 STREET,10466,212,Bronx,71,0,71,4,17.8,0.0,0.0
2064365,967,EAST 224 STREET,10466,212,Bronx,22,0,22,6,3.7,0.0,0.0
2064367,961,EAST  224 STREET,10466,212,Bronx,48,1,49,4,12.3,0.0,0.0
2064410,950,EAST 225 STREET,10466,212,Bronx,74,0,74,5,14.8,0.0,0.0
2064412,956,EAST 225 STREET,10466,212,Bronx,21,1,22,3,7.3,0.0,0.0
2064442,3988,BRONXWOOD AVENUE,10466,212,Bronx,23,2,25,3,8.3,0.0,0.0
2064467,4005,PAULDING AVENUE,10466,212,Bronx,16,0,16,3,5.3,0.0,0.0
2064471,965,EAST  226 STREET,10466,212,Bronx,21,0,21,5,4.2,0.0,0.0
2064504,940,EAST 227 STREET,10466,212,Bronx,0,13,13,3,4.3,0.0,0.0
2064511,966,EAST  227 STREET,10466,212,Bronx,15,0,15,3,5.0,0.0,0.0
2064563,962,EAST 228 STREET,10466,212,Bronx,10,0,10,3,3.3,0.0,0.0
2064639,915,EAST 229 STREET,10466,212,Bronx,10,2,12,4,3.0,0.0,0.0
2064889,1038,EAST 224 STREET,10466,212,Bronx,14,0,14,3,4.7,0.0,0.0
2064984,1056,EAST  226 STREET,10466,212,Bronx,21,0,21,3,7.0,0.0,0.0
2065004,4008,PAULDING AVENUE,10466,212,Bronx,21,0,21,5,4.2,0.0,0.0
2065047,1047,EAST 227 STREET,10466,212,Bronx,38,1,39,3,13.0,0.0,0.0
2065541,3424,GRACE AVENUE,10469,212,Bronx,11,0,11,3,3.7,0.0,0.0
2065773,1208,EAST 224 STREET,10466,212,Bronx,14,0,14,3,4.7,0.0,0.0
2065831,3689,EASTCHESTER ROAD,10466,212,Bronx,69,0,69,3,23.0,0.0,0.0
2066094,4180,LACONIA AVENUE,10466,212,Bronx,9,0,9,3,3.0,0.0,0.0
2066436,3805,DYRE AVENUE,10466,212,Bronx,45,2,47,12,3.9,0.0,0.0
2066461,2232,LIGHT STREET,10466,212,Bronx,20,0,20,3,6.7,0.0,0.0
2066463,2236,LIGHT STREET,10466,212,Bronx,38,0,38,3,12.7,0.0,0.0
2066840,3910,SETON AVENUE,10466,212,Bronx,159,1,160,6,26.7,0.0,0.0
2066868,3959,AMUNDSON AVENUE,10466,212,Bronx,115,0,115,3,38.3,0.0,0.0
2066924,3939,DURYEA AVENUE,10466,212,Bronx,11,2,13,4,3.3,0.0,0.0
2067029,4018,PRATT AVENUE,10466,212,Bronx,41,0,41,3,13.7,0.0,0.0
2067267,1800,EDENWALD AVENUE,10466,212,Bronx,137,0,137,3,45.7,0.0,0.0
2067947,4014,AMUNDSON AVENUE,10466,212,Bronx,16,0,16,3,5.3,0.0,0.0
2068030,4257,CARPENTER AVENUE,10466,212,Bronx,30,0,30,3,10.0,0.0,0.0
2068041,675,EAST 233 STREET,10466,212,Bronx,132,0,132,49,2.7,0.0,0.0
2068051,4206,CARPENTER AVENUE,10466,212,Bronx,111,0,111,33,3.4,0.0,0.0
2068071,687,EAST 234 STREET,10466,212,Bronx,49,0,49,7,7.0,0.0,0.0
2068072,685,EAST 234 STREET,10466,212,Bronx,17,4,21,6,3.5,0.0,0.0
2068073,683,EAST 234 STREET,10466,212,Bronx,46,0,46,6,7.7,0.0,0.0
2068076,655,EAST 234 STREET,10466,212,Bronx,374,0,374,55,6.8,0.0,0.0
2068188,4240,BYRON AVENUE,10466,212,Bronx,39,0,39,7,5.6,0.0,0.0
2068222,759,EAST 235 STREET,10466,212,Bronx,15,0,15,3,5.0,0.0,0.0
2068266,4212,BARNES AVENUE,10466,212,Bronx,16,0,16,3,5.3,0.0,0.0
2068370,1733,EDENWALD AVENUE,10466,212,Bronx,22,0,22,3,7.3,0.0,0.0
2068449,4247,DIGNEY AVENUE,10466,212,Bronx,12,0,12,4,3.0,0.0,0.0
2069081,4218,EDSON AVENUE,10466,212,Bronx,13,0,13,3,4.3,0.0,0.0
2069628,633,EAST 236 STREET,10466,212,Bronx,15,0,15,3,5.0,0.0,0.0
2069737,4383,MATILDA AVENUE,10466,212,Bronx,41,0,41,7,5.9,0.0,0.0
2069738,4381,MATILDA AVENUE,10466,212,Bronx,78,0,78,7,11.1,0.0,0.0
2069782,4305,FURMAN AVENUE,10466,212,Bronx,136,0,136,43,3.2,0.0,0.0
2069808,731,EAST 236 STREET,10466,212,Bronx,50,0,50,3,16.7,0.0,0.0
2069914,4381,BARNES AVENUE,10466,212,Bronx,26,0,26,4,6.5,0.0,0.0
2070354,4330,EDSON AVENUE,10466,212,Bronx,17,0,17,3,5.7,0.0,0.0
2070566,609,NEREID AVENUE,10470,212,Bronx,95,0,95,5,19.0,0.0,0.0
2070575,606,EAST  239 STREET,10470,212,Bronx,14,0,14,4,3.5,0.0,0.0
2070588,4429,CARPENTER AVENUE,10470,212,Bronx,62,0,62,7,8.9,0.0,0.0
2070598,4401,CARPENTER AVENUE,10470,212,Bronx,15,2,17,3,5.7,0.0,0.0
2070723,4450,WHITE PLAINS ROAD,10470,212,Bronx,12,0,12,4,3.0,0.0,0.0
2070730,4439,FURMAN AVENUE,10466,212,Bronx,146,1,147,5,29.4,0.0,0.0
2070734,4427,FURMAN AVENUE,10466,212,Bronx,16,0,16,5,3.2,0.0,0.0
2070910,4511,MATILDA AVENUE,10470,212,Bronx,16,0,16,3,5.3,0.0,0.0
2070973,4632,CARPENTER AVENUE,10470,212,Bronx,242,1,243,21,11.6,0.0,0.0
2071028,681,EAST 239 STREET,10470,212,Bronx,28,0,28,4,7.0,0.0,0.0
2071042,4556,RICHARDSON AVENUE,10470,212,Bronx,10,0,10,3,3.3,0.0,0.0
2071044,4566,RICHARDSON AVENUE,10470,212,Bronx,22,0,22,5,4.4,0.0,0.0
2071134,4562,WHITE PLAINS ROAD,10470,212,Bronx,22,1,23,3,7.7,0.0,0.0
2071605,4435,MUNDY LANE,10466,212,Bronx,85,0,85,3,28.3,0.0,0.0
2071751,4731,RICHARDSON AVENUE,10470,212,Bronx,32,1,33,4,8.3,0.0,0.0
2071767,4727,WHITE PLAINS ROAD,10470,212,Bronx,137,3,140,14,10.0,0.0,0.0
2071833,715,CRANFORD AVENUE,10470,212,Bronx,36,1,37,4,9.3,0.0,0.0
2071912,719,EAST  242 STREET,10470,212,Bronx,221,1,222,4,55.5,0.0,0.0
2071913,717,EAST 242 STREET,10470,212,Bronx,68,0,68,4,17.0,0.0,0.0
2071916,708,EAST 243 STREET,10470,212,Bronx,283,1,284,50,5.7,0.0,0.0
2071918,718,EAST 243 STREET,10470,212,Bronx,19,0,19,3,6.3,0.0,0.0
2071921,740,EAST 243 STREET,10470,212,Bronx,374,11,385,72,5.3,0.0,0.0
2072245,956,CRANFORD AVENUE,10466,212,Bronx,53,0,53,3,17.7,0.0,0.0
2072282,879,CRANFORD AVENUE,10466,212,Bronx,53,0,53,3,17.7,0.0,0.0
2073148,1245,BRADFORD AVENUE,10461,210,Bronx,34,0,34,7,4.9,0.0,0.0
2073149,1243,BRADFORD AVENUE,10461,210,Bronx,37,0,37,7,5.3,0.0,0.0
2073152,1235,BRADFORD AVENUE,10461,210,Bronx,48,0,48,13,3.7,0.0,0.0
2073333,1225,HOLLYWOOD AVENUE,10461,210,Bronx,28,0,28,4,7.0,0.0,0.0
2073494,1367,ELLISON AVENUE,10461,210,Bronx,26,0,26,4,6.5,0.0,0.0
2074258,2897,HARRINGTON AVENUE,10461,210,Bronx,11,3,14,3,4.7,0.0,0.0
2074333,2806,WELLMAN AVENUE,10461,210,Bronx,11,0,11,3,3.7,0.0,0.0
2074389,1539,MAYFLOWER AVENUE,10461,210,Bronx,112,2,114,4,28.5,0.0,0.0
2074917,1535,HOLLYWOOD AVENUE,10461,210,Bronx,12,0,12,3,4.0,0.0,0.0
2075950,1666,OHM AVENUE,10465,210,Bronx,23,0,23,3,7.7,0.0,0.0
2079789,1055,HUNTINGTON AVENUE,10465,210,Bronx,15,0,15,3,5.0,0.0,0.0
2079991,832,CALHOUN AVENUE,10465,210,Bronx,50,0,50,4,12.5,0.0,0.0
2081930,185,CITY ISLAND AVENUE,10464,210,Bronx,87,11,98,6,16.3,0.0,0.0
2082784,452,CITY ISLAND AVENUE,10464,210,Bronx,23,1,24,6,4.0,0.0,0.0
2082786,456,CITY ISLAND AVENUE,10464,210,Bronx,125,0,125,6,20.8,0.0,0.0
2083169,3120,KINGSBRIDGE AVENUE,10463,208,Bronx,143,0,143,48,3.0,0.0,0.0
2083690,202,WEST 236 STREET,10463,208,Bronx,28,0,28,7,4.0,0.0,0.0
2084037,3800,GREYSTONE AVENUE,10463,208,Bronx,125,19,144,40,3.6,0.0,0.0
2084078,3251,CAMBRIDGE AVENUE,10463,208,Bronx,10,0,10,3,3.3,0.0,0.0
2084108,3241,JOHNSON AVENUE,10463,208,Bronx,9,0,9,3,3.0,0.0,0.0
2084166,515,WEST 236 STREET,10463,208,Bronx,26,0,26,7,3.7,0.0,0.0
2086669,413,EAST 173 STREET,10457,203,Bronx,9,0,9,3,3.0,0.0,0.0
2086804,2464,BEAUMONT AVENUE,10458,206,Bronx,29,3,32,6,5.3,0.0,0.0
2087293,943,ARNOW AVENUE,10469,211,Bronx,10,0,10,3,3.3,0.0,0.0
2087312,862,EAST  220 STREET,10467,212,Bronx,17,0,17,3,5.7,0.0,0.0
2087328,3520,CORSA AVENUE,10469,212,Bronx,305,1,306,3,102.0,0.0,0.0
2087331,1488,HICKS STREET,10469,212,Bronx,148,0,148,3,49.3,0.0,0.0
2087475,364,HUNTINGTON AVENUE,10465,210,Bronx,19,0,19,3,6.3,0.0,0.0
2087476,368,HUNTINGTON AVENUE,10465,210,Bronx,19,1,20,3,6.7,0.0,0.0
2087486,383,HUNTINGTON AVENUE,10465,210,Bronx,12,0,12,3,4.0,0.0,0.0
2087936,541,EDISON AVE,10465,210,Bronx,27,0,27,3,9.0,0.0,0.0
2088074,1934,HOLLAND AVENUE,10462,211,Bronx,55,1,56,3,18.7,0.0,0.0
2088075,1936,HOLLAND AVENUE,10462,211,Bronx,17,1,18,3,6.0,0.0,0.0
2088088,3016,BARKER AVENUE,10467,212,Bronx,35,0,35,3,11.7,0.0,0.0
2088306,1350,PROSPECT AVENUE,10459,203,Bronx,29,0,29,3,9.7,0.0,0.0
2088408,2240,WALTON AVENUE,10453,205,Bronx,193,22,215,31,6.9,0.0,0.0
2088636,4217,THROGS NECK EXPRESSWAY,10465,210,Bronx,17,1,18,3,6.0,0.0,0.0
2090046,2440,CAMBRELENG AVENUE,10458,206,Bronx,22,0,22,3,7.3,0.0,0.0
2090164,1050,EAST 211 STREET,10469,212,Bronx,16,1,17,3,5.7,0.0,0.0
2090177,3374,CORSA AVENUE,10469,212,Bronx,10,0,10,3,3.3,0.0,0.0
2090185,3238,ELY AVENUE,10469,212,Bronx,12,0,12,3,4.0,0.0,0.0
2090189,3019,ELY AVENUE,10469,212,Bronx,11,1,12,3,4.0,0.0,0.0
2090204,2971,EDSON AVENUE,10469,212,Bronx,20,1,21,3,7.0,0.0,0.0
2090224,3406,BRUNER AVENUE,10469,212,Bronx,11,2,13,3,4.3,0.0,0.0
2090238,1261,EAST  224 STREET,10466,212,Bronx,7,4,11,3,3.7,0.0,0.0
2090245,1118,EAST  225 STREET,10466,212,Bronx,10,1,11,3,3.7,0.0,0.0
2090265,4600,BRONX BOULEVARD,10470,212,Bronx,11,0,11,3,3.7,0.0,0.0
2090266,4602,BRONX BOULEVARD,10470,212,Bronx,28,0,28,3,9.3,0.0,0.0
2090285,2173,NEW ENGLAND THRWY,10475,212,Bronx,9,0,9,3,3.0,0.0,0.0
2090414,964,MORRIS AVENUE,10456,204,Bronx,112,0,112,56,2.0,0.0,0.0
2090459,1388,BRISTOW STREET,10459,203,Bronx,36,0,36,3,12.0,0.0,0.0
2090555,3699,EASTCHESTER ROAD,10466,212,Bronx,11,0,11,3,3.7,0.0,0.0
2090692,807,EAST  213 STREET,10467,212,Bronx,11,0,11,3,3.7,0.0,0.0
2091093,448,EAST  147 STREET,10455,201,Bronx,111,0,111,16,6.9,0.0,0.0
2091094,444,EAST  147 STREET,10455,201,Bronx,62,0,62,16,3.9,0.0,0.0
2091155,281,EAST  149 STREET,10451,201,Bronx,77,0,77,17,4.5,0.0,0.0
2091273,574,EAST  141 STREET,10454,201,Bronx,97,0,97,29,3.3,0.0,0.0
2091278,600,EAST  141 STREET,10454,201,Bronx,82,0,82,40,2.0,0.0,0.0
2091294,354,CYPRESS AVENUE,10454,201,Bronx,148,3,151,55,2.7,0.0,0.0
2091297,370,CYPRESS AVENUE,10454,201,Bronx,217,7,224,21,10.7,0.0,0.0
2091302,728,EAST  142 STREET,10454,201,Bronx,37,0,37,3,12.3,0.0,0.0
2091306,460,CONCORD AVENUE,10455,201,Bronx,58,0,58,3,19.3,0.0,0.0
2091324,702,EAGLE AVENUE,10455,201,Bronx,62,0,62,4,15.5,0.0,0.0
2091670,345,CITY ISLAND AVENUE,10464,210,Bronx,37,0,37,3,12.3,0.0,0.0
2091878,3206,OXFORD AVENUE,10463,208,Bronx,43,11,54,3,18.0,0.0,0.0
2092012,900,FOX STREET,10459,202,Bronx,70,2,72,20,3.6,0.0,0.0
2092029,995,EAST  167 STREET,10459,203,Bronx,82,0,82,12,6.8,0.0,0.0
2092030,991,EAST  167 STREET,10459,203,Bronx,51,1,52,17,3.1,0.0,0.0
2092058,16,EAST  177 STREET,10453,205,Bronx,28,5,33,11,3.0,0.0,0.0
2092059,12,EAST  177 STREET,10453,205,Bronx,41,2,43,11,3.9,0.0,0.0
2092063,1928,UNIVERSITY AVENUE,10453,205,Bronx,95,5,100,21,4.8,0.0,0.0
2092064,1590,UNDERCLIFF AVENUE,10453,205,Bronx,312,1,313,151,2.1,0.0,0.0
2092126,1473,FULTON AVENUE,10456,203,Bronx,44,8,52,10,5.2,0.0,0.0
2092144,711,CROTONA PARK NORTH,10457,206,Bronx,16,0,16,3,5.3,0.0,0.0
2092163,1270,INTERVALE AVENUE,10459,203,Bronx,11,0,11,3,3.7,0.0,0.0
2092237,2376,HOFFMAN STREET,10458,206,Bronx,122,0,122,8,15.3,0.0,0.0
2092249,617,EAST  179 STREET,10457,206,Bronx,73,1,74,8,9.3,0.0,0.0
2092324,2144,PROSPECT AVENUE,10457,206,Bronx,89,5,94,31,3.0,0.0,0.0
2092360,2082,CROTONA PARKWAY,10460,206,Bronx,153,0,153,21,7.3,0.0,0.0
2092396,2407,VALENTINE AVENUE,10458,205,Bronx,51,0,51,9,5.7,0.0,0.0
2092422,2411,GRAND AVENUE,10468,207,Bronx,18,1,19,5,3.8,0.0,0.0
2092468,3011,HEATH AVENUE,10463,208,Bronx,141,4,145,30,4.8,0.0,0.0
2092469,3021,HEATH AVE,10463,208,Bronx,224,1,225,26,8.7,0.0,0.0
2092506,225 REAR,EAST  203 STREET,10458,207,Bronx,14,0,14,3,4.7,0.0,0.0
2092513,2721,MORRIS AVENUE,10468,207,Bronx,97,1,98,27,3.6,0.0,0.0
2092523,3155,VILLA AVE,10468,207,Bronx,18,0,18,3,6.0,0.0,0.0
2092620,512,SOUNDVIEW AVENUE,10473,209,Bronx,8,3,11,3,3.7,0.0,0.0
2092821,1139,NOBLE AVENUE,10472,209,Bronx,14,0,14,3,4.7,0.0,0.0
2092863,2164,POWELL AVENUE,10462,209,Bronx,76,0,76,12,6.3,0.0,0.0
2092896,1331,BEACH AVENUE,10472,209,Bronx,46,1,47,3,15.7,0.0,0.0
2092898,1319,BEACH AVENUE,10472,209,Bronx,10,0,10,3,3.3,0.0,0.0
2092917,367,BRONX PARK AVENUE,10460,206,Bronx,19,0,19,3,6.3,0.0,0.0
2093104,2593,ST RAYMOND AVENUE,10461,210,Bronx,35,1,36,4,9.0,0.0,0.0
2093112,2601,PONTON AVENUE,10461,210,Bronx,12,0,12,3,4.0,0.0,0.0
2093188,1509,RHINELANDER AVENUE,10461,211,Bronx,13,0,13,3,4.3,0.0,0.0
2093458,2801,BARKER AVENUE,10467,211,Bronx,178,1,179,88,2.0,0.0,0.0
2093463,2859,BARKER AVENUE,10467,211,Bronx,201,2,203,88,2.3,0.0,0.0
2093474,2753,TENBROECK AVENUE,10469,211,Bronx,29,0,29,3,9.7,0.0,0.0
2093557,763,EAST  217 STREET,10467,212,Bronx,110,1,111,4,27.8,0.0,0.0
2093566,710,EAST  219 STREET,10467,212,Bronx,38,0,38,3,12.7,0.0,0.0
2093703,811,EAST  225 STREET,10466,212,Bronx,29,0,29,3,9.7,0.0,0.0
2093766,955,EAST  233 STREET,10466,212,Bronx,58,0,58,4,14.5,0.0,0.0
2093770,662,EAST  236 STREET,10466,212,Bronx,64,0,64,3,21.3,0.0,0.0
2093819,4641,WHITE PLAINS ROAD,10470,212,Bronx,132,0,132,9,14.7,0.0,0.0
2093820,4643,WHITEPLAINS ROAD,10470,212,Bronx,20,0,20,6,3.3,0.0,0.0
2094188,866,EAST 221 STREET,10467,212,Bronx,37,1,38,7,5.4,0.0,0.0
2094515,221,EAST TREMONT AVENUE,10457,205,Bronx,34,3,37,4,9.3,0.0,0.0
2095420,2179,NEW ENGLAND THRUWAY,10475,212,Bronx,45,0,45,3,15.0,0.0,0.0
2095483,1370,ZEREGA AVENUE,10462,210,Bronx,13,1,14,3,4.7,0.0,0.0
2096530,789,ST ANNS AVENUE,10456,201,Bronx,16,3,19,4,4.8,0.0,0.0
2096818,858A,LELAND AVENUE,10473,209,Bronx,26,0,26,3,8.7,0.0,0.0
2096828,855A,UNDERHILL AVENUE,10473,209,Bronx,29,0,29,3,9.7,0.0,0.0
2096834,843A,UNDERHILL AVENUE,10473,209,Bronx,16,0,16,3,5.3,0.0,0.0
2096953,1617,FOWLER AVENUE,10462,211,Bronx,11,0,11,3,3.7,0.0,0.0
2097932,1219,WOODYCREST AVENUE,10452,204,Bronx,27,0,27,3,9.0,0.0,0.0
2098340,1181,SHERMAN AVENUE,10456,204,Bronx,225,2,227,43,5.3,0.0,0.0
2098991,1977,CLINTON AVENUE,10457,206,Bronx,16,0,16,3,5.3,0.0,0.0
2099296,2668,MILES AVENUE,10465,210,Bronx,24,0,24,3,8.0,0.0,0.0
2099679,507,TINTON AVENUE,10455,201,Bronx,13,0,13,3,4.3,0.0,0.0
2099686,513,TINTON AVENUE,10455,201,Bronx,33,0,33,3,11.0,0.0,0.0
2099894,585,EAST  189 STREET,10458,206,Bronx,8,5,13,4,3.3,0.0,0.0
2099975,2262,WALTON AVENUE,10453,205,Bronx,147,1,148,54,2.7,0.0,0.0
2100006,1180,EAST  178 STREET,10460,206,Bronx,20,1,21,3,7.0,0.0,0.0
2100030,1357,EAST  224 STREET,10466,212,Bronx,10,0,10,3,3.3,0.0,0.0
2100039,721,CRANFORD AVENUE,10470,212,Bronx,35,0,35,4,8.8,0.0,0.0
2100100,2114,MOHEGAN AVENUE,10460,206,Bronx,190,4,194,89,2.2,0.0,0.0
2100800,975,CAULDWELL AVENUE,10456,203,Bronx,19,0,19,3,6.3,0.0,0.0
2100827,327,EAST  159 STREET,10451,203,Bronx,13,0,13,3,4.3,0.0,0.0
2101200,729,EAST  182 STREET,10457,206,Bronx,43,1,44,3,14.7,0.0,0.0
2101202,725,EAST  182 STREET,10457,206,Bronx,11,0,11,3,3.7,0.0,0.0
2101295,718,GARDEN STREET,10457,206,Bronx,97,0,97,3,32.3,0.0,0.0
2101635,1661,NELSON AVENUE,10453,205,Bronx,13,0,13,3,4.3,0.0,0.0
2101992,1238,HOE AVENUE,10459,203,Bronx,9,0,9,3,3.0,0.0,0.0
2102263,1439,VYSE AVENUE,10459,203,Bronx,18,0,18,3,6.0,0.0,0.0
2102267,1447,VYSE AVENUE,10459,203,Bronx,24,0,24,3,8.0,0.0,0.0
2102271,1235,HOE AVENUE,10459,203,Bronx,10,0,10,3,3.3,0.0,0.0
2102296,1811,HUNT AVENUE,10462,211,Bronx,26,1,27,3,9.0,0.0,0.0
2102389,944,JENNINGS STREET,10460,203,Bronx,271,2,273,84,3.3,0.0,0.0
2102390,2124,CROTONA AVENUE,10457,206,Bronx,189,7,196,86,2.3,0.0,0.0
2102497,280,DAVIS AVENUE,10465,210,Bronx,14,0,14,3,4.7,0.0,0.0
2102580,825,EAST  179 STREET,10460,206,Bronx,203,0,203,90,2.3,0.0,0.0
2102750,813,ELTON AVENUE,10451,201,Bronx,20,0,20,3,6.7,0.0,0.0
2102809,1817,HUNT AVENUE,10462,211,Bronx,12,0,12,3,4.0,0.0,0.0
2103148,2936,GRACE AVENUE,10469,212,Bronx,20,0,20,3,6.7,0.0,0.0
2103151,2930,GRACE AVENUE,10469,212,Bronx,24,0,24,3,8.0,0.0,0.0
2103456,1146,HAVEMEYER AVENUE,10462,209,Bronx,11,0,11,3,3.7,0.0,0.0
2103617,574,EAST  170 STREET,10456,203,Bronx,12,0,12,3,4.0,0.0,0.0
2103808,2454,HOFFMAN STREET,10458,206,Bronx,30,2,32,8,4.0,0.0,0.0
2103878,643,THIERIOT AVENUE,10473,209,Bronx,30,0,30,3,10.0,0.0,0.0
2103911,1116,CALHOUN AVENUE,10465,210,Bronx,9,0,9,3,3.0,0.0,0.0
2109464,1699A,FULTON AVENUE,10457,203,Bronx,5,4,9,3,3.0,0.0,0.0
2109528,674,EAST  222 STREET,10467,212,Bronx,41,0,41,3,13.7,0.0,0.0
2109538,2159,BELMONT AVENUE,10457,206,Bronx,24,0,24,3,8.0,0.0,0.0
2109545,2546,COLDEN AVENUE,10469,211,Bronx,26,0,26,6,4.3,0.0,0.0
2109554,821,EAST  228 STREET,10466,212,Bronx,16,0,16,3,5.3,0.0,0.0
2109555,1277,EAST  222 STREET,10469,212,Bronx,22,0,22,3,7.3,0.0,0.0
2111008,2315,BARNES AVENUE,10467,211,Bronx,241,1,242,28,8.6,0.0,0.0
2111356,745,EAST  216 STREET,10467,212,Bronx,12,0,12,4,3.0,0.0,0.0
2112732,412,EAST  187 STREET,10458,206,Bronx,25,0,25,3,8.3,0.0,0.0
2112746,1982,MARMION AVENUE,10460,206,Bronx,19,0,19,4,4.8,0.0,0.0
2112747,1980,MARMION AVENUE,10460,206,Bronx,14,0,14,4,3.5,0.0,0.0
2112749,1986,MARMION AVENUE,10460,206,Bronx,25,0,25,4,6.3,0.0,0.0
2112751,1989,SOUTHERN BOULEVARD,10460,206,Bronx,33,0,33,4,8.3,0.0,0.0
2112753,1985,SOUTHERN BOULEVARD,10460,206,Bronx,22,0,22,4,5.5,0.0,0.0
2112799,3235,PHILIP AVENUE,10465,210,Bronx,17,0,17,3,5.7,0.0,0.0
2112814,766,UNION AVENUE,10455,201,Bronx,29,0,29,8,3.6,0.0,0.0
2112831,1356,DR M L KING JR BOULEVARD,10452,204,Bronx,25,5,30,3,10.0,0.0,0.0
2112841,187,ST GEORGE'S CRESCENT,10458,207,Bronx,48,0,48,8,6.0,0.0,0.0
2112842,189,ST GEORGE'S CRESCENT,10458,207,Bronx,35,6,41,8,5.1,0.0,0.0
2113002,276,EAST  166 STREET,10456,204,Bronx,10,0,10,3,3.3,0.0,0.0
2113004,163,WEST  161 STREET,10452,204,Bronx,211,0,211,4,52.8,0.0,0.0
2113025,644B,MANIDA STREET,10474,202,Bronx,50,0,50,3,16.7,0.0,0.0
2113069,938,EAST  232 STREET,10466,212,Bronx,10,0,10,3,3.3,0.0,0.0
2113089,817,COURTLANDT AVENUE,10451,201,Bronx,163,0,163,80,2.0,0.0,0.0
2113113,600,CONCORD AVENUE,10455,201,Bronx,366,0,366,83,4.4,0.0,0.0
2113153,1500,VYSE AVENUE,10460,203,Bronx,13,2,15,3,5.0,0.0,0.0
2113173,2541A,GRAND AVENUE,10468,207,Bronx,27,3,30,3,10.0,0.0,0.0
2113176,2543B,GRAND AVENUE,10468,207,Bronx,17,0,17,3,5.7,0.0,0.0
2113261,1358,DR M L KING JR BOULEVARD,10452,204,Bronx,21,0,21,3,7.0,0.0,0.0
2113321,502,EAST  184 STREET,10458,206,Bronx,30,0,30,3,10.0,0.0,0.0
2113353,951,HOE AVENUE,10459,202,Bronx,561,6,567,164,3.5,0.0,0.0
2113354,941,HOE AVENUE,10459,202,Bronx,343,1,344,136,2.5,0.0,0.0
2113382,772,EAST  168 STREET,10456,203,Bronx,447,5,452,60,7.5,0.0,0.0
2113402,617,COSTER STREET,10474,202,Bronx,9,0,9,3,3.0,0.0,0.0
2113412,592,EAST  178 STREET,10457,206,Bronx,103,0,103,3,34.3,0.0,0.0
2113443,3148,WESTCHESTER AVENUE,10461,210,Bronx,21,0,21,3,7.0,0.0,0.0
2113450,852,EAST  221 STREET,10467,212,Bronx,67,0,67,3,22.3,0.0,0.0
2113550,877,UNION AVENUE,10459,203,Bronx,14,0,14,3,4.7,0.0,0.0
2113557,1356,LYMAN PLACE,10459,203,Bronx,50,0,50,3,16.7,0.0,0.0
2113605,1240,WASHINGTON AVENUE,10456,203,Bronx,309,0,309,100,3.1,0.0,0.0
2113657,3218,COLDEN AVENUE,10469,212,Bronx,63,0,63,3,21.0,0.0,0.0
2113663,724,EAST  217 STREET,10467,212,Bronx,43,0,43,8,5.4,0.0,0.0
2113770,182,WEST  168 STREET,10452,204,Bronx,69,6,75,3,25.0,0.0,0.0
2113790,783,GARDEN STREET,10460,206,Bronx,14,0,14,3,4.7,0.0,0.0
2113791,785,GARDEN STREET,10460,206,Bronx,9,0,9,3,3.0,0.0,0.0
2113798,2016,HONEYWELL AVENUE,10460,206,Bronx,7,3,10,3,3.3,0.0,0.0
2113803,163,WEST  195 STREET,10468,208,Bronx,15,0,15,3,5.0,0.0,0.0
2113922,1002,COLLEGE AVENUE,10456,204,Bronx,6,4,10,3,3.3,0.0,0.0
2113930,722,EAST  217 STREET,10467,212,Bronx,43,0,43,8,5.4,0.0,0.0
2113970,2051,HERMANY AVENUE,10473,209,Bronx,22,0,22,3,7.3,0.0,0.0
2113979,1825,PILGRIM AVENUE,10461,210,Bronx,36,0,36,3,12.0,0.0,0.0
2114034,728,EAST  221 STREET,10467,212,Bronx,82,0,82,8,10.3,0.0,0.0
2114043,827,EAST  222 STREET,10467,212,Bronx,11,0,11,3,3.7,0.0,0.0
2114049,721,EAST  216 STREET,10467,212,Bronx,10,1,11,3,3.7,0.0,0.0
2114067,1002,BOYNTON AVENUE,10472,209,Bronx,9,0,9,3,3.0,0.0,0.0
2114071,1007,WARD AVENUE,10472,209,Bronx,58,0,58,3,19.3,0.0,0.0
2114078,1549,BRUCKNER BOULEVARD,10472,209,Bronx,9,0,9,3,3.0,0.0,0.0
2114107,1314,MERRIAM AVENUE,10452,204,Bronx,363,0,363,98,3.7,0.0,0.0
2114112,1491,MACOMBS ROAD,10452,204,Bronx,211,2,213,90,2.4,0.0,0.0
2114120,1520,BRUCKNER BOULEVARD,10473,209,Bronx,60,0,60,8,7.5,0.0,0.0
2114129,110,CORP J FISHER PLACE,10452,204,Bronx,227,0,227,96,2.4,0.0,0.0
2114159,1210,COLLEGE AVENUE,10456,204,Bronx,12,1,13,3,4.3,0.0,0.0
2114178,983,BOSTON ROAD,10456,203,Bronx,20,0,20,3,6.7,0.0,0.0
2114195,875,CAULDWELL AVENUE,10456,203,Bronx,22,0,22,3,7.3,0.0,0.0
2114200,1176,FOREST AVENUE,10456,203,Bronx,84,0,84,8,10.5,0.0,0.0
2114216,934,EAST  165 STREET,10459,202,Bronx,48,0,48,3,16.0,0.0,0.0
2114219,1313,SENECA AVENUE,10474,202,Bronx,30,0,30,3,10.0,0.0,0.0
2114223,126,CLARKE PLACE EAST,10452,204,Bronx,185,0,185,65,2.8,0.0,0.0
2114244,800,FREEMAN STREET,10459,203,Bronx,19,0,19,3,6.3,0.0,0.0
2114259,2378,HOFFMAN STREET,10458,206,Bronx,42,0,42,8,5.3,0.0,0.0
2114345,2037B,WESTCHESTER AVENUE,10462,209,Bronx,39,0,39,8,4.9,0.0,0.0
2114363,3043A,WILSON AVENUE,10469,211,Bronx,17,0,17,3,5.7,0.0,0.0
2114368,689,EAST  219 STREET,10467,212,Bronx,16,0,16,3,5.3,0.0,0.0
2114372,869,EAST  217 STREET,10467,212,Bronx,53,0,53,8,6.6,0.0,0.0
2114452,31,WEST TREMONT AVENUE,10453,205,Bronx,222,1,223,84,2.7,0.0,0.0
2114463,877,ELSMERE PLACE,10460,206,Bronx,13,0,13,3,4.3,0.0,0.0
2114548,1164,UNION AVENUE,10459,203,Bronx,80,0,80,3,26.7,0.0,0.0
2114612,401,EAST  157 STREET,10451,201,Bronx,178,1,179,83,2.2,0.0,0.0
2114652,839,FREEMAN STREET,10459,203,Bronx,13,0,13,3,4.3,0.0,0.0
2114653,2333,PROSPECT AVENUE,10458,206,Bronx,124,1,125,33,3.8,0.0,0.0
2114761,1550,PARKER STREET,10462,210,Bronx,79,0,79,8,9.9,0.0,0.0
2114781,752,EAST  214 STREET,10467,212,Bronx,16,0,16,3,5.3,0.0,0.0
2114782,754,EAST  214 STREET,10467,212,Bronx,31,0,31,3,10.3,0.0,0.0
2114783,756,EAST  214 STREET,10467,212,Bronx,11,0,11,3,3.7,0.0,0.0
2114883,270,EAST BURNSIDE AVENUE,10457,205,Bronx,741,0,741,114,6.5,0.0,0.0
2114901,3713,PAULDING AVENUE,10469,212,Bronx,13,0,13,3,4.3,0.0,0.0
2114922,814,BRYANT AVENUE,10474,202,Bronx,37,0,37,3,12.3,0.0,0.0
2114931,838,BRYANT AVENUE,10474,202,Bronx,14,0,14,3,4.7,0.0,0.0
2114932,793,JENNINGS STREET,10459,203,Bronx,43,0,43,3,14.3,0.0,0.0
2114959,1739,MANSION STREET,10460,209,Bronx,7,2,9,3,3.0,0.0,0.0
2114972,443,EAST  186 STREET,10458,206,Bronx,158,0,158,70,2.3,0.0,0.0
2114985,580,EAST  166 STREET,10456,203,Bronx,19,0,19,3,6.3,0.0,0.0
2115018,1053,SUMMIT AVENUE,10452,204,Bronx,16,0,16,3,5.3,0.0,0.0
2115019,1051,SUMMIT AVENUE,10452,204,Bronx,27,0,27,3,9.0,0.0,0.0
2115020,1049,SUMMIT AVENUE,10452,204,Bronx,10,0,10,3,3.3,0.0,0.0
2115021,1047,SUMMIT AVENUE,10452,204,Bronx,27,0,27,3,9.0,0.0,0.0
2115074,2090,CROTONA PARKWAY,10460,206,Bronx,94,1,95,36,2.6,0.0,0.0
2115154,678,EAST  221 STREET,10467,212,Bronx,32,0,32,3,10.7,0.0,0.0
2115180,1007,ELDER AVENUE,10472,209,Bronx,13,0,13,3,4.3,0.0,0.0
2115181,1009,ELDER AVENUE,10472,209,Bronx,10,0,10,3,3.3,0.0,0.0
2115295,1321A,COLLEGE AVENUE,10456,204,Bronx,35,0,35,3,11.7,0.0,0.0
2115300,2460,BELMONT AVENUE,10458,206,Bronx,33,0,33,8,4.1,0.0,0.0
2115324,1337,LELAND AVENUE,10472,209,Bronx,9,0,9,3,3.0,0.0,0.0
2115538,3410,WRIGHT AVENUE,10475,212,Bronx,23,0,23,3,7.7,0.0,0.0
2115547,4501,BRONX BOULEVARD,10470,212,Bronx,11,0,11,3,3.7,0.0,0.0
2115558,1653,GARFIELD STREET,10460,211,Bronx,13,0,13,3,4.3,0.0,0.0
2115685,648,CONCORD AVENUE,10455,201,Bronx,56,0,56,3,18.7,0.0,0.0
2115689,3548,ELY AVENUE,10466,212,Bronx,11,0,11,3,3.7,0.0,0.0
2115738,1411,BRYANT AVENUE,10459,203,Bronx,19,1,20,3,6.7,0.0,0.0
2115778,1987,CRUGER AVENUE,10462,211,Bronx,9,0,9,3,3.0,0.0,0.0
2115862,724,UNION AVENUE,10455,201,Bronx,60,0,60,3,20.0,0.0,0.0
2115864,916,PROSPECT AVENUE,10459,202,Bronx,201,8,209,69,3.0,0.0,0.0
2115905,862,EAST  175 STREET,10460,206,Bronx,31,0,31,3,10.3,0.0,0.0
2115990,871,EAST  179 STREET,10460,206,Bronx,238,6,244,40,6.1,0.0,0.0
2116001,1971,WEBSTER AVENUE,10457,205,Bronx,182,2,184,69,2.7,0.0,0.0
2116009,19,EAST  184 STREET,10468,205,Bronx,39,0,39,3,13.0,0.0,0.0
2116147,2546A,WHITE PLAINS ROAD,10467,211,Bronx,23,0,23,6,3.8,0.0,0.0
2116149,2548A,WHITE PLAINS ROAD,10467,211,Bronx,21,1,22,6,3.7,0.0,0.0
2116150,2542,WHITE PLAINS ROAD,10467,211,Bronx,31,0,31,6,5.2,0.0,0.0
2116215,311,EAST  163 STREET,10451,204,Bronx,24,0,24,3,8.0,0.0,0.0
2116235,2464,HOFFMAN STREET,10458,206,Bronx,148,0,148,14,10.6,0.0,0.0
2116250,1864,GUERLAIN STREET,10460,209,Bronx,39,1,40,3,13.3,0.0,0.0
2116281,2405,BARKER AVENUE,10467,211,Bronx,9,0,9,3,3.0,0.0,0.0
2116288,800,EAST  215 STREET,10467,212,Bronx,45,2,47,3,15.7,0.0,0.0
2116292,806,EAST  216 STREET,10467,212,Bronx,60,0,60,3,20.0,0.0,0.0
2116306,4442,RICHARDSON AVENUE,10470,212,Bronx,37,0,37,3,12.3,0.0,0.0
2116348,2463,HUGHES AVENUE,10458,206,Bronx,55,0,55,16,3.4,0.0,0.0
2116423,540,EAST  144 STREET,10454,201,Bronx,26,0,26,8,3.3,0.0,0.0
2116492,202,KEARNEY AVENUE,10465,210,Bronx,11,0,11,3,3.7,0.0,0.0
2116564,1743,DAVIDSON AVENUE,10453,205,Bronx,27,0,27,3,9.0,0.0,0.0
2116566,1739,DAVIDSON AVENUE,10453,205,Bronx,17,1,18,3,6.0,0.0,0.0
2116594,2600,GRAND AVENUE,10468,207,Bronx,9,0,9,3,3.0,0.0,0.0
2116880,1221,MORRISON AVENUE,10472,209,Bronx,25,0,25,3,8.3,0.0,0.0
2117002,3452,CORSA AVENUE,10469,212,Bronx,84,0,84,14,6.0,0.0,0.0
2117008,3486,CORSA AVENUE,10469,212,Bronx,38,0,38,10,3.8,0.0,0.0
2117009,3457,EASTCHESTER ROAD,10469,212,Bronx,75,4,79,38,2.1,0.0,0.0
2117010,3459,EASTCHESTER ROAD,10469,212,Bronx,78,0,78,39,2.0,0.0,0.0
2117022,3486,FENTON AVENUE,10469,212,Bronx,30,0,30,10,3.0,0.0,0.0
2117023,3437,CORSA AVENUE,10469,212,Bronx,39,0,39,10,3.9,0.0,0.0
2117029,3469,CORSA AVENUE,10469,212,Bronx,36,0,36,9,4.0,0.0,0.0
2117033,3481,FENTON AVENUE,10469,212,Bronx,37,0,37,10,3.7,0.0,0.0
2117065,3463,SEYMOUR AVENUE,10469,212,Bronx,28,0,28,9,3.1,0.0,0.0
2117074,3439,FISH AVENUE,10469,212,Bronx,67,0,67,18,3.7,0.0,0.0
2117078,3455,FISH AVENUE,10469,212,Bronx,49,0,49,10,4.9,0.0,0.0
2117112,331,EAST  132 STREET,10454,201,Bronx,446,3,449,221,2.0,0.0,0.0
2117186,1680,BRUCKNER BOULEVARD,10473,209,Bronx,28,0,28,8,3.5,0.0,0.0
2117187,1685,BANYER PLACE,10473,209,Bronx,45,0,45,9,5.0,0.0,0.0
2117268,2116,BOGART AVENUE,10462,211,Bronx,9,0,9,3,3.0,0.0,0.0
2117406,430,EAST  154 STREET,10455,201,Bronx,6,7,13,3,4.3,0.0,0.0
2117623,712,EAST  214 STREET,10467,212,Bronx,56,0,56,9,6.2,0.0,0.0
2117690,2755,KINGSBRIDGE TERRACE,10463,208,Bronx,32,0,32,3,10.7,0.0,0.0
2117807,2311,TIEBOUT AVENUE,10458,205,Bronx,70,0,70,20,3.5,0.0,0.0
2118245,2381,BELMONT AVENUE,10458,206,Bronx,50,5,55,7,7.9,0.0,0.0
2118364,2307,CROTONA AVENUE,10458,206,Bronx,19,0,19,5,3.8,0.0,0.0
2118373,850,HOME STREET,10459,202,Bronx,11,0,11,3,3.7,0.0,0.0
2118523,2913B,CRUGER AVENUE,10467,211,Bronx,58,2,60,4,15.0,0.0,0.0
2119005,1646,ANDREWS AVENUE SOUTH,10453,205,Bronx,26,0,26,3,8.7,0.0,0.0
2119088,280,EAST  171 STREET,10457,204,Bronx,17,0,17,3,5.7,0.0,0.0
2120088,2132,MAPES AVENUE,10460,206,Bronx,73,0,73,10,7.3,0.0,0.0
2120179,1189,GRANT AVENUE,10456,204,Bronx,52,0,52,3,17.3,0.0,0.0
2120287,840,MORRIS PARK AVENUE,10462,211,Bronx,39,0,39,11,3.5,0.0,0.0
2120531,1210,HOE AVENUE,10459,203,Bronx,13,0,13,3,4.3,0.0,0.0
2121204,781,EAST  211 STREET,10467,212,Bronx,17,0,17,3,5.7,0.0,0.0
2121356,931,EAST  216 STREET,10469,212,Bronx,73,0,73,3,24.3,0.0,0.0
2121568,3810,BARNES AVENUE,10467,212,Bronx,29,0,29,3,9.7,0.0,0.0
2122274,1052,EAST  223 STREET,10466,212,Bronx,16,0,16,3,5.3,0.0,0.0
2123697,424,LELAND AVENUE,10473,209,Bronx,35,0,35,3,11.7,0.0,0.0
2123699,428,LELAND AVENUE,10473,209,Bronx,14,0,14,3,4.7,0.0,0.0
2124405,937,SUMMIT AVENUE,10452,204,Bronx,160,0,160,8,20.0,0.0,0.0
2124406,935,SUMMIT AVENUE,10452,204,Bronx,32,2,34,8,4.3,0.0,0.0
2124478,1219,GILBERT PLACE,10474,202,Bronx,17,0,17,3,5.7,0.0,0.0
2124483,933,SUMMIT AVENUE,10452,204,Bronx,103,0,103,8,12.9,0.0,0.0
2124485,1972,BATHGATE AVENUE,10457,206,Bronx,23,0,23,3,7.7,0.0,0.0
2124785,2296,BELMONT AVENUE,10457,206,Bronx,39,0,39,3,13.0,0.0,0.0
2125103,6683 B,BROADWAY,10471,208,Bronx,13,0,13,3,4.3,0.0,0.0
2126615,611,EAST  161 STREET,10456,203,Bronx,36,0,36,8,4.5,0.0,0.0
2127046,989,OGDEN AVENUE,10452,204,Bronx,88,1,89,14,6.4,0.0,0.0
2127594,499,EAST  188 STREET,10458,206,Bronx,311,1,312,40,7.8,0.0,0.0
2127644,2305,CROTONA AVENUE,10458,206,Bronx,35,0,35,5,7.0,0.0,0.0
2128060,716,EAST  234 STREET,10466,212,Bronx,34,0,34,9,3.8,0.0,0.0
2128435,1938,BLACKROCK AVENUE,10472,209,Bronx,14,0,14,3,4.7,0.0,0.0
2128502,969,EAST  165 STREET,10459,202,Bronx,26,0,26,3,8.7,0.0,0.0
2128623,1176,EAST  215 STREET,10469,212,Bronx,37,0,37,9,4.1,0.0,0.0
2128697,1417,LONGFELLOW AVENUE,10459,203,Bronx,191,2,193,38,5.1,0.0,0.0
2129269,1752,MONROE AVENUE,10457,205,Bronx,24,0,24,8,3.0,0.0,0.0
2129411,819,EAST  218 STREET,10467,212,Bronx,12,0,12,4,3.0,0.0,0.0
2129474,2781,UNIVERSITY AVENUE,10468,208,Bronx,27,0,27,9,3.0,0.0,0.0
2130520,845,SOUTHERN BOULEVARD,10459,202,Bronx,70,0,70,17,4.1,0.0,0.0
2130588,1000,WOODYCREST AVENUE,10452,204,Bronx,123,2,125,25,5.0,0.0,0.0
2131138,353,BEEKMAN AVENUE,10454,201,Bronx,62,0,62,16,3.9,0.0,0.0
3000493,191,SCHERMERHORN STREET,11201,302,Brooklyn,40,0,40,7,5.7,0.0,0.0
3000822,284,ATLANTIC AVENUE,11201,302,Brooklyn,30,1,31,7,4.4,0.0,0.0
3000834,302,ATLANTIC AVENUE,11201,302,Brooklyn,39,0,39,6,6.5,0.0,0.0
3000845,334,ATLANTIC AVENUE,11201,302,Brooklyn,91,0,91,14,6.5,0.0,0.0
3000988,483,PACIFIC STREET,11217,302,Brooklyn,29,0,29,8,3.6,0.0,0.0
3001420,247,BERGEN STREET,11217,302,Brooklyn,47,1,48,4,12.0,0.0,0.0
3001698,76,HENRY STREET,11201,302,Brooklyn,10,0,10,3,3.3,0.0,0.0
3001997,102,PIERREPONT STREET,11201,302,Brooklyn,18,0,18,5,3.6,0.0,0.0
3002077,128,MONTAGUE STREET,11201,302,Brooklyn,43,15,58,8,7.3,0.0,0.0
3002087,152,MONTAGUE STREET,11201,302,Brooklyn,31,0,31,9,3.4,0.0,0.0
3002551,54,COURT STREET,11201,302,Brooklyn,37,0,37,11,3.4,0.0,0.0
3002646,95,COURT STREET,11201,302,Brooklyn,48,2,50,4,12.5,0.0,0.0
3003103,360,HENRY STREET,11201,306,Brooklyn,0,16,16,3,5.3,0.0,0.0
3003469,404,HENRY STREET,11201,306,Brooklyn,8,9,17,4,4.3,0.0,0.0
3003565,165,COLUMBIA STREET,11231,306,Brooklyn,58,0,58,3,19.3,0.0,0.0
3003574,149,COLUMBIA ST,11231,306,Brooklyn,32,0,32,8,4.0,0.0,0.0
3003578,143,COLUMBIA STREET,11231,306,Brooklyn,20,1,21,7,3.0,0.0,0.0
3003705,126,KANE STREET,11231,306,Brooklyn,53,0,53,4,13.3,0.0,0.0
3003896,13,STRONG PLACE,11231,306,Brooklyn,149,2,151,16,9.4,0.0,0.0
3004486,522A,HENRY STREET,11231,306,Brooklyn,13,0,13,4,3.3,0.0,0.0
3004764,198,PRESIDENT STREET,11231,306,Brooklyn,25,0,25,8,3.1,0.0,0.0
3004772,420,CLINTON STREET,11231,306,Brooklyn,37,2,39,6,6.5,0.0,0.0
3004802,230,PRESIDENT STREET,11231,306,Brooklyn,81,1,82,12,6.8,0.0,0.0
3005145,74,   1 PLACE,11231,306,Brooklyn,24,0,24,5,4.8,0.0,0.0
3005481,105,LUQUER STREET,11231,306,Brooklyn,49,2,51,16,3.2,0.0,0.0
3005499,64,   4 PLACE,11231,306,Brooklyn,58,1,59,8,7.4,0.0,0.0
3005740,64,BERGEN STREET,11201,302,Brooklyn,15,0,15,3,5.0,0.0,0.0
3006022,21,ST MARKS PLACE,11217,302,Brooklyn,10,0,10,3,3.3,0.0,0.0
3006225,178,NEVINS STREET,11217,302,Brooklyn,37,0,37,8,4.6,0.0,0.0
3006301,223,COURT STREET,11201,306,Brooklyn,20,0,20,6,3.3,0.0,0.0
3006430,372,BALTIC STREET,11201,306,Brooklyn,93,0,93,8,11.6,0.0,0.0
3006447,83,BUTLER STREET,11231,306,Brooklyn,33,0,33,8,4.1,0.0,0.0
3006463,213,BUTLER STREET,11217,306,Brooklyn,14,3,17,3,5.7,0.0,0.0
3006627,160,4 AVENUE,11217,306,Brooklyn,33,0,33,8,4.1,0.0,0.0
3006750,361,DE GRAW STREET,11231,306,Brooklyn,11,0,11,3,3.7,0.0,0.0
3007216,359,COURT STREET,11231,306,Brooklyn,7,4,11,3,3.7,0.0,0.0
3007217,357,COURT STREET,11231,306,Brooklyn,158,0,158,4,39.5,0.0,0.0
3007956,105,   3 PLACE,11231,306,Brooklyn,30,1,31,8,3.9,0.0,0.0
3008346,60,NELSON STREET,11231,306,Brooklyn,77,0,77,6,12.8,0.0,0.0
3008350,68,NELSON STREET,11231,306,Brooklyn,31,0,31,8,3.9,0.0,0.0
3008351,70,NELSON STREET,11231,306,Brooklyn,83,1,84,8,10.5,0.0,0.0
3008355,694,HENRY STREET,11231,306,Brooklyn,51,4,55,8,6.9,0.0,0.0
3008383,91,VERONA STREET,11231,306,Brooklyn,37,0,37,6,6.2,0.0,0.0
3008427,433,COLUMBIA STREET,11231,306,Brooklyn,19,0,19,4,4.8,0.0,0.0
3008471,722,HENRY STREET,11231,306,Brooklyn,129,3,132,16,8.3,0.0,0.0
3008798,416,VAN BRUNT STREET,11231,306,Brooklyn,48,0,48,7,6.9,0.0,0.0
3008945,166,17 STREET,11215,307,Brooklyn,61,7,68,3,22.7,0.0,0.0
3009300,704,4 AVENUE,11232,307,Brooklyn,9,0,9,3,3.0,0.0,0.0
3009465,229,23 STREET,11232,307,Brooklyn,28,3,31,8,3.9,0.0,0.0
3009466,227,23 STREET,11232,307,Brooklyn,137,0,137,8,17.1,0.0,0.0
3009467,225,23 STREET,11232,307,Brooklyn,55,0,55,8,6.9,0.0,0.0
3009674,773,4 AVENUE,11232,307,Brooklyn,50,0,50,8,6.3,0.0,0.0
3009824,179,29 STREET,11232,307,Brooklyn,8,1,9,3,3.0,0.0,0.0
3009836,138,29 STREET,11232,307,Brooklyn,39,0,39,8,4.9,0.0,0.0
3009837,140,29 STREET,11232,307,Brooklyn,42,0,42,8,5.3,0.0,0.0
3010077,124,32 STREET,11232,307,Brooklyn,17,0,17,3,5.7,0.0,0.0
3010078,126,32 STREET,11232,307,Brooklyn,63,0,63,5,12.6,0.0,0.0
3010143,122,33 STREET,11232,307,Brooklyn,38,0,38,6,6.3,0.0,0.0
3010145,128,  33 STREET,11232,307,Brooklyn,42,2,44,6,7.3,0.0,0.0
3010190,206,33 STREET,11232,307,Brooklyn,27,0,27,3,9.0,0.0,0.0
3010464,3914,3 AVENUE,11232,307,Brooklyn,31,0,31,6,5.2,0.0,0.0
3010493,3914,4 AVENUE,11232,307,Brooklyn,42,0,42,8,5.3,0.0,0.0
3010545,471,  40 STREET,11232,307,Brooklyn,22,0,22,6,3.7,0.0,0.0
3010590,448,40 STREET,11232,307,Brooklyn,31,0,31,6,5.2,0.0,0.0
3010594,456,40 STREET,11232,307,Brooklyn,102,0,102,6,17.0,0.0,0.0
3010597,468,40 STREET,11232,307,Brooklyn,25,0,25,6,4.2,0.0,0.0
3010612,451,41 STREET,11232,307,Brooklyn,13,0,13,3,4.3,0.0,0.0
3010740,456,41 STREET,11232,307,Brooklyn,42,0,42,8,5.3,0.0,0.0
3010863,4228,   5 AVENUE,11232,307,Brooklyn,39,0,39,7,5.6,0.0,0.0
3011031,4324,8 AVENUE,11232,307,Brooklyn,22,0,22,6,3.7,0.0,0.0
3011084,815,  44 STREET,11220,312,Brooklyn,14,0,14,4,3.5,0.0,0.0
3011094,4420,   3 AVENUE,11220,307,Brooklyn,113,3,116,7,16.6,0.0,0.0
3011494,245,46 STREET,11220,307,Brooklyn,39,0,39,6,6.5,0.0,0.0
3011547,446,45 STREET,11220,307,Brooklyn,9,1,10,3,3.3,0.0,0.0
3011855,4606,5 AVENUE,11220,307,Brooklyn,29,0,29,8,3.6,0.0,0.0
3011953,601,  47 STREET,11220,307,Brooklyn,99,0,99,10,9.9,0.0,0.0
3011987,668,  46 STREET,11220,307,Brooklyn,16,2,18,6,3.0,0.0,0.0
3012273,4711,5 AVENUE,11220,307,Brooklyn,111,0,111,12,9.3,0.0,0.0
3012475,832,47 STREET,11220,312,Brooklyn,18,0,18,3,6.0,0.0,0.0
3012492,871,  48 STREET,11220,312,Brooklyn,276,4,280,32,8.8,0.0,0.0
3012638,4803,5 AVENUE,11220,307,Brooklyn,9,1,10,3,3.3,0.0,0.0
3012675,565,49 STREET,11220,307,Brooklyn,66,0,66,8,8.3,0.0,0.0
3012676,561,49 STREET,11220,307,Brooklyn,35,2,37,8,4.6,0.0,0.0
3012678,555,49 STREET,11220,307,Brooklyn,44,0,44,8,5.5,0.0,0.0
3012796,721,49 STREET,11220,307,Brooklyn,40,0,40,4,10.0,0.0,0.0
3012912,4905,   4 AVENUE,11220,307,Brooklyn,23,0,23,6,3.8,0.0,0.0
3012917,426,49 STREET,11220,307,Brooklyn,29,0,29,8,3.6,0.0,0.0
3012919,434,49 STREET,11220,307,Brooklyn,44,0,44,8,5.5,0.0,0.0
3012990,567,  50 STREET,11220,307,Brooklyn,28,0,28,6,4.7,0.0,0.0
3012993,559,50 STREET,11220,307,Brooklyn,23,0,23,6,3.8,0.0,0.0
3012995,553,50 STREET,11220,307,Brooklyn,25,0,25,6,4.2,0.0,0.0
3013242,402,50 STREET,11220,307,Brooklyn,24,0,24,6,4.0,0.0,0.0
3013278,465,51 STREET,11220,307,Brooklyn,41,0,41,3,13.7,0.0,0.0
3013325,549,51 STREET,11220,307,Brooklyn,34,0,34,9,3.8,0.0,0.0
3013461,5121,   2 AVENUE,11232,307,Brooklyn,56,3,59,12,4.9,0.0,0.0
3013469,236,51 STREET,11220,307,Brooklyn,49,0,49,6,8.2,0.0,0.0
3013472,242,51 STREET,11220,307,Brooklyn,31,0,31,6,5.2,0.0,0.0
3013508,5114,4 AVENUE,11220,307,Brooklyn,47,0,47,5,9.4,0.0,0.0
3013571,463,  52 STREET,11220,307,Brooklyn,236,6,242,6,40.3,0.0,0.0
3013649,513,  52 STREET,11220,307,Brooklyn,29,0,29,3,9.7,0.0,0.0
3013909,460,  52 STREET,11220,307,Brooklyn,34,0,34,7,4.9,0.0,0.0
3014078,720,  52 STREET,11220,307,Brooklyn,15,1,16,4,4.0,0.0,0.0
3014086,746,52 STREET,11220,307,Brooklyn,16,0,16,3,5.3,0.0,0.0
3014123,735,53 STREET,11220,307,Brooklyn,26,0,26,6,4.3,0.0,0.0
3014144,228,53 STREET,11220,307,Brooklyn,47,0,47,6,7.8,0.0,0.0
3014145,230,53 STREET,11220,307,Brooklyn,19,0,19,6,3.2,0.0,0.0
3014290,5301,5 AVENUE,11220,307,Brooklyn,24,0,24,6,4.0,0.0,0.0
3014339,517,  54 STREET,11220,307,Brooklyn,18,0,18,4,4.5,0.0,0.0
3014367,5302,7 AVENUE,11220,307,Brooklyn,36,0,36,11,3.3,0.0,0.0
3014489,232,54 STREET,11220,307,Brooklyn,28,0,28,6,4.7,0.0,0.0
3014490,234,  54 STREET,11220,307,Brooklyn,27,0,27,6,4.5,0.0,0.0
3014836,749,55 STREET,11220,307,Brooklyn,34,0,34,6,5.7,0.0,0.0
3014849,715,55 STREET,11220,307,Brooklyn,76,3,79,6,13.2,0.0,0.0
3014864,256,55 STREET,11220,307,Brooklyn,19,0,19,5,3.8,0.0,0.0
3014936,5513,4 AVENUE,11220,307,Brooklyn,19,0,19,6,3.2,0.0,0.0
3015115,637,  56 STREET,11220,307,Brooklyn,23,0,23,6,3.8,0.0,0.0
3015122,617,  56 STREET,11220,307,Brooklyn,25,2,27,6,4.5,0.0,0.0
3015129,5511,   7 AVENUE,11220,307,Brooklyn,27,0,27,6,4.5,0.0,0.0
3015232,5624,   3 AVENUE,11220,307,Brooklyn,19,5,24,6,4.0,0.0,0.0
3015313,5605,4 AVENUE,11220,307,Brooklyn,74,0,74,16,4.6,0.0,0.0
3015377,5601,5 AVENUE,11220,307,Brooklyn,21,0,21,7,3.0,0.0,0.0
3015395,560,  56 STREET,11220,307,Brooklyn,23,0,23,6,3.8,0.0,0.0
3015403,5614,6 AVENUE,11220,307,Brooklyn,47,0,47,9,5.2,0.0,0.0
3015438,5605,6 AVENUE,11220,307,Brooklyn,18,0,18,6,3.0,0.0,0.0
3015451,642,56 STREET,11220,307,Brooklyn,15,0,15,3,5.0,0.0,0.0
3015630,365,58 STREET,11220,307,Brooklyn,52,1,53,8,6.6,0.0,0.0
3015633,355,58 STREET,11220,307,Brooklyn,30,0,30,8,3.8,0.0,0.0
3015650,5719,4 AVENUE,11220,307,Brooklyn,25,0,25,6,4.2,0.0,0.0
3015654,5701,4 AVENUE,11220,307,Brooklyn,47,0,47,4,11.8,0.0,0.0
3015655,412,  57 STREET,11220,307,Brooklyn,14,0,14,3,4.7,0.0,0.0
3015668,442,  57 STREET,11220,307,Brooklyn,9,0,9,3,3.0,0.0,0.0
3015706,429,58 STREET,11220,307,Brooklyn,14,0,14,3,4.7,0.0,0.0
3015717,5721,   5 AVENUE,11220,307,Brooklyn,14,0,14,4,3.5,0.0,0.0
3015719,5709,   5 AVENUE,11220,307,Brooklyn,25,0,25,6,4.2,0.0,0.0
3015785,5707,6 AVENUE,11220,307,Brooklyn,9,0,9,3,3.0,0.0,0.0
3015789,610,  57 STREET,11220,307,Brooklyn,14,0,14,3,4.7,0.0,0.0
3015938,364,58 STREET,11220,307,Brooklyn,113,1,114,15,7.6,0.0,0.0
3016044,5807,   5 AVENUE,11220,307,Brooklyn,29,0,29,8,3.6,0.0,0.0
3016241,263,  60 STREET,11220,307,Brooklyn,25,0,25,6,4.2,0.0,0.0
3016249,245,60 STREET,11220,307,Brooklyn,132,0,132,6,22.0,0.0,0.0
3016406,740,  59 STREET,11220,307,Brooklyn,29,0,29,6,4.8,0.0,0.0
3016508,349,17 STREET,11215,307,Brooklyn,16,2,18,6,3.0,0.0,0.0
3016584,266,PROSPECT PARK WEST,11215,307,Brooklyn,33,0,33,6,5.5,0.0,0.0
3016586,270,PROSPECT PARK WEST,11215,307,Brooklyn,23,0,23,7,3.3,0.0,0.0
3016587,272,PROSPECT PARK WEST,11215,307,Brooklyn,61,0,61,6,10.2,0.0,0.0
3016602,455,17 STREET,11215,307,Brooklyn,14,0,14,3,4.7,0.0,0.0
3016612,259,PROSPECT PARK WEST,11215,307,Brooklyn,34,0,34,7,4.9,0.0,0.0
3017222,564,7 AVENUE,11215,307,Brooklyn,24,7,31,8,3.9,0.0,0.0
3017328,596,  19 STREET,11218,307,Brooklyn,8,4,12,3,4.0,0.0,0.0
3017562,324,21 STREET,11215,307,Brooklyn,14,0,14,4,3.5,0.0,0.0
3017770,881,39 STREET,11232,312,Brooklyn,30,0,30,6,5.0,0.0,0.0
3017772,875,39 STREET,11232,312,Brooklyn,22,1,23,6,3.8,0.0,0.0
3017784,511,40 STREET,11232,307,Brooklyn,29,0,29,9,3.2,0.0,0.0
3017807,566,39 STREET,11232,307,Brooklyn,122,2,124,6,20.7,0.0,0.0
3017836,527,40 STREET,11232,307,Brooklyn,56,0,56,8,7.0,0.0,0.0
3017964,861,  40 STREET,11232,312,Brooklyn,25,0,25,6,4.2,0.0,0.0
3018067,724,40 STREET,11232,307,Brooklyn,29,0,29,8,3.6,0.0,0.0
3018078,4002,8 AVENUE,11232,307,Brooklyn,31,0,31,5,6.2,0.0,0.0
3018095,735,41 STREET,11232,307,Brooklyn,66,2,68,6,11.3,0.0,0.0
3018135,4022,9 AVENUE,11232,312,Brooklyn,19,0,19,3,6.3,0.0,0.0
3018164,4109,7 AVENUE,11232,307,Brooklyn,48,0,48,16,3.0,0.0,0.0
3018165,4103,7 AVENUE,11232,307,Brooklyn,69,1,70,20,3.5,0.0,0.0
3018243,869,42 STREET,11232,312,Brooklyn,66,0,66,16,4.1,0.0,0.0
3018301,4222,8 AVENUE,11232,307,Brooklyn,15,0,15,4,3.8,0.0,0.0
3018581,53,   5 AVENUE,11217,306,Brooklyn,41,0,41,6,6.8,0.0,0.0
3018665,74,5 AVENUE,11217,306,Brooklyn,55,3,58,6,9.7,0.0,0.0
3018754,35A,PROSPECT PLACE,11217,306,Brooklyn,35,0,35,10,3.5,0.0,0.0
3018824,661,BALTIC STREET,11217,306,Brooklyn,29,0,29,6,4.8,0.0,0.0
3019434,158,6 AVENUE,11217,306,Brooklyn,40,0,40,8,5.0,0.0,0.0
3019529,660,DE GRAW STREET,11217,306,Brooklyn,17,0,17,4,4.3,0.0,0.0
3019568,713,SACKETT STREET,11217,306,Brooklyn,88,0,88,8,11.0,0.0,0.0
3019691,690,SACKETT STREET,11217,306,Brooklyn,26,0,26,4,6.5,0.0,0.0
3019855,126,BERKELEY PLACE,11217,306,Brooklyn,170,0,170,4,42.5,0.0,0.0
3020250,232,   5 AVENUE,11215,306,Brooklyn,16,0,16,3,5.3,0.0,0.0
3020278,233,5 AVENUE,11215,306,Brooklyn,28,0,28,8,3.5,0.0,0.0
3020547,203,GARFIELD PLACE,11215,306,Brooklyn,28,1,29,5,5.8,0.0,0.0
3020778,294,5 AVENUE,11215,306,Brooklyn,52,3,55,7,7.9,0.0,0.0
3020888,317,4 AVENUE,11215,306,Brooklyn,67,0,67,8,8.4,0.0,0.0
3020889,315,4 AVENUE,11215,306,Brooklyn,23,1,24,6,4.0,0.0,0.0
3020900,312,5 AVENUE,11215,306,Brooklyn,20,0,20,6,3.3,0.0,0.0
3021076,392,3 STREET,11215,306,Brooklyn,26,0,26,8,3.3,0.0,0.0
3021385,369,5 AVENUE,11215,306,Brooklyn,39,0,39,6,6.5,0.0,0.0
3021558,242,6 STREET,11215,306,Brooklyn,53,0,53,8,6.6,0.0,0.0
3021606,400,5 AVENUE,11215,306,Brooklyn,20,1,21,3,7.0,0.0,0.0
3021616,305,7 STREET,11215,306,Brooklyn,24,0,24,8,3.0,0.0,0.0
3021631,401,5 AVENUE,11215,306,Brooklyn,23,0,23,3,7.7,0.0,0.0
3022520,459,4 AVENUE,11215,306,Brooklyn,97,0,97,27,3.6,0.0,0.0
3023056,349,12 STREET,11215,306,Brooklyn,38,0,38,8,4.8,0.0,0.0
3023151,252,12 STREET,11215,306,Brooklyn,82,0,82,25,3.3,0.0,0.0
3023198,300,12 STREET,11215,306,Brooklyn,62,0,62,20,3.1,0.0,0.0
3023362,520,4 AVENUE,11215,306,Brooklyn,101,0,101,8,12.6,0.0,0.0
3023363,522,   4 AVENUE,11215,306,Brooklyn,45,0,45,8,5.6,0.0,0.0
3023365,526,4 AVENUE,11215,306,Brooklyn,58,1,59,7,8.4,0.0,0.0
3023496,263,  14 STREET,11215,306,Brooklyn,76,0,76,21,3.6,0.0,0.0
3023701,280,14 STREET,11215,306,Brooklyn,91,2,93,25,3.7,0.0,0.0
3023819,60,15 STREET,11215,307,Brooklyn,38,0,38,3,12.7,0.0,0.0
3023820,62,  15 STREET,11215,307,Brooklyn,49,0,49,3,16.3,0.0,0.0
3023966,270,15 STREET,11215,307,Brooklyn,248,1,249,20,12.4,0.0,0.0
3024163,199,PROSPECT AVENUE,11215,307,Brooklyn,65,0,65,6,10.8,0.0,0.0
3024206,582,   6 AVENUE,11215,307,Brooklyn,24,7,31,6,5.2,0.0,0.0
3024447,230,ST JOHNS PLACE,11217,306,Brooklyn,29,2,31,8,3.9,0.0,0.0
3024860,133,   7 AVENUE,11215,306,Brooklyn,9,1,10,3,3.3,0.0,0.0
3024939,121,8 AVENUE,11215,306,Brooklyn,22,0,22,7,3.1,0.0,0.0
3025119,278,GARFIELD PLACE,11215,306,Brooklyn,14,0,14,3,4.7,0.0,0.0
3025524,420,   8 AVENUE,11215,306,Brooklyn,52,2,54,16,3.4,0.0,0.0
3025919,317,7 AVENUE,11215,306,Brooklyn,28,2,30,6,5.0,0.0,0.0
3026021,920,   8 AVENUE,11215,306,Brooklyn,36,6,42,4,10.5,0.0,0.0
3026181,505,11 STREET,11215,306,Brooklyn,15,0,15,3,5.0,0.0,0.0
3026228,653,11 STREET,11215,306,Brooklyn,23,5,28,8,3.5,0.0,0.0
3026404,1203,8 AVENUE,11215,306,Brooklyn,65,2,67,8,8.4,0.0,0.0
3026675,357,  16 STREET,11215,307,Brooklyn,31,0,31,8,3.9,0.0,0.0
3026775,475,  16 STREET,11215,307,Brooklyn,36,1,37,8,4.6,0.0,0.0
3026829,465,7 AVENUE,11215,307,Brooklyn,13,1,14,3,4.7,0.0,0.0
3027478,899,PACIFIC STREET,11238,308,Brooklyn,12,0,12,4,3.0,0.0,0.0
3027731,785,DEAN STREET,11238,308,Brooklyn,16,0,16,5,3.2,0.0,0.0
3027816,552,DEAN STREET,11217,308,Brooklyn,85,6,91,8,11.4,0.0,0.0
3027832,545,BERGEN STREET,11217,308,Brooklyn,32,1,33,8,4.1,0.0,0.0
3027910,686,DEAN STREET,11238,308,Brooklyn,14,0,14,4,3.5,0.0,0.0
3028143,580,VANDERBILT AVENUE,11238,308,Brooklyn,13,0,13,4,3.3,0.0,0.0
3028153,197,ST MARKS AVENUE,11238,308,Brooklyn,19,0,19,6,3.2,0.0,0.0
3028218,722,BERGEN STREET,11238,308,Brooklyn,25,1,26,7,3.7,0.0,0.0
3028224,740,BERGEN STREET,11238,308,Brooklyn,11,0,11,3,3.7,0.0,0.0
3028293,872,BERGEN STREET,11238,308,Brooklyn,34,0,34,8,4.3,0.0,0.0
3028323,483,ST MARKS AVENUE,11238,308,Brooklyn,54,0,54,8,6.8,0.0,0.0
3028328,459,ST MARKS AVENUE,11238,308,Brooklyn,43,1,44,5,8.8,0.0,0.0
3028341,94,ST MARKS AVENUE,11217,308,Brooklyn,16,1,17,3,5.7,0.0,0.0
3028555,340,ST MARKS AVENUE,11238,308,Brooklyn,100,0,100,6,16.7,0.0,0.0
3028576,345,PROSPECT PLACE,11238,308,Brooklyn,28,2,30,8,3.8,0.0,0.0
3028593,618,GRAND AVENUE,11238,308,Brooklyn,30,0,30,8,3.8,0.0,0.0
3028609,388,ST MARKS AVENUE,11238,308,Brooklyn,102,0,102,12,8.5,0.0,0.0
3028612,400,ST MARKS AVENUE,11238,308,Brooklyn,47,0,47,12,3.9,0.0,0.0
3028613,406,ST MARKS AVENUE,11238,308,Brooklyn,35,0,35,7,5.0,0.0,0.0
3028614,408,ST MARKS AVENUE,11238,308,Brooklyn,29,0,29,8,3.6,0.0,0.0
3028616,412,ST MARKS AVENUE,11238,308,Brooklyn,51,0,51,7,7.3,0.0,0.0
3028618,416,ST MARKS AVENUE,11238,308,Brooklyn,29,0,29,7,4.1,0.0,0.0
3028644,469,PROSPECT PLACE,11238,308,Brooklyn,44,0,44,8,5.5,0.0,0.0
3028683,581,PROSPECT PLACE,11238,308,Brooklyn,13,0,13,4,3.3,0.0,0.0
3028762,175,PARK PLACE,11238,308,Brooklyn,101,0,101,10,10.1,0.0,0.0
3028876,386,PROSPECT PLACE,11238,308,Brooklyn,42,0,42,8,5.3,0.0,0.0
3028897,395,PARK PLACE,11238,308,Brooklyn,15,0,15,4,3.8,0.0,0.0
3029001,560,PROSPECT PLACE,11238,308,Brooklyn,68,0,68,20,3.4,0.0,0.0
3029003,572,PROSPECT PLACE,11238,308,Brooklyn,108,0,108,20,5.4,0.0,0.0
3029024,597,PARK PLACE,11238,308,Brooklyn,53,1,54,8,6.8,0.0,0.0
3029191,750,WASHINGTON AVENUE,11238,308,Brooklyn,60,0,60,16,3.8,0.0,0.0
3029247,495,STERLING PLACE,11238,308,Brooklyn,105,0,105,19,5.5,0.0,0.0
3029269,594,PARK PLACE,11238,308,Brooklyn,92,0,92,20,4.6,0.0,0.0
3029282,728,FRANKLIN AVENUE,11238,308,Brooklyn,38,0,38,12,3.2,0.0,0.0
3029454,477,ST JOHNS PLACE,11238,308,Brooklyn,47,1,48,16,3.0,0.0,0.0
3029455,473,ST JOHNS PLACE,11238,308,Brooklyn,68,3,71,16,4.4,0.0,0.0
3029510,567,ST JOHNS PLACE,11238,308,Brooklyn,315,1,316,8,39.5,0.0,0.0
3029542,832,WASHINGTON AVENUE,11238,308,Brooklyn,17,3,20,6,3.3,0.0,0.0
3029582,554,ST JOHNS PLACE,11238,308,Brooklyn,44,0,44,6,7.3,0.0,0.0
3029603,563,LINCOLN PLACE,11238,308,Brooklyn,15,8,23,6,3.8,0.0,0.0
3029624,326,LINCOLN PLACE,11238,308,Brooklyn,89,1,90,37,2.4,0.0,0.0
3029631,95,EASTERN PARKWAY,11238,308,Brooklyn,92,1,93,42,2.2,0.0,0.0
3029652,241,EASTERN PARKWAY,11238,308,Brooklyn,193,3,196,90,2.2,0.0,0.0
3029726,941,WASHINGTON AVENUE,11225,309,Brooklyn,100,7,107,52,2.1,0.0,0.0
3029741,585,FRANKLIN AVENUE,11238,308,Brooklyn,10,0,10,3,3.3,0.0,0.0
3029744,579,FRANKLIN AVENUE,11238,308,Brooklyn,14,3,17,4,4.3,0.0,0.0
3029780,1235,PACIFIC STREET,11216,308,Brooklyn,44,0,44,11,4.0,0.0,0.0
3029797,70,NEW YORK AVENUE,11216,308,Brooklyn,34,0,34,8,4.3,0.0,0.0
3029800,1353,PACIFIC STREET,11216,308,Brooklyn,28,0,28,8,3.5,0.0,0.0
3029816,1295,PACIFIC STREET,11216,308,Brooklyn,51,0,51,6,8.5,0.0,0.0
3029851,1399,PACIFIC STREET,11216,308,Brooklyn,12,0,12,4,3.0,0.0,0.0
3029975,1075,DEAN STREET,11216,308,Brooklyn,49,4,53,3,17.7,0.0,0.0
3030018,1165,DEAN STREET,11216,308,Brooklyn,13,0,13,4,3.3,0.0,0.0
3030053,1316,PACIFIC STREET,11216,308,Brooklyn,44,0,44,8,5.5,0.0,0.0
3030068,1237,DEAN STREET,11216,308,Brooklyn,51,2,53,13,4.1,0.0,0.0
3030088,1197,DEAN STREET,11216,308,Brooklyn,35,3,38,6,6.3,0.0,0.0
3030094,1332,PACIFIC STREET,11216,308,Brooklyn,14,0,14,3,4.7,0.0,0.0
3030111,1378,PACIFIC STREET,11216,308,Brooklyn,122,0,122,23,5.3,0.0,0.0
3030151,1448,PACIFIC STREET,11216,308,Brooklyn,101,1,102,8,12.8,0.0,0.0
3030187,95,KINGSTON AVENUE,11213,308,Brooklyn,32,0,32,8,4.0,0.0,0.0
3030211,126,ALBANY AVENUE,11213,308,Brooklyn,70,0,70,7,10.0,0.0,0.0
3030212,1483,DEAN STREET,11213,308,Brooklyn,28,0,28,8,3.5,0.0,0.0
3030231,1445,DEAN STREET,11213,308,Brooklyn,9,0,9,3,3.0,0.0,0.0
3030337,1077,BERGEN STREET,11216,308,Brooklyn,36,0,36,7,5.1,0.0,0.0
3030347,1057,BERGEN STREET,11216,308,Brooklyn,37,0,37,12,3.1,0.0,0.0
3030348,1055,BERGEN STREET,11216,308,Brooklyn,793,7,800,16,50.0,0.0,0.0
3030349,1051,BERGEN STREET,11216,308,Brooklyn,0,13,13,4,3.3,0.0,0.0
3030384,1131,BERGEN STREET,11216,308,Brooklyn,54,0,54,17,3.2,0.0,0.0
3030573,952,BERGEN STREET,11216,308,Brooklyn,69,1,70,10,7.0,0.0,0.0
3030616,575,ST MARKS AVENUE,11216,308,Brooklyn,154,10,164,7,23.4,0.0,0.0
3030657,1066,BERGEN STREET,11216,308,Brooklyn,115,0,115,16,7.2,0.0,0.0
3030690,641,ST MARKS AVENUE,11216,308,Brooklyn,71,2,73,15,4.9,0.0,0.0
3030702,701,ST MARK'S AVENUE,11216,308,Brooklyn,87,2,89,23,3.9,0.0,0.0
3030724,1144,BERGEN STREET,11216,308,Brooklyn,59,0,59,17,3.5,0.0,0.0
3030793,867,ST MARKS AVENUE,11213,308,Brooklyn,22,25,47,10,4.7,0.0,0.0
3030802,913,ST MARKS AVENUE,11213,308,Brooklyn,30,1,31,4,7.8,0.0,0.0
3030827,1352,BERGEN STREET,11213,308,Brooklyn,103,0,103,4,25.8,0.0,0.0
3030844,971,ST MARKS AVENUE,11213,308,Brooklyn,70,0,70,8,8.8,0.0,0.0
3030918,1411,BEDFORD AVENUE,11216,308,Brooklyn,26,0,26,3,8.7,0.0,0.0
3030989,781,PROSPECT PLACE,11216,308,Brooklyn,74,0,74,10,7.4,0.0,0.0
3031002,758,ST MARKS AVENUE,11216,308,Brooklyn,102,0,102,6,17.0,0.0,0.0
3031007,855,PROSPECT PLACE,11216,308,Brooklyn,49,0,49,7,7.0,0.0,0.0
3031024,805,PROSPECT PLACE,11216,308,Brooklyn,75,0,75,9,8.3,0.0,0.0
3031027,169,NEW YORK AVENUE,11216,308,Brooklyn,125,0,125,8,15.6,0.0,0.0
3031088,1097,PROSPECT PLACE,11213,308,Brooklyn,227,2,229,13,17.6,0.0,0.0
3031110,693,FRANKLIN AVENUE,11238,308,Brooklyn,44,0,44,8,5.5,0.0,0.0
3031131,1430,BEDFORD AVENUE,11216,308,Brooklyn,117,0,117,8,14.6,0.0,0.0
3031133,1434,BEDFORD AVENUE,11216,308,Brooklyn,81,0,81,8,10.1,0.0,0.0
3031165,725,PARK PLACE,11216,308,Brooklyn,48,0,48,8,6.0,0.0,0.0
3031198,734,PROSPECT PLACE,11216,308,Brooklyn,8,3,11,3,3.7,0.0,0.0
3031204,746,PROSPECT PLACE,11216,308,Brooklyn,22,0,22,6,3.7,0.0,0.0
3031239,846,PROSPECT PLACE,11216,308,Brooklyn,323,2,325,20,16.3,0.0,0.0
3031294,930,PROSPECT PLACE,11213,308,Brooklyn,332,1,333,16,20.8,0.0,0.0
3031295,940,PROSPECT PLACE,11213,308,Brooklyn,118,1,119,16,7.4,0.0,0.0
3031299,981,PARK PLACE,11213,308,Brooklyn,102,6,108,25,4.3,0.0,0.0
3031305,949,PARK PLACE,11213,308,Brooklyn,31,1,32,8,4.0,0.0,0.0
3031307,941,PARK PLACE,11213,308,Brooklyn,77,0,77,16,4.8,0.0,0.0
3031424,1452,BEDFORD AVENUE,11216,308,Brooklyn,41,1,42,8,5.3,0.0,0.0
3031457,1469,BEDFORD AVENUE,11216,308,Brooklyn,166,2,168,27,6.2,0.0,0.0
3031495,784,PARK PLACE,11216,308,Brooklyn,88,0,88,8,11.0,0.0,0.0
3031501,804,PARK PLACE,11216,308,Brooklyn,114,0,114,8,14.3,0.0,0.0
3031548,894,PARK PLACE,11216,308,Brooklyn,80,1,81,10,8.1,0.0,0.0
3031562,915,STERLING PLACE,11216,308,Brooklyn,50,1,51,7,7.3,0.0,0.0
3031640,1000,PARK PLACE,11213,308,Brooklyn,21,0,21,7,3.0,0.0,0.0
3031803,1478,BEDFORD AVENUE,11216,308,Brooklyn,34,1,35,6,5.8,0.0,0.0
3031806,1490,BEDFORD AVENUE,11216,308,Brooklyn,24,2,26,8,3.3,0.0,0.0
3031857,761,ST JOHN PLACE,11216,308,Brooklyn,15,1,16,4,4.0,0.0,0.0
3031887,823,ST JOHNS PLACE,11216,308,Brooklyn,37,0,37,10,3.7,0.0,0.0
3031890,811,ST JOHNS PLACE,11216,308,Brooklyn,42,0,42,6,7.0,0.0,0.0
3031904,763,ST JOHNS PLACE,11216,308,Brooklyn,32,0,32,6,5.3,0.0,0.0
3031972,244,NEW YORK AVENUE,11216,308,Brooklyn,25,0,25,8,3.1,0.0,0.0
3031973,248,NEW YORK AVENUE,11216,308,Brooklyn,61,0,61,8,7.6,0.0,0.0
3031974,250,NEW YORK AVENUE,11216,308,Brooklyn,59,0,59,8,7.4,0.0,0.0
3031975,254,NEW YORK AVENUE,11216,308,Brooklyn,53,0,53,8,6.6,0.0,0.0
3032052,239,KINGSTON AVENUE,11213,308,Brooklyn,20,0,20,5,4.0,0.0,0.0
3032076,268,ALBANY AVENUE,11213,308,Brooklyn,46,0,46,8,5.8,0.0,0.0
3032084,1157,ST JOHNS PLACE,11213,308,Brooklyn,23,0,23,4,5.8,0.0,0.0
3032087,1149,ST JOHNS PLACE,11213,308,Brooklyn,160,0,160,8,20.0,0.0,0.0
3032186,625,LINCOLN PLACE,11216,308,Brooklyn,13,0,13,4,3.3,0.0,0.0
3032190,738,ST JOHNS PLACE,11216,308,Brooklyn,31,0,31,8,3.9,0.0,0.0
3032206,689,LINCOLN PLACE,11216,308,Brooklyn,25,1,26,6,4.3,0.0,0.0
3032254,767,LINCOLN PLACE,11216,308,Brooklyn,121,0,121,12,10.1,0.0,0.0
3032635,521,EASTERN PARKWAY,11216,308,Brooklyn,18,2,20,3,6.7,0.0,0.0
3032642,487,EASTERN PARKWAY,11216,308,Brooklyn,84,0,84,16,5.3,0.0,0.0
3032716,291,NEW YORK AVENUE,11216,308,Brooklyn,15,0,15,3,5.0,0.0,0.0
3032868,805,EASTERN PARKWAY,11213,308,Brooklyn,36,0,36,3,12.0,0.0,0.0
3032899,500,EASTERN PARKWAY,11225,309,Brooklyn,130,0,130,16,8.1,0.0,0.0
3032925,807,NOSTRAND AVENUE,11225,309,Brooklyn,35,1,36,6,6.0,0.0,0.0
3032938,596,EASTERN PARKWAY,11225,309,Brooklyn,9,1,10,3,3.3,0.0,0.0
3032957,1275,UNION STREET,11225,309,Brooklyn,41,4,45,11,4.1,0.0,0.0
3033060,800,EASTERN PARKWAY,11213,309,Brooklyn,103,0,103,4,25.8,0.0,0.0
3033166,204,ROGERS AVENUE,11225,309,Brooklyn,14,0,14,3,4.7,0.0,0.0
3033213,864,NOSTRAND AVENUE,11225,309,Brooklyn,30,2,32,10,3.2,0.0,0.0
3033219,1171,PRESIDENT STREET,11225,309,Brooklyn,83,5,88,39,2.3,0.0,0.0
3033230,835,NOSTRAND AVENUE,11225,309,Brooklyn,132,6,138,10,13.8,0.0,0.0
3033234,823,NOSTRAND AVENUE,11225,309,Brooklyn,40,0,40,10,4.0,0.0,0.0
3033524,1146,PRESIDENT STREET,11225,309,Brooklyn,24,0,24,8,3.0,0.0,0.0
3033527,1160,PRESIDENT STREET,11225,309,Brooklyn,111,0,111,28,4.0,0.0,0.0
3033530,1180,PRESIDENT STREET,11225,309,Brooklyn,354,0,354,20,17.7,0.0,0.0
3033556,1119,CARROLL STREET,11225,309,Brooklyn,29,1,30,8,3.8,0.0,0.0
3034431,346,MONTGOMERY STREET,11225,309,Brooklyn,104,2,106,24,4.4,0.0,0.0
3034846,448,EMPIRE BOULEVARD,11225,309,Brooklyn,14,0,14,4,3.5,0.0,0.0
3034858,488,EMPIRE BOULEVARD,11225,309,Brooklyn,17,0,17,4,4.3,0.0,0.0
3034937,1785,BEDFORD AVENUE,11225,309,Brooklyn,33,31,64,4,16.0,0.0,0.0
3034938,1783,BEDFORD AVENUE,11225,309,Brooklyn,9,6,15,4,3.8,0.0,0.0
3034980,420,ROGERS AVENUE,11225,309,Brooklyn,28,0,28,4,7.0,0.0,0.0
3035219,650,EMPIRE BOULEVARD,11213,309,Brooklyn,85,0,85,42,2.0,0.0,0.0
3035257,197,LINCOLN ROAD,11225,309,Brooklyn,184,17,201,53,3.8,0.0,0.0
3035291,452,ROGERS AVENUE,11225,309,Brooklyn,69,0,69,7,9.9,0.0,0.0
3035302,235,LINCOLN ROAD,11225,309,Brooklyn,10,0,10,3,3.3,0.0,0.0
3035330,437,ROGERS AVENUE,11225,309,Brooklyn,14,7,21,6,3.5,0.0,0.0
3035331,433,ROGERS AVENUE,11225,309,Brooklyn,60,0,60,12,5.0,0.0,0.0
3035374,333,LINCOLN ROAD,11225,309,Brooklyn,43,1,44,8,5.5,0.0,0.0
3035376,323,LINCOLN ROAD,11225,309,Brooklyn,58,1,59,16,3.7,0.0,0.0
3035457,495,EAST NEW YORK AVENUE,11225,309,Brooklyn,37,0,37,6,6.2,0.0,0.0
3035510,1638,ATLANTIC AVENUE,11213,308,Brooklyn,10,1,11,3,3.7,0.0,0.0
3035628,123,ALBANY AVENUE,11213,308,Brooklyn,72,1,73,6,12.2,0.0,0.0
3035639,1552,PACIFIC STREET,11213,308,Brooklyn,11,0,11,3,3.7,0.0,0.0
3035651,1596,PACIFIC STREET,11213,308,Brooklyn,75,0,75,8,9.4,0.0,0.0
3035654,78,TROY AVENUE,11213,308,Brooklyn,154,0,154,5,30.8,0.0,0.0
3035669,1505,DEAN STREET,11213,308,Brooklyn,17,0,17,3,5.7,0.0,0.0
3035746,374,RALPH AVENUE,11233,308,Brooklyn,73,0,73,13,5.6,0.0,0.0
3035756,141,ALBANY AVENUE,11213,308,Brooklyn,35,1,36,8,4.5,0.0,0.0
3035758,135,ALBANY AVENUE,11213,308,Brooklyn,63,0,63,12,5.3,0.0,0.0
3035759,1494,DEAN STREET,11213,308,Brooklyn,18,0,18,5,3.6,0.0,0.0
3035829,1605,BERGEN STREET,11213,308,Brooklyn,41,5,46,3,15.3,0.0,0.0
3036030,1160,ST MARKS AVENUE,11213,308,Brooklyn,36,0,36,4,9.0,0.0,0.0
3036031,1162,ST MARKS AVENUE,11213,308,Brooklyn,58,0,58,4,14.5,0.0,0.0
3036047,162,UTICA AVENUE,11213,308,Brooklyn,111,21,132,6,22.0,0.0,0.0
3036061,1341,PROSPECT PLACE,11213,308,Brooklyn,17,0,17,3,5.7,0.0,0.0
3036091,1222,ST MARKS AVENUE,11213,308,Brooklyn,12,0,12,4,3.0,0.0,0.0
3036137,468,RALPH AVENUE,11233,308,Brooklyn,18,1,19,6,3.2,0.0,0.0
3036139,474,RALPH AVENUE,11233,308,Brooklyn,12,0,12,3,4.0,0.0,0.0
3036211,1308,PROSPECT PLACE,11213,308,Brooklyn,45,2,47,5,9.4,0.0,0.0
3036245,182,UTICA AVENUE,11213,308,Brooklyn,8,1,9,3,3.0,0.0,0.0
3036275,185,UTICA AVENUE,11213,308,Brooklyn,0,11,11,3,3.7,0.0,0.0
3036312,196,BUFFALO AVENUE,11213,308,Brooklyn,54,1,55,13,4.2,0.0,0.0
3036317,1557,PARK PLACE,11213,308,Brooklyn,68,3,71,4,17.8,0.0,0.0
3036352,1612,PROSPECT PLACE,11233,308,Brooklyn,12,0,12,4,3.0,0.0,0.0
3036353,1614,PROSPECT PLACE,11233,308,Brooklyn,30,0,30,4,7.5,0.0,0.0
3036355,1620,PROSPECT PLACE,11233,308,Brooklyn,73,1,74,4,18.5,0.0,0.0
3036361,1641,PARK PLACE,11233,308,Brooklyn,60,1,61,6,10.2,0.0,0.0
3036410,207,TROY AVENUE,11213,308,Brooklyn,28,0,28,6,4.7,0.0,0.0
3036413,1254,PARK PLACE,11213,308,Brooklyn,9,0,9,3,3.0,0.0,0.0
3036450,1353,STERLING PLACE,11213,308,Brooklyn,62,0,62,7,8.9,0.0,0.0
3036487,1350,PARK PLACE,11213,308,Brooklyn,366,1,367,19,19.3,0.0,0.0
3036564,1474,PARK PLACE,11213,308,Brooklyn,50,0,50,16,3.1,0.0,0.0
3036580,1477,STERLING PLACE,11213,308,Brooklyn,17,0,17,3,5.7,0.0,0.0
3036646,536,RALPH AVENUE,11233,308,Brooklyn,28,0,28,5,5.6,0.0,0.0
3036654,1665,STERLING PLACE,11233,308,Brooklyn,17,0,17,4,4.3,0.0,0.0
3036657,1657,STERLING PLACE,11233,308,Brooklyn,16,0,16,4,4.0,0.0,0.0
3036730,239,TROY AVENUE,11213,308,Brooklyn,60,7,67,10,6.7,0.0,0.0
3036734,231,TROY AVENUE,11213,308,Brooklyn,21,1,22,6,3.7,0.0,0.0
3036740,1294,STERLING PLACE,11213,308,Brooklyn,38,0,38,6,6.3,0.0,0.0
3036741,1298,STERLING PLACE,11213,308,Brooklyn,94,0,94,6,15.7,0.0,0.0
3036759,232,SCHENECTADY AVENUE,11213,308,Brooklyn,35,0,35,6,5.8,0.0,0.0
3036767,1333,ST JOHNS PLACE,11213,308,Brooklyn,35,0,35,6,5.8,0.0,0.0
3036771,1321,ST JOHNS PLACE,11213,308,Brooklyn,222,1,223,6,37.2,0.0,0.0
3036793,217,SCHENECTADY AVENUE,11213,308,Brooklyn,16,0,16,4,4.0,0.0,0.0
3036804,1392,STERLING PLACE,11213,308,Brooklyn,132,0,132,23,5.7,0.0,0.0
3036805,1402,STERLING PLACE,11213,308,Brooklyn,72,0,72,20,3.6,0.0,0.0
3036826,236,UTICA AVENUE,11213,308,Brooklyn,33,0,33,3,11.0,0.0,0.0
3036833,1391,ST JOHNS PLACE,11213,308,Brooklyn,32,0,32,8,4.0,0.0,0.0
3036839,1379,ST JOHNS PLACE,11213,308,Brooklyn,22,0,22,7,3.1,0.0,0.0
3036842,1371,ST JOHNS PLACE,11213,308,Brooklyn,25,1,26,8,3.3,0.0,0.0
3036854,223,UTICA AVENUE,11213,308,Brooklyn,53,0,53,4,13.3,0.0,0.0
3036855,1448,STERLING PLACE,11213,308,Brooklyn,52,0,52,10,5.2,0.0,0.0
3036857,1460,STERLING PLACE,11213,308,Brooklyn,274,0,274,36,7.6,0.0,0.0
3036891,1598,STERLING PLACE,11213,308,Brooklyn,106,1,107,20,5.3,0.0,0.0
3036903,1515,ST JOHNS PLACE,11213,308,Brooklyn,145,1,146,24,6.1,0.0,0.0
3036919,1668,STERLING PLACE,11233,308,Brooklyn,42,0,42,4,10.5,0.0,0.0
3036927,558,RALPH AVENUE,11233,308,Brooklyn,68,0,68,12,5.7,0.0,0.0
3036935,1631,ST JOHNS PLACE,11233,308,Brooklyn,46,0,46,9,5.1,0.0,0.0
3036956,1222,ST JOHNS PLACE,11213,308,Brooklyn,98,0,98,20,4.9,0.0,0.0
3037015,1306,ST JOHNS PLACE,11213,308,Brooklyn,43,2,45,12,3.8,0.0,0.0
3037094,1301,LINCOLN PLACE,11213,308,Brooklyn,25,0,25,8,3.1,0.0,0.0
3037113,1468,ST JOHNS PLACE,11213,308,Brooklyn,115,0,115,39,2.9,0.0,0.0
3037114,1480,ST JOHNS PLACE,11213,308,Brooklyn,122,0,122,32,3.8,0.0,0.0
3037164,1548,ST JOHNS PLACE,11213,308,Brooklyn,15,0,15,3,5.0,0.0,0.0
3037239,1561,LINCOLN PLACE,11233,308,Brooklyn,21,1,22,6,3.7,0.0,0.0
3037263,276,TROY AVENUE,11213,308,Brooklyn,16,0,16,3,5.3,0.0,0.0
3037305,1005,EASTERN PARKWAY,11213,308,Brooklyn,85,1,86,16,5.4,0.0,0.0
3037307,995,EASTERN PARKWAY,11213,308,Brooklyn,50,0,50,16,3.1,0.0,0.0
3037336,1089,EASTERN PARKWAY,11213,308,Brooklyn,57,0,57,16,3.6,0.0,0.0
3037371,1205,EASTERN PARKWAY,11213,308,Brooklyn,57,4,61,14,4.4,0.0,0.0
3037374,1187,EASTERN PARKWAY,11213,308,Brooklyn,168,2,170,16,10.6,0.0,0.0
3037375,1181,EASTERN PARKWAY,11213,308,Brooklyn,125,2,127,16,7.9,0.0,0.0
3037434,1610,LINCOLN PLACE,11233,308,Brooklyn,7,5,12,3,4.0,0.0,0.0
3037441,1363,EASTERN PARKWAY,11233,308,Brooklyn,27,0,27,5,5.4,0.0,0.0
3037446,1325,EASTERN PARKWAY,11233,308,Brooklyn,98,0,98,43,2.3,0.0,0.0
3037505,1557,UNION STREET,11213,309,Brooklyn,60,0,60,8,7.5,0.0,0.0
3037508,964,EASTERN PARKWAY,11213,309,Brooklyn,49,8,57,12,4.8,0.0,0.0
3037509,970,EASTERN PARKWAY,11213,309,Brooklyn,41,1,42,12,3.5,0.0,0.0
3037516,1018,EASTERN PARKWAY,11213,309,Brooklyn,176,0,176,34,5.2,0.0,0.0
3037545,1074,EASTERN PARKWAY,11213,309,Brooklyn,186,0,186,31,6.0,0.0,0.0
3037549,1098,EASTERN PARKWAY,11213,309,Brooklyn,58,1,59,16,3.7,0.0,0.0
3037634,1961,UNION STREET,11233,308,Brooklyn,99,1,100,4,25.0,0.0,0.0
3037768,1677,PRESIDENT STREET,11213,309,Brooklyn,74,0,74,20,3.7,0.0,0.0
3037805,318,ROCHESTER AVENUE,11213,309,Brooklyn,152,0,152,35,4.3,0.0,0.0
3037989,1703,CARROLL STREET,11213,309,Brooklyn,18,0,18,4,4.5,0.0,0.0
3037992,1695,CARROLL STREET,11213,309,Brooklyn,40,0,40,4,10.0,0.0,0.0
3038188,799,CROWN STREET,11213,309,Brooklyn,24,0,24,4,6.0,0.0,0.0
3038214,401,TROY AVENUE,11213,309,Brooklyn,21,0,21,5,4.2,0.0,0.0
3038252,871,MONTGOMERY STREET,11213,309,Brooklyn,95,0,95,4,23.8,0.0,0.0
3038254,865,MONTGOMERY STREET,11213,309,Brooklyn,52,0,52,4,13.0,0.0,0.0
3038262,734,CROWN STREET,11213,309,Brooklyn,13,0,13,4,3.3,0.0,0.0
3038278,776,CROWN STREET,11213,309,Brooklyn,241,2,243,46,5.3,0.0,0.0
3038310,836,CROWN STREET,11213,309,Brooklyn,193,0,193,59,3.3,0.0,0.0
3038385,829,EMPIRE BOULEVARD,11213,309,Brooklyn,26,2,28,9,3.1,0.0,0.0
3038387,395,SCHENECTADY AVENUE,11213,309,Brooklyn,45,1,46,13,3.5,0.0,0.0
3038389,928,MONTGOMERY STREET,11213,309,Brooklyn,13,0,13,4,3.3,0.0,0.0
3038403,972,MONTGOMERY STREET,11213,309,Brooklyn,17,2,19,4,4.8,0.0,0.0
3038565,2152,ATLANTIC AVENUE,11233,316,Brooklyn,54,0,54,3,18.0,0.0,0.0
3038572,2181,PACIFIC STREET,11233,316,Brooklyn,138,0,138,15,9.2,0.0,0.0
3038610,2292,ATLANTIC AVENUE,11233,316,Brooklyn,14,0,14,3,4.7,0.0,0.0
3038612,2296,ATLANTIC AVENUE,11233,316,Brooklyn,8,1,9,3,3.0,0.0,0.0
3038613,2298,ATLANTIC AVENUE,11233,316,Brooklyn,169,0,169,3,56.3,0.0,0.0
3038614,2300,ATLANTIC AVENUE,11233,316,Brooklyn,33,1,34,8,4.3,0.0,0.0
3038651,2338,ATLANTIC AVENUE,11233,316,Brooklyn,108,8,116,24,4.8,0.0,0.0
3038655,2362,ATLANTIC AVENUE,11233,316,Brooklyn,25,0,25,3,8.3,0.0,0.0
3038671,2065,DEAN STREET,11233,316,Brooklyn,49,0,49,16,3.1,0.0,0.0
3038695,2062,PACIFIC STREET,11233,316,Brooklyn,10,0,10,3,3.3,0.0,0.0
3038700,2093,DEAN STREET,11233,316,Brooklyn,39,1,40,4,10.0,0.0,0.0
3038703,2083,DEAN STREET,11233,316,Brooklyn,42,0,42,4,10.5,0.0,0.0
3038705,2077,DEAN STREET,11233,316,Brooklyn,13,0,13,4,3.3,0.0,0.0
3038737,2238,PACIFIC STREET,11233,316,Brooklyn,49,0,49,6,8.2,0.0,0.0
3038738,2240,PACIFIC STREET,11233,316,Brooklyn,38,0,38,6,6.3,0.0,0.0
3038759,2375,DEAN STREET,11233,316,Brooklyn,154,0,154,13,11.8,0.0,0.0
3038770,2350,PACIFIC STREET,11233,316,Brooklyn,31,0,31,3,10.3,0.0,0.0
3038771,2352,PACIFIC STREET,11233,316,Brooklyn,26,1,27,3,9.0,0.0,0.0
3038777,2364,PACIFIC STREET,11233,316,Brooklyn,11,2,13,3,4.3,0.0,0.0
3038782,134,SACKMAN STREET,11233,316,Brooklyn,29,0,29,4,7.3,0.0,0.0
3038783,136,SACKMAN STREET,11233,316,Brooklyn,41,1,42,6,7.0,0.0,0.0
3038825,1719,EAST NEW YORK AVENUE,11212,316,Brooklyn,28,2,30,3,10.0,0.0,0.0
3038872,1931,BERGEN STREET,11233,316,Brooklyn,15,0,15,3,5.0,0.0,0.0
3038874,1927,BERGEN STREET,11233,316,Brooklyn,39,1,40,3,13.3,0.0,0.0
3038878,1919,BERGEN STREET,11233,316,Brooklyn,27,0,27,3,9.0,0.0,0.0
3038893,2160,DEAN STREET,11233,316,Brooklyn,31,3,34,6,5.7,0.0,0.0
3038978,2446,DEAN STREET,11233,316,Brooklyn,13,0,13,3,4.3,0.0,0.0
3039014,1415,ST MARKS AVENUE,11233,316,Brooklyn,10,0,10,3,3.3,0.0,0.0
3039039,1904,BERGEN STREET,11233,316,Brooklyn,40,1,41,3,13.7,0.0,0.0
3039055,340,SARATOGA AVENUE,11233,316,Brooklyn,48,0,48,3,16.0,0.0,0.0
3039061,1521,ST MARKS AVENUE,11233,316,Brooklyn,15,0,15,3,5.0,0.0,0.0
3039063,1517,ST MARKS AVENUE,11233,316,Brooklyn,0,10,10,3,3.3,0.0,0.0
3039104,2018,BERGEN STREET,11233,316,Brooklyn,22,0,22,7,3.1,0.0,0.0
3039125,1651,ST MARKS AVENUE,11233,316,Brooklyn,22,3,25,4,6.3,0.0,0.0
3039131,1631,ST MARKS AVENUE,11233,316,Brooklyn,79,0,79,8,9.9,0.0,0.0
3039148,477,RALPH AVENUE,11233,316,Brooklyn,10,2,12,3,4.0,0.0,0.0
3039179,1677,PROSPECT PLACE,11233,316,Brooklyn,68,2,70,3,23.3,0.0,0.0
3039194,1466,ST MARKS AVENUE,11233,316,Brooklyn,124,0,124,7,17.7,0.0,0.0
3039338,1873,PARK PLACE,11233,316,Brooklyn,83,0,83,3,27.7,0.0,0.0
3039339,1871,PARK PLACE,11233,316,Brooklyn,43,0,43,3,14.3,0.0,0.0
3039343,1861,PARK PLACE,11233,316,Brooklyn,25,0,25,3,8.3,0.0,0.0
3039353,1837,PARK PLACE,11233,316,Brooklyn,28,0,28,3,9.3,0.0,0.0
3039367,1924,PROSPECT PLACE,11233,316,Brooklyn,35,0,35,4,8.8,0.0,0.0
3039370,1936,PROSPECT PLACE,11233,316,Brooklyn,206,3,209,4,52.3,0.0,0.0
3039375,1491,EAST NEW YORK AVENUE,11212,316,Brooklyn,30,0,30,5,6.0,0.0,0.0
3039376,1939,PARK PLACE,11233,316,Brooklyn,187,0,187,37,5.1,0.0,0.0
3039383,1682,PARK PLACE,11233,316,Brooklyn,163,1,164,20,8.2,0.0,0.0
3039387,1757,STERLING PLACE,11233,316,Brooklyn,49,0,49,16,3.1,0.0,0.0
3039397,417,SARATOGA AVENUE,11233,316,Brooklyn,25,1,26,6,4.3,0.0,0.0
3039407,1557,EASTERN PARKWAY,11233,316,Brooklyn,19,0,19,3,6.3,0.0,0.0
3039411,1549,EASTERN PARKWAY,11233,316,Brooklyn,12,0,12,3,4.0,0.0,0.0
3039414,1572,EASTERN PARKWAY,11233,316,Brooklyn,33,0,33,3,11.0,0.0,0.0
3039416,1576,EASTERN PARKWAY,11233,316,Brooklyn,9,0,9,3,3.0,0.0,0.0
3039419,1586,EASTERN PARKWAY,11233,316,Brooklyn,46,0,46,3,15.3,0.0,0.0
3039420,1588,EASTERN PARKWAY,11233,316,Brooklyn,112,0,112,3,37.3,0.0,0.0
3039448,511,HOWARD AVENUE,11233,316,Brooklyn,9,0,9,3,3.0,0.0,0.0
3039471,1526,EASTERN PARKWAY,11233,316,Brooklyn,46,0,46,15,3.1,0.0,0.0
3039472,1530,EASTERN PARKWAY,11233,316,Brooklyn,101,0,101,8,12.6,0.0,0.0
3039483,1540,EASTERN PARKWAY,11233,316,Brooklyn,31,0,31,3,10.3,0.0,0.0
3039525,1488,EASTERN PARKWAY,11233,316,Brooklyn,17,0,17,3,5.7,0.0,0.0
3039530,1792,ST JOHNS PLACE,11233,316,Brooklyn,9,0,9,3,3.0,0.0,0.0
3039531,1798,ST JOHNS PLACE,11233,316,Brooklyn,23,1,24,3,8.0,0.0,0.0
3039533,1804,ST JOHNS PLACE,11233,316,Brooklyn,9,0,9,3,3.0,0.0,0.0
3039556,1430,EASTERN PARKWAY,11233,316,Brooklyn,12,0,12,3,4.0,0.0,0.0
3039570,1429,PITKIN AVENUE,11233,316,Brooklyn,95,1,96,3,32.0,0.0,0.0
3039579,553,HOWARD AVENUE,11233,316,Brooklyn,522,2,524,12,43.7,0.0,0.0
3039596,1398,PITKIN AVENUE,11233,316,Brooklyn,22,0,22,5,4.4,0.0,0.0
3039598,1402,PITKIN AVENUE,11233,316,Brooklyn,13,2,15,3,5.0,0.0,0.0
3039613,849,QUINCY STREET,11221,303,Brooklyn,12,0,12,4,3.0,0.0,0.0
3039675,825,MADISON STREET,11221,303,Brooklyn,59,0,59,3,19.7,0.0,0.0
3039680,73,RALPH AVENUE,11221,303,Brooklyn,25,1,26,6,4.3,0.0,0.0
3039714,969,PUTNAM AVENUE,11221,303,Brooklyn,172,0,172,8,21.5,0.0,0.0
3039721,920,MADISON STREET,11221,303,Brooklyn,76,0,76,13,5.8,0.0,0.0
3039725,1438,BROADWAY,11221,303,Brooklyn,13,1,14,3,4.7,0.0,0.0
3039736,31,HOWARD AVENUE,11221,303,Brooklyn,130,3,133,6,22.2,0.0,0.0
3039820,1078,PUTNAM AVENUE,11221,303,Brooklyn,60,0,60,13,4.6,0.0,0.0
3039833,981,JEFFERSON AVENUE,11221,303,Brooklyn,37,0,37,8,4.6,0.0,0.0
3039844,858,JEFFERSON AVENUE,11221,303,Brooklyn,13,0,13,3,4.3,0.0,0.0
3039856,892,JEFFERSON AVENUE,11221,303,Brooklyn,23,0,23,6,3.8,0.0,0.0
3039867,914,JEFFERSON AVENUE,11221,303,Brooklyn,51,0,51,8,6.4,0.0,0.0
3039869,60,HOWARD AVENUE,11221,303,Brooklyn,18,0,18,3,6.0,0.0,0.0
3039903,992,JEFFERSON AVENUE,11221,303,Brooklyn,226,9,235,9,26.1,0.0,0.0
3039928,795,HALSEY STREET,11233,303,Brooklyn,25,0,25,6,4.2,0.0,0.0
3039971,829,HALSEY STREET,11233,303,Brooklyn,23,0,23,6,3.8,0.0,0.0
3040101,643,MAC DONOUGH STREET,11233,303,Brooklyn,65,0,65,13,5.0,0.0,0.0
3040134,653,MAC DONOUGH STREET,11233,303,Brooklyn,37,3,40,6,6.7,0.0,0.0
3040173,699,MAC DONOUGH STREET,11233,303,Brooklyn,9,0,9,3,3.0,0.0,0.0
3040183,667,MAC DONOUGH STREET,11233,303,Brooklyn,20,0,20,6,3.3,0.0,0.0
3040189,655,MAC DONOUGH STREET,11233,303,Brooklyn,17,5,22,6,3.7,0.0,0.0
3040194,727,MAC DONOUGH STREET,11233,316,Brooklyn,54,0,54,4,13.5,0.0,0.0
3040206,862,MACON STREET,11233,316,Brooklyn,39,0,39,7,5.6,0.0,0.0
3040210,872,MACON STREET,11233,316,Brooklyn,138,2,140,8,17.5,0.0,0.0
3040219,787,MAC DONOUGH STREET,11233,316,Brooklyn,19,0,19,6,3.2,0.0,0.0
3040223,779,MAC DONOUGH STREET,11233,316,Brooklyn,10,0,10,3,3.3,0.0,0.0
3040236,747,MAC DONOUGH STREET,11233,316,Brooklyn,19,0,19,6,3.2,0.0,0.0
3040237,743,MAC DONOUGH STREET,11233,316,Brooklyn,49,0,49,7,7.0,0.0,0.0
3040240,737,MAC DONOUGH STREET,11233,316,Brooklyn,44,0,44,4,11.0,0.0,0.0
3040340,706,MAC DONOUGH STREET,11233,303,Brooklyn,13,0,13,4,3.3,0.0,0.0
3040420,36,HOPKINSON AVENUE,11233,316,Brooklyn,11,0,11,3,3.7,0.0,0.0
3040425,707,DECATUR STREET,11233,316,Brooklyn,17,0,17,3,5.7,0.0,0.0
3040465,818,MAC DONOUGH STREET,11233,316,Brooklyn,12,1,13,3,4.3,0.0,0.0
3040558,165,HOWARD AVENUE,11233,303,Brooklyn,38,0,38,8,4.8,0.0,0.0
3040659,704,DECATUR STREET,11233,316,Brooklyn,35,0,35,7,5.0,0.0,0.0
3040724,627,BAINBRIDGE STREET,11233,316,Brooklyn,26,0,26,3,8.7,0.0,0.0
3040806,349,CHAUNCEY STREET,11233,303,Brooklyn,30,0,30,5,6.0,0.0,0.0
3040807,347,CHAUNCEY STREET,11233,303,Brooklyn,23,1,24,6,4.0,0.0,0.0
3040816,319,CHAUNCEY STREET,11233,303,Brooklyn,50,0,50,6,8.3,0.0,0.0
3040820,199,HOWARD AVENUE,11233,303,Brooklyn,24,3,27,6,4.5,0.0,0.0
3040870,393,CHAUNCEY STREET,11233,303,Brooklyn,32,0,32,6,5.3,0.0,0.0
3040886,528,BAINBRIDGE STREET,11233,316,Brooklyn,21,0,21,4,5.3,0.0,0.0
3040887,530,BAINBRIDGE STREET,11233,316,Brooklyn,14,0,14,4,3.5,0.0,0.0
3040899,562,BAINBRIDGE STREET,11233,316,Brooklyn,18,0,18,6,3.0,0.0,0.0
3040904,491,CHAUNCEY STREET,11233,316,Brooklyn,43,0,43,5,8.6,0.0,0.0
3040907,485,CHAUNCEY STREET,11233,316,Brooklyn,22,0,22,5,4.4,0.0,0.0
3041003,278,CHAUNCEY STREET,11233,303,Brooklyn,147,1,148,8,18.5,0.0,0.0
3041033,328,CHAUNCEY STREET,11233,303,Brooklyn,62,0,62,6,10.3,0.0,0.0
3041034,330,CHAUNCEY STREET,11233,303,Brooklyn,51,0,51,5,10.2,0.0,0.0
3041044,354,CHAUNCEY STREET,11233,303,Brooklyn,175,0,175,16,10.9,0.0,0.0
3041104,373,MARION STREET,11233,316,Brooklyn,20,5,25,4,6.3,0.0,0.0
3041121,339,MARION STREET,11233,316,Brooklyn,13,1,14,3,4.7,0.0,0.0
3041131,319,MARION STREET,11233,316,Brooklyn,10,0,10,3,3.3,0.0,0.0
3041182,540,CHAUNCEY STREET,11233,316,Brooklyn,24,0,24,6,4.0,0.0,0.0
3041228,278,MARION STREET,11233,303,Brooklyn,75,0,75,7,10.7,0.0,0.0
3041253,191,SUMPTER STREET,11233,303,Brooklyn,29,1,30,8,3.8,0.0,0.0
3041292,205,SUMPTER STREET,11233,303,Brooklyn,178,0,178,6,29.7,0.0,0.0
3041304,171,SUMPTER STREET,11233,303,Brooklyn,11,0,11,3,3.7,0.0,0.0
3041306,117,HOPKINSON AVENUE,11233,316,Brooklyn,67,0,67,15,4.5,0.0,0.0
3041333,442,MARION STREET,11233,316,Brooklyn,34,0,34,3,11.3,0.0,0.0
3041410,375,SUMPTER STREET,11233,316,Brooklyn,42,0,42,6,7.0,0.0,0.0
3041501,128,HOPKINSON AVENUE,11233,316,Brooklyn,16,5,21,3,7.0,0.0,0.0
3041573,1921,FULTON STREET,11233,303,Brooklyn,329,0,329,36,9.1,0.0,0.0
3041585,68,MAC DOUGAL STREET,11233,303,Brooklyn,19,0,19,6,3.2,0.0,0.0
3041693,121,HULL STREET,11233,316,Brooklyn,10,0,10,3,3.3,0.0,0.0
3041697,105,HULL STREET,11233,316,Brooklyn,24,0,24,3,8.0,0.0,0.0
3041698,103,HULL STREET,11233,316,Brooklyn,10,5,15,3,5.0,0.0,0.0
3041719,276,MAC DOUGAL STREET,11233,316,Brooklyn,10,0,10,3,3.3,0.0,0.0
3041728,203,HULL STREET,11233,316,Brooklyn,34,2,36,6,6.0,0.0,0.0
3041732,193,HULL STREET,11233,316,Brooklyn,16,0,16,3,5.3,0.0,0.0
3041736,183,HULL STREET,11233,316,Brooklyn,7,5,12,3,4.0,0.0,0.0
3041766,316,MAC DOUGAL STREET,11233,316,Brooklyn,119,1,120,6,20.0,0.0,0.0
3041776,249,HULL STREET,11233,316,Brooklyn,13,1,14,4,3.5,0.0,0.0
3041783,211,HULL STREET,11233,316,Brooklyn,31,0,31,6,5.2,0.0,0.0
3041798,1997,FULTON STREET,11233,316,Brooklyn,27,1,28,3,9.3,0.0,0.0
3041811,48,HULL STREET,11233,316,Brooklyn,12,0,12,3,4.0,0.0,0.0
3041831,82,HULL STREET,11233,316,Brooklyn,21,0,21,3,7.0,0.0,0.0
3041929,85,SOMERS STREET,11233,316,Brooklyn,29,5,34,3,11.3,0.0,0.0
3041971,218,HULL STREET,11233,316,Brooklyn,35,0,35,8,4.4,0.0,0.0
3041987,139,SOMERS STREET,11233,316,Brooklyn,21,0,21,6,3.5,0.0,0.0
3042000,2055,FULTON STREET,11233,316,Brooklyn,0,12,12,4,3.0,0.0,0.0
3042013,56A,SOMERS STREET,11233,316,Brooklyn,18,0,18,3,6.0,0.0,0.0
3042051,110,SOMERS STREET,11233,316,Brooklyn,10,0,10,3,3.3,0.0,0.0
3042081,105,TRUXTON STREET,11233,316,Brooklyn,11,2,13,3,4.3,0.0,0.0
3042083,101,TRUXTON STREET,11233,316,Brooklyn,23,0,23,3,7.7,0.0,0.0
3042110,2008,FULTON STREET,11233,303,Brooklyn,96,0,96,3,32.0,0.0,0.0
3042235,2160,FULTON STREET,11233,316,Brooklyn,24,0,24,5,4.8,0.0,0.0
3042242,2172,FULTON STREET,11233,316,Brooklyn,16,0,16,4,4.0,0.0,0.0
3042248,2182,FULTON STREET,11233,316,Brooklyn,108,2,110,7,15.7,0.0,0.0
3042259,2204,FULTON STREET,11233,316,Brooklyn,214,0,214,4,53.5,0.0,0.0
3042261,2206,FULTON STREET,11233,316,Brooklyn,15,0,15,3,5.0,0.0,0.0
3042315,1449,HERKIMER STREET,11233,316,Brooklyn,63,1,64,3,21.3,0.0,0.0
3042428,255,SARATOGA AVENUE,11233,316,Brooklyn,45,0,45,3,15.0,0.0,0.0
3042432,1122,HERKIMER STREET,11233,316,Brooklyn,28,0,28,3,9.3,0.0,0.0
3042498,219,HOPKINSON AVENUE,11233,316,Brooklyn,39,0,39,8,4.9,0.0,0.0
3042519,18,MARCONI PLACE,11233,316,Brooklyn,12,0,12,3,4.0,0.0,0.0
3042553,1258,HERKIMER STREET,11233,316,Brooklyn,13,0,13,3,4.3,0.0,0.0
3042572,15,GUNTHER PLACE,11233,316,Brooklyn,25,0,25,6,4.2,0.0,0.0
3042592,190,ROCKAWAY AVENUE,11233,316,Brooklyn,29,0,29,8,3.6,0.0,0.0
3042649,1322,HERKIMER STREET,11233,316,Brooklyn,8,1,9,3,3.0,0.0,0.0
3042652,1328,HERKIMER STREET,11233,316,Brooklyn,115,0,115,3,38.3,0.0,0.0
3042656,1336,HERKIMER STREET,11233,316,Brooklyn,9,0,9,3,3.0,0.0,0.0
3042690,1871,EASTERN PARKWAY,11233,316,Brooklyn,79,0,79,3,26.3,0.0,0.0
3042691,1869,EASTERN PARKWAY,11233,316,Brooklyn,130,0,130,3,43.3,0.0,0.0
3042745,2363,ATLANTIC AVENUE,11233,316,Brooklyn,23,1,24,6,4.0,0.0,0.0
3042765,1444,HERKIMER STREET,11233,316,Brooklyn,9,0,9,3,3.0,0.0,0.0
3042797,1480,HERKIMER STREET,11233,316,Brooklyn,15,2,17,5,3.4,0.0,0.0
3042823,25,MARCUS GARVEY AVENUE,11206,303,Brooklyn,9,1,10,3,3.3,0.0,0.0
3042888,327,VERNON AVENUE,11206,303,Brooklyn,21,0,21,6,3.5,0.0,0.0
3042898,948,BROADWAY,11221,303,Brooklyn,15,0,15,5,3.0,0.0,0.0
3042951,28,STUYVESANT AVENUE,11221,303,Brooklyn,14,0,14,4,3.5,0.0,0.0
3042956,819,WILLOUGHBY AVENUE,11206,303,Brooklyn,51,1,52,8,6.5,0.0,0.0
3042985,994,BROADWAY,11221,303,Brooklyn,10,0,10,3,3.3,0.0,0.0
3043010,752,WILLOUGHBY AVENUE,11206,303,Brooklyn,31,0,31,4,7.8,0.0,0.0
3043048,856,WILLOUGHBY AVENUE,11221,303,Brooklyn,124,0,124,8,15.5,0.0,0.0
3043075,316,HART STREET,11206,303,Brooklyn,9,0,9,3,3.0,0.0,0.0
3043086,88,LEWIS AVENUE,11206,303,Brooklyn,11,0,11,3,3.7,0.0,0.0
3043162,63,STUYVESANT AVENUE,11221,303,Brooklyn,19,0,19,6,3.2,0.0,0.0
3043176,4,MALCOLM X BOULEVARD,11221,303,Brooklyn,133,0,133,10,13.3,0.0,0.0
3043205,902,DE KALB AVENUE,11221,303,Brooklyn,15,5,20,6,3.3,0.0,0.0
3043224,403,KOSCIUSKO STREET,11221,303,Brooklyn,39,0,39,13,3.0,0.0,0.0
3043288,533,KOSCIUSKO STREET,11221,303,Brooklyn,11,0,11,3,3.7,0.0,0.0
3043448,524,KOSCIUSKO STREET,11221,303,Brooklyn,18,0,18,3,6.0,0.0,0.0
3043473,1003,LAFAYETTE AVENUE,11221,303,Brooklyn,33,3,36,8,4.5,0.0,0.0
3043531,884,LAFAYETTE AVENUE,11221,303,Brooklyn,29,1,30,3,10.0,0.0,0.0
3043532,886,LAFAYETTE AVENUE,11221,303,Brooklyn,43,1,44,3,14.7,0.0,0.0
3043553,211,VAN BUREN STREET,11221,303,Brooklyn,22,0,22,3,7.3,0.0,0.0
3043571,171,VAN BUREN STREET,11221,303,Brooklyn,51,0,51,16,3.2,0.0,0.0
3043600,936A,LAFAYETTE AVENUE,11221,303,Brooklyn,18,1,19,3,6.3,0.0,0.0
3043670,481,VAN BUREN STREET,11221,303,Brooklyn,116,1,117,17,6.9,0.0,0.0
3043787,857,GREENE AVENUE,11221,303,Brooklyn,41,0,41,8,5.1,0.0,0.0
3043811,815,GREENE AVENUE,11221,303,Brooklyn,92,2,94,9,10.4,0.0,0.0
3043948,241,MARCUS GARVEY AVENUE,11221,303,Brooklyn,10,0,10,3,3.3,0.0,0.0
3043970,772,GREENE AVENUE,11221,303,Brooklyn,9,0,9,3,3.0,0.0,0.0
3044027,808,GREENE AVENUE,11221,303,Brooklyn,13,0,13,3,4.3,0.0,0.0
3044051,856,GREENE AVENUE,11221,303,Brooklyn,18,0,18,4,4.5,0.0,0.0
3044118,733,LEXINGTON AVENUE,11221,303,Brooklyn,9,0,9,3,3.0,0.0,0.0
3044193,1046,GREENE AVENUE,11221,303,Brooklyn,107,0,107,12,8.9,0.0,0.0
3044196,1056,GREENE AVENUE,11221,303,Brooklyn,15,0,15,4,3.8,0.0,0.0
3044225,564,LEXINGTON AVENUE,11221,303,Brooklyn,12,0,12,4,3.0,0.0,0.0
3044236,567,QUINCY STREET,11221,303,Brooklyn,9,0,9,3,3.0,0.0,0.0
3044242,555,QUINCY STREET,11221,303,Brooklyn,9,0,9,3,3.0,0.0,0.0
3044243,553,QUINCY STREET,11221,303,Brooklyn,88,1,89,3,29.7,0.0,0.0
3044244,551,QUINCY STREET,11221,303,Brooklyn,22,0,22,3,7.3,0.0,0.0
3044268,211,LEWIS AVENUE,11221,303,Brooklyn,20,0,20,3,6.7,0.0,0.0
3044374,60,PATCHEN AVENUE,11221,303,Brooklyn,127,0,127,8,15.9,0.0,0.0
3044378,68,PATCHEN AVENUE,11221,303,Brooklyn,34,2,36,8,4.5,0.0,0.0
3044457,787,QUINCY STREET,11221,303,Brooklyn,31,0,31,9,3.4,0.0,0.0
3044525,125,MALCOLM X BOULEVARD,11221,303,Brooklyn,6,3,9,3,3.0,0.0,0.0
3044660,880,GATES AVENUE,11221,303,Brooklyn,38,0,38,12,3.2,0.0,0.0
3045160,709,PUTNAM AVENUE,11221,303,Brooklyn,181,20,201,6,33.5,0.0,0.0
3045199,233,STUYVESANT AVENUE,11221,303,Brooklyn,67,0,67,8,8.4,0.0,0.0
3045203,662,MADISON STREET,11221,303,Brooklyn,25,1,26,8,3.3,0.0,0.0
3045225,763,PUTNAM AVENUE,11221,303,Brooklyn,56,0,56,6,9.3,0.0,0.0
3045296,831,PUTNAM AVENUE,11221,303,Brooklyn,14,0,14,3,4.7,0.0,0.0
3045329,834,MADISON STREET,11221,303,Brooklyn,17,0,17,3,5.7,0.0,0.0
3045344,931,PUTNAM AVENUE,11221,303,Brooklyn,54,0,54,4,13.5,0.0,0.0
3045374,304,LEWIS AVENUE,11221,303,Brooklyn,27,0,27,4,6.8,0.0,0.0
3045501,214,MALCOLM X BOULEVARD,11221,303,Brooklyn,21,0,21,3,7.0,0.0,0.0
3045628,950,PUTNAM AVENUE,11221,303,Brooklyn,13,0,13,3,4.3,0.0,0.0
3045631,92,RALPH AVENUE,11221,303,Brooklyn,32,0,32,6,5.3,0.0,0.0
3045659,494,JEFFERSON AVENUE,11221,303,Brooklyn,31,0,31,8,3.9,0.0,0.0
3045778,545,HANCOCK STREET,11233,303,Brooklyn,14,0,14,3,4.7,0.0,0.0
3045800,575,HANCOCK STREET,11233,303,Brooklyn,113,0,113,24,4.7,0.0,0.0
3045833,633,HANCOCK STREET,11233,303,Brooklyn,33,0,33,6,5.5,0.0,0.0
3045923,770,JEFFERSON AVENUE,11221,303,Brooklyn,24,0,24,8,3.0,0.0,0.0
3045990,725,HANCOCK STREET,11233,303,Brooklyn,46,0,46,12,3.8,0.0,0.0
3046019,478,HANCOCK STREET,11233,303,Brooklyn,9,2,11,3,3.7,0.0,0.0
3046242,631,HALSEY STREET,11233,303,Brooklyn,17,3,20,3,6.7,0.0,0.0
3046321,729,HALSEY STREET,11233,303,Brooklyn,23,1,24,6,4.0,0.0,0.0
3046337,693,HALSEY STREET,11233,303,Brooklyn,53,0,53,6,8.8,0.0,0.0
3046339,689,HALSEY STREET,11233,303,Brooklyn,19,1,20,6,3.3,0.0,0.0
3046348,669,HALSEY STREET,11233,303,Brooklyn,23,0,23,6,3.8,0.0,0.0
3046434,320,STUYVESANT AVENUE,11233,303,Brooklyn,0,22,22,3,7.3,0.0,0.0
3046484,566,HALSEY STREET,11233,303,Brooklyn,15,0,15,3,5.0,0.0,0.0
3046780,225,MAC DONOUGH STREET,11233,303,Brooklyn,0,34,34,3,11.3,0.0,0.0
3046859,345,STUYVESANT AVENUE,11233,303,Brooklyn,51,0,51,4,12.8,0.0,0.0
3047005,172,RALPH AVENUE,11233,303,Brooklyn,19,0,19,6,3.2,0.0,0.0
3047096,378,STUYVESANT AVENUE,11233,303,Brooklyn,40,1,41,8,5.1,0.0,0.0
3047370,170,DECATUR STREET,11233,303,Brooklyn,72,0,72,20,3.6,0.0,0.0
3047483,312,DECATUR STREET,11233,303,Brooklyn,9,0,9,3,3.0,0.0,0.0
3047618,217,BAINBRIDGE STREET,11233,303,Brooklyn,32,0,32,9,3.6,0.0,0.0
3047630,448,DECATUR STREET,11233,303,Brooklyn,7,2,9,3,3.0,0.0,0.0
3047734,120A,BAINBRIDGE STREET,11233,303,Brooklyn,23,0,23,3,7.7,0.0,0.0
3047845,173,CHAUNCEY STREET,11233,303,Brooklyn,68,0,68,6,11.3,0.0,0.0
3047862,242,BAINBRIDGE STREET,11233,303,Brooklyn,27,0,27,8,3.4,0.0,0.0
3047916,82,MARION STREET,11233,303,Brooklyn,40,3,43,8,5.4,0.0,0.0
3047921,312,PATCHEN AVENUE,11233,303,Brooklyn,12,0,12,4,3.0,0.0,0.0
3047981,575,HERKIMER STREET,11213,303,Brooklyn,153,10,163,38,4.3,0.0,0.0
3048241,33,BUFFALO AVENUE,11233,303,Brooklyn,48,0,48,6,8.0,0.0,0.0
3048339,175,HOPKINS STREET,11206,303,Brooklyn,19,1,20,6,3.3,0.0,0.0
3048397,745,PARK AVENUE,11206,303,Brooklyn,19,0,19,6,3.2,0.0,0.0
3048663,131,TOMPKINS AVENUE,11206,303,Brooklyn,9,0,9,3,3.0,0.0,0.0
3048697,956,MYRTLE AVENUE,11206,303,Brooklyn,14,0,14,4,3.5,0.0,0.0
3048742,8,VERNON AVENUE,11206,303,Brooklyn,70,0,70,16,4.4,0.0,0.0
3048743,12,VERNON AVENUE,11206,303,Brooklyn,119,0,119,16,7.4,0.0,0.0
3048744,16,VERNON AVENUE,11206,303,Brooklyn,49,0,49,16,3.1,0.0,0.0
3048811,611,MARCY AVENUE,11206,303,Brooklyn,18,0,18,5,3.6,0.0,0.0
3048813,601,MARCY AVENUE,11206,303,Brooklyn,83,0,83,20,4.2,0.0,0.0
3048825,521,WILLOUGHBY AVENUE,11206,303,Brooklyn,11,0,11,3,3.7,0.0,0.0
3048853,266,THROOP AVENUE,11206,303,Brooklyn,9,0,9,3,3.0,0.0,0.0
3048870,621,WILLOUGHBY AVENUE,11206,303,Brooklyn,210,5,215,3,71.7,0.0,0.0
3048924,685,WILLOUGHBY AVENUE,11206,303,Brooklyn,16,0,16,3,5.3,0.0,0.0
3048978,234,SPENCER STREET,11205,303,Brooklyn,31,0,31,8,3.9,0.0,0.0
3049130,570,WILLOUGHBY AVENUE,11206,303,Brooklyn,52,0,52,8,6.5,0.0,0.0
3049224,257,HART STREET,11206,303,Brooklyn,19,1,20,6,3.3,0.0,0.0
3049246,18,HART STREET,11206,303,Brooklyn,11,0,11,3,3.7,0.0,0.0
3049474,653,MARCY AVENUE,11206,303,Brooklyn,12,0,12,4,3.0,0.0,0.0
3049485,98,PULASKI STREET,11206,303,Brooklyn,56,1,57,5,11.4,0.0,0.0
3049486,100,PULASKI STREET,11206,303,Brooklyn,118,0,118,16,7.4,0.0,0.0
3049570,148,MARCUS GARVEY AVENUE,11206,303,Brooklyn,61,0,61,11,5.5,0.0,0.0
3049571,152,MARCUS GARVEY AVENUE,11206,303,Brooklyn,68,0,68,16,4.3,0.0,0.0
3049586,851,DE KALB AVENUE,11221,303,Brooklyn,21,0,21,6,3.5,0.0,0.0
3049596,979,BEDFORD AVENUE,11205,303,Brooklyn,20,0,20,3,6.7,0.0,0.0
3049622,665,MARCY AVENUE,11216,303,Brooklyn,0,15,15,3,5.0,0.0,0.0
3049634,209,KOSCIUSKO STREET,11216,303,Brooklyn,17,0,17,3,5.7,0.0,0.0
3049635,207,KOSCIUSKO STREET,11216,303,Brooklyn,10,0,10,3,3.3,0.0,0.0
3049763,503,LAFAYETTE AVENUE,11205,303,Brooklyn,15,10,25,7,3.6,0.0,0.0
3049764,501,LAFAYETTE AVENUE,11205,303,Brooklyn,30,0,30,7,4.3,0.0,0.0
3049805,662,LAFAYETTE AVENUE,11216,303,Brooklyn,20,0,20,3,6.7,0.0,0.0
3049807,660,LAFAYETTE AVENUE,11216,303,Brooklyn,15,0,15,5,3.0,0.0,0.0
3049808,235,TOMPKINS AVENUE,11216,303,Brooklyn,136,0,136,8,17.0,0.0,0.0
3049830,284,KOSCIUSKO STREET,11221,303,Brooklyn,51,0,51,8,6.4,0.0,0.0
3049831,286,KOSCIUSKO STREET,11221,303,Brooklyn,36,0,36,8,4.5,0.0,0.0
3049835,749,LAFAYETTE AVENUE,11221,303,Brooklyn,53,0,53,8,6.6,0.0,0.0
3049846,709,LAFAYETTE AVENUE,11221,303,Brooklyn,102,0,102,24,4.3,0.0,0.0
3049874,532,LAFAYETTE AVENUE,11205,303,Brooklyn,10,1,11,3,3.7,0.0,0.0
3049883,556,LAFAYETTE AVENUE,11205,303,Brooklyn,79,1,80,8,10.0,0.0,0.0
3049977,249,TOMPKINS AVENUE,11216,303,Brooklyn,48,0,48,5,9.6,0.0,0.0
3050036,788,LAFAYETTE AVENUE,11221,303,Brooklyn,179,0,179,23,7.8,0.0,0.0
3050112,316,CLIFTON PLACE,11216,303,Brooklyn,40,0,40,11,3.6,0.0,0.0
3050252,651,GREENE AVENUE,11221,303,Brooklyn,17,1,18,4,4.5,0.0,0.0
3050267,609,GREENE AVENUE,11221,303,Brooklyn,50,0,50,6,8.3,0.0,0.0
3050318,679,GREENE AVENUE,11221,303,Brooklyn,12,0,12,4,3.0,0.0,0.0
3050333,420,GREENE AVENUE,11216,303,Brooklyn,22,0,22,4,5.5,0.0,0.0
3050423,566,GREENE AVENUE,11216,303,Brooklyn,41,0,41,11,3.7,0.0,0.0
3050424,570,GREENE AVENUE,11216,303,Brooklyn,14,0,14,4,3.5,0.0,0.0
3050437,585,GREENE AVENUE,11216,303,Brooklyn,13,0,13,3,4.3,0.0,0.0
3050603,175,QUINCY STREET,11216,303,Brooklyn,31,0,31,5,6.2,0.0,0.0
3050604,173,QUINCY STREET,11216,303,Brooklyn,16,3,19,3,6.3,0.0,0.0
3050612,325,NOSTRAND AVENUE,11216,303,Brooklyn,9,0,9,3,3.0,0.0,0.0
3050617,315,NOSTRAND AVENUE,11216,303,Brooklyn,9,0,9,3,3.0,0.0,0.0
3050644,281,QUINCY STREET,11216,303,Brooklyn,266,3,269,25,10.8,0.0,0.0
3050654,257,QUINCY STREET,11216,303,Brooklyn,107,1,108,21,5.1,0.0,0.0
3050703,345,QUINCY STREET,11216,303,Brooklyn,21,9,30,3,10.0,0.0,0.0
3050728,444,LEXINGTON AVENUE,11221,303,Brooklyn,132,0,132,20,6.6,0.0,0.0
3050732,452,LEXINGTON AVENUE,11221,303,Brooklyn,20,0,20,4,5.0,0.0,0.0
3050736,462,LEXINGTON AVE,11221,303,Brooklyn,30,0,30,8,3.8,0.0,0.0
3050820,180,QUINCY STREET,11216,303,Brooklyn,89,0,89,16,5.6,0.0,0.0
3050852,375,GATES AVENUE,11216,303,Brooklyn,101,0,101,12,8.4,0.0,0.0
3050883,276A,QUINCY STREET,11216,303,Brooklyn,15,1,16,3,5.3,0.0,0.0
3050908,425,GATES AVENUE,11216,303,Brooklyn,230,0,230,11,20.9,0.0,0.0
3051020,593,GATES AVENUE,11221,303,Brooklyn,57,0,57,16,3.6,0.0,0.0
3051021,587,GATES AVENUE,11221,303,Brooklyn,29,1,30,8,3.8,0.0,0.0
3051025,567,GATES AVENUE,11221,303,Brooklyn,14,0,14,4,3.5,0.0,0.0
3051033,480,QUINCY STREET,11221,303,Brooklyn,251,4,255,3,85.0,0.0,0.0
3051057,340,GATES AVENUE,11216,303,Brooklyn,34,0,34,8,4.3,0.0,0.0
3051061,348A,GATES AVENUE,11216,303,Brooklyn,14,1,15,3,5.0,0.0,0.0
3051109,426,GATES AVENUE,11216,303,Brooklyn,62,0,62,3,20.7,0.0,0.0
3051122,808,MARCY AVENUE,11216,303,Brooklyn,17,0,17,3,5.7,0.0,0.0
3051124,273,MONROE STREET,11216,303,Brooklyn,36,0,36,6,6.0,0.0,0.0
3051201,289,MONROE STREET,11216,303,Brooklyn,10,0,10,3,3.3,0.0,0.0
3051299,142,MONROE STREET,11216,303,Brooklyn,32,0,32,8,4.0,0.0,0.0
3051366,373,NOSTRAND AVENUE,11216,303,Brooklyn,22,0,22,4,5.5,0.0,0.0
3051409,822,MARCY AVENUE,11216,303,Brooklyn,52,0,52,6,8.7,0.0,0.0
3051410,826,MARCY AVENUE,11216,303,Brooklyn,21,1,22,7,3.1,0.0,0.0
3051446,223,MADISON STREET,11216,303,Brooklyn,79,0,79,8,9.9,0.0,0.0
3051450,823,MARCY AVENUE,11216,303,Brooklyn,26,0,26,4,6.5,0.0,0.0
3051468,351,TOMPKINS AVENUE,11216,303,Brooklyn,36,0,36,3,12.0,0.0,0.0
3051512,411,MADISON STREET,11221,303,Brooklyn,0,19,19,4,4.8,0.0,0.0
3051523,389,MADISON STREET,11221,303,Brooklyn,19,0,19,4,4.8,0.0,0.0
3051550,144,MADISON STREET,11216,303,Brooklyn,126,0,126,16,7.9,0.0,0.0
3051571,200,MADISON STREET,11216,303,Brooklyn,0,20,20,4,5.0,0.0,0.0
3051617,397,NOSTRAND AVENUE,11216,303,Brooklyn,35,0,35,4,8.8,0.0,0.0
3051619,393,NOSTRAND AVENUE,11216,303,Brooklyn,53,0,53,4,13.3,0.0,0.0
3051637,246,MADISON STREET,11216,303,Brooklyn,42,0,42,8,5.3,0.0,0.0
3051688,415,PUTNAM AVENUE,11216,303,Brooklyn,68,1,69,4,17.3,0.0,0.0
3051701,389,PUTNAM AVENUE,11216,303,Brooklyn,12,0,12,3,4.0,0.0,0.0
3051703,385 A,PUTNAM AVENUE,11216,303,Brooklyn,34,0,34,7,4.9,0.0,0.0
3051746,493,PUTNAM AVENUE,11221,303,Brooklyn,28,0,28,4,7.0,0.0,0.0
3051783,438,MADISON STREET,11221,303,Brooklyn,47,1,48,3,16.0,0.0,0.0
3051784,440,MADISON STREET,11221,303,Brooklyn,38,0,38,6,6.3,0.0,0.0
3051785,442,MADISON STREET,11221,303,Brooklyn,27,0,27,6,4.5,0.0,0.0
3051787,446,MADISON STREET,11221,303,Brooklyn,20,0,20,6,3.3,0.0,0.0
3051788,448,MADISON STREET,11221,303,Brooklyn,43,1,44,6,7.3,0.0,0.0
3051790,452,MADISON STREET,11221,303,Brooklyn,25,1,26,6,4.3,0.0,0.0
3051795,464,MADISON STREET,11221,303,Brooklyn,76,1,77,6,12.8,0.0,0.0
3051833,1175,BEDFORD AVENUE,11216,303,Brooklyn,11,0,11,3,3.7,0.0,0.0
3051849,232A,PUTNAM AVENUE,11216,303,Brooklyn,65,0,65,3,21.7,0.0,0.0
3051874,456,NOSTRAND AVENUE,11216,303,Brooklyn,47,0,47,12,3.9,0.0,0.0
3051922,334,PUTNAM AVENUE,11216,303,Brooklyn,65,0,65,6,10.8,0.0,0.0
3052052,438,PUTNAM AVENUE,11221,303,Brooklyn,54,2,56,3,18.7,0.0,0.0
3052100,377,JEFFERSON AVENUE,11221,303,Brooklyn,15,0,15,5,3.0,0.0,0.0
3052112,355,JEFFERSON AVENUE,11221,303,Brooklyn,10,0,10,3,3.3,0.0,0.0
3052132,522,PUTNAM AVENUE,11221,303,Brooklyn,21,1,22,7,3.1,0.0,0.0
3052162,356,MARCUS GARVEY AVENUE,11221,303,Brooklyn,11,1,12,3,4.0,0.0,0.0
3052176,461,JEFFERSON AVENUE,11221,303,Brooklyn,16,0,16,3,5.3,0.0,0.0
3052337,165,HANCOCK STREET,11216,303,Brooklyn,35,0,35,4,8.8,0.0,0.0
3052342,155,HANCOCK STREET,11216,303,Brooklyn,36,0,36,10,3.6,0.0,0.0
3052379,400,TOMPKINS AVENUE,11216,303,Brooklyn,178,0,178,15,11.9,0.0,0.0
3052380,402,TOMPKINS AVENUE,11216,303,Brooklyn,31,0,31,6,5.2,0.0,0.0
3052393,279,HANCOCK STREET,11216,303,Brooklyn,28,0,28,9,3.1,0.0,0.0
3052412,409,TOMPKINS AVENUE,11216,303,Brooklyn,29,0,29,4,7.3,0.0,0.0
3052414,346,JEFFERSON AVENUE,11221,303,Brooklyn,93,0,93,9,10.3,0.0,0.0
3052473,333,HANCOCK STREET,11216,303,Brooklyn,25,0,25,8,3.1,0.0,0.0
3052482,315,HANCOCK STREET,11216,303,Brooklyn,10,0,10,3,3.3,0.0,0.0
3052485,309,HANCOCK STREET,11216,303,Brooklyn,42,1,43,4,10.8,0.0,0.0
3052516,464A,JEFFERSON AVENUE,11221,303,Brooklyn,10,0,10,3,3.3,0.0,0.0
3052519,470,JEFFERSON AVENUE,11221,303,Brooklyn,45,0,45,9,5.0,0.0,0.0
3052562,383,HANCOCK STREET,11216,303,Brooklyn,9,0,9,3,3.0,0.0,0.0
3052603,128,HANCOCK STREET,11216,303,Brooklyn,306,1,307,8,38.4,0.0,0.0
3052650,13,HALSEY STREET,11216,303,Brooklyn,59,1,60,9,6.7,0.0,0.0
3052696,159,HALSEY STREET,11216,303,Brooklyn,96,0,96,16,6.0,0.0,0.0
3052730,236,HANCOCK STREET,11216,303,Brooklyn,22,0,22,6,3.7,0.0,0.0
3052876,390,HANCOCK STREET,11216,303,Brooklyn,58,0,58,3,19.3,0.0,0.0
3052879,398,HANCOCK STREET,11216,303,Brooklyn,9,0,9,3,3.0,0.0,0.0
3052960,46,HALSEY STREET,11216,303,Brooklyn,17,0,17,4,4.3,0.0,0.0
3053076,455,TOMPKINS AVENUE,11216,303,Brooklyn,148,3,151,8,18.9,0.0,0.0
3053139,203,MACON STREET,11216,303,Brooklyn,103,0,103,8,12.9,0.0,0.0
3053167,380,HALSEY STREET,11216,303,Brooklyn,13,0,13,3,4.3,0.0,0.0
3053171,388,HALSEY STREET,11216,303,Brooklyn,79,1,80,8,10.0,0.0,0.0
3053294,118,MACON STREET,11216,303,Brooklyn,44,0,44,6,7.3,0.0,0.0
3053337,25,MAC DONOUGH STREET,11216,303,Brooklyn,242,0,242,19,12.7,0.0,0.0
3053347,473,TOMPKINS AVENUE,11216,303,Brooklyn,28,1,29,3,9.7,0.0,0.0
3053349,469,TOMPKINS AVENUE,11216,303,Brooklyn,15,6,21,4,5.3,0.0,0.0
3053380,622,THROOP AVENUE,11216,303,Brooklyn,98,2,100,8,12.5,0.0,0.0
3053382,133,MAC DONOUGH STREET,11216,303,Brooklyn,363,5,368,8,46.0,0.0,0.0
3053416,310,MACON STREET,11216,303,Brooklyn,9,0,9,3,3.0,0.0,0.0
3053470,1407,FULTON STREET,11216,303,Brooklyn,26,1,27,8,3.4,0.0,0.0
3053543,31,DECATUR STREET,11216,303,Brooklyn,41,1,42,4,10.5,0.0,0.0
3053623,1511,FULTON STREET,11216,303,Brooklyn,34,1,35,3,11.7,0.0,0.0
3053625,1507,FULTON STREET,11216,303,Brooklyn,20,0,20,3,6.7,0.0,0.0
3053645,4,DECATUR STREET,11216,303,Brooklyn,342,31,373,16,23.3,0.0,0.0
3053661,629,THROOP AVENUE,11216,303,Brooklyn,12,0,12,3,4.0,0.0,0.0
3053764,175,HERKIMER STREET,11216,303,Brooklyn,53,2,55,3,18.3,0.0,0.0
3053810,1470,FULTON STREET,11216,303,Brooklyn,37,0,37,6,6.2,0.0,0.0
3053815,1478,FULTON STREET,11216,303,Brooklyn,12,0,12,3,4.0,0.0,0.0
3053838,1,KINGSTON AVENUE,11213,303,Brooklyn,57,0,57,3,19.0,0.0,0.0
3053862,429,HERKIMER STREET,11213,303,Brooklyn,27,4,31,3,10.3,0.0,0.0
3053956,146,HERKIMER STREET,11216,303,Brooklyn,83,1,84,4,21.0,0.0,0.0
3053982,48,NEW YORK AVENUE,11216,303,Brooklyn,36,10,46,3,15.3,0.0,0.0
3054055,1511,ATLANTIC AVENUE,11213,303,Brooklyn,110,2,112,3,37.3,0.0,0.0
3054057,1507,ATLANTIC AVENUE,11213,303,Brooklyn,12,0,12,3,4.0,0.0,0.0
3054278,90,CLINTON AVENUE,11205,302,Brooklyn,48,0,48,8,6.0,0.0,0.0
3054279,94,CLINTON AVENUE,11205,302,Brooklyn,47,0,47,8,5.9,0.0,0.0
3054300,425,MYRTLE AVENUE,11205,302,Brooklyn,33,0,33,6,5.5,0.0,0.0
3054357,87,WAVERLY AVENUE,11205,302,Brooklyn,35,3,38,3,12.7,0.0,0.0
3054358,85,WAVERLY AVENUE,11205,302,Brooklyn,50,4,54,3,18.0,0.0,0.0
3054395,154,WASHINGTON AVENUE,11205,302,Brooklyn,3,14,17,3,5.7,0.0,0.0
3054505,102,RYERSON STREET,11205,302,Brooklyn,0,20,20,3,6.7,0.0,0.0
3054530,125,RYERSON STREET,11205,302,Brooklyn,28,0,28,3,9.3,0.0,0.0
3054587,104,STEUBEN STREET,11205,302,Brooklyn,41,0,41,3,13.7,0.0,0.0
3054735,95,FRANKLIN AVENUE,11205,303,Brooklyn,20,0,20,3,6.7,0.0,0.0
3054752,645,MYRTLE AVENUE,11205,303,Brooklyn,23,1,24,6,4.0,0.0,0.0
3054809,167,WAVERLY AVENUE,11205,302,Brooklyn,28,0,28,8,3.5,0.0,0.0
3054811,448,MYRTLE AVENUE,11205,302,Brooklyn,15,2,17,3,5.7,0.0,0.0
3054898,155,EMERSON PLACE,11205,302,Brooklyn,94,0,94,38,2.5,0.0,0.0
3054944,162,FRANKLIN AVENUE,11205,303,Brooklyn,66,0,66,6,11.0,0.0,0.0
3055022,262,CLINTON AVENUE,11205,302,Brooklyn,92,1,93,6,15.5,0.0,0.0
3055151,942,KENT AVENUE,11205,303,Brooklyn,28,0,28,8,3.5,0.0,0.0
3055168,485,DE KALB AVENUE,11205,303,Brooklyn,81,0,81,6,13.5,0.0,0.0
3055252,970,BEDFORD AVENUE,11205,303,Brooklyn,32,0,32,5,6.4,0.0,0.0
3055541,300,LAFAYETTE AVENUE,11238,302,Brooklyn,6,9,15,4,3.8,0.0,0.0
3055584,348,LAFAYETTE AVENUE,11238,302,Brooklyn,9,0,9,3,3.0,0.0,0.0
3055587,356,LAFAYETTE AVENUE,11238,302,Brooklyn,35,0,35,8,4.4,0.0,0.0
3055589,362,LAFAYETTE AVENUE,11238,302,Brooklyn,18,1,19,4,4.8,0.0,0.0
3055698,183,CLIFTON PLACE,11216,303,Brooklyn,21,2,23,3,7.7,0.0,0.0
3055807,327,FRANKLIN AVENUE,11238,303,Brooklyn,74,0,74,16,4.6,0.0,0.0
3055842,355,GREENE AVENUE,11216,303,Brooklyn,134,0,134,8,16.8,0.0,0.0
3055921,405,CLERMONT AVENUE,11238,302,Brooklyn,1,18,19,4,4.8,0.0,0.0
3055969,420,CLINTON AVENUE,11238,302,Brooklyn,98,0,98,48,2.0,0.0,0.0
3055983,43,GATES AVENUE,11238,302,Brooklyn,36,0,36,12,3.0,0.0,0.0
3056070,118,ST JAMES PLACE,11238,302,Brooklyn,57,0,57,6,9.5,0.0,0.0
3056259,250,GREENE AVENUE,11238,302,Brooklyn,28,0,28,9,3.1,0.0,0.0
3056333,353,FRANKLIN AVENUE,11238,303,Brooklyn,20,2,22,3,7.3,0.0,0.0
3056418,90,LEXINGTON AVENUE,11238,303,Brooklyn,25,0,25,8,3.1,0.0,0.0
3056448,367,FRANKLIN AVENUE,11238,303,Brooklyn,16,0,16,3,5.3,0.0,0.0
3056463,1098,BEDFORD AVENUE,11216,303,Brooklyn,19,0,19,6,3.2,0.0,0.0
3056554,249,GATES AVENUE,11238,303,Brooklyn,28,0,28,3,9.3,0.0,0.0
3056589,391,FRANKLIN AVENUE,11238,303,Brooklyn,83,15,98,35,2.8,0.0,0.0
3056626,921,FULTON STREET,11238,302,Brooklyn,10,1,11,3,3.7,0.0,0.0
3056788,418,GRAND AVENUE,11238,302,Brooklyn,16,0,16,4,4.0,0.0,0.0
3056956,463,CLASSON AVENUE,11238,303,Brooklyn,38,7,45,10,4.5,0.0,0.0
3057327,463,FRANKLIN AVENUE,11238,303,Brooklyn,14,0,14,3,4.7,0.0,0.0
3057442,19,SPENCER PLACE,11216,303,Brooklyn,45,0,45,5,9.0,0.0,0.0
3057443,17,SPENCER PLACE,11216,303,Brooklyn,111,0,111,4,27.8,0.0,0.0
3057451,44,HANCOCK STREET,11216,303,Brooklyn,34,0,34,7,4.9,0.0,0.0
3057679,105,LEFFERTS PLACE,11238,302,Brooklyn,114,9,123,33,3.7,0.0,0.0
3057680,89,LEFFERTS PLACE,11238,302,Brooklyn,105,1,106,32,3.3,0.0,0.0
3057720,1128,FULTON STREET,11238,303,Brooklyn,38,1,39,6,6.5,0.0,0.0
3057752,1154,FULTON STREET,11216,303,Brooklyn,10,0,10,3,3.3,0.0,0.0
3057758,1166,FULTON STREET,11216,303,Brooklyn,19,1,20,6,3.3,0.0,0.0
3057761,1172,FULTON STREET,11216,303,Brooklyn,24,0,24,3,8.0,0.0,0.0
3057773,31,BREVOORT PLACE,11216,303,Brooklyn,18,0,18,4,4.5,0.0,0.0
3057984,55,CARLTON AVENUE,11205,302,Brooklyn,19,1,20,3,6.7,0.0,0.0
3058006,155,PARK AVENUE,11205,302,Brooklyn,6,9,15,3,5.0,0.0,0.0
3058517,240,ADELPHI STREET,11205,302,Brooklyn,11,1,12,3,4.0,0.0,0.0
3058604,102,DE KALB AVENUE,11201,302,Brooklyn,20,0,20,4,5.0,0.0,0.0
3058745,79,FORT GREENE PLACE,11217,302,Brooklyn,21,0,21,4,5.3,0.0,0.0
3058908,40,SOUTH OXFORD STREET,11217,302,Brooklyn,22,0,22,3,7.3,0.0,0.0
3059273,101,SOUTH ELLIOTT PLACE,11217,302,Brooklyn,198,2,200,7,28.6,0.0,0.0
3059567,70,SOUTH 8 STREET,11249,301,Brooklyn,0,28,28,3,9.3,0.0,0.0
3059576,77,SOUTH 9 STREET,11249,301,Brooklyn,12,0,12,4,3.0,0.0,0.0
3059730,156,SOUTH 9 STREET,11211,301,Brooklyn,371,19,390,59,6.6,0.0,0.0
3060172,110,LEE AVENUE,11211,301,Brooklyn,8,23,31,8,3.9,0.0,0.0
3060353,178,HOOPER STREET,11211,301,Brooklyn,114,2,116,35,3.3,0.0,0.0
3060777,154,PENN STREET,11211,301,Brooklyn,0,13,13,3,4.3,0.0,0.0
3060844,216,PENN STREET,11211,301,Brooklyn,20,0,20,3,6.7,0.0,0.0
3061231,239,LEE AVENUE,11206,301,Brooklyn,21,0,21,7,3.0,0.0,0.0
3061409,273,LEE AVENUE,11206,301,Brooklyn,19,9,28,8,3.5,0.0,0.0
3061782,146,NORTH    9 STREET,11249,301,Brooklyn,149,0,149,8,18.6,0.0,0.0
3061933,143,NORTH    7 STREET,11249,301,Brooklyn,37,0,37,8,4.6,0.0,0.0
3061968,212,NORTH 8 STREET,11211,301,Brooklyn,40,0,40,8,5.0,0.0,0.0
3062247,213,NORTH    5 STREET,11211,301,Brooklyn,45,6,51,6,8.5,0.0,0.0
3062610,127,GRAND STREET,11249,301,Brooklyn,70,0,70,13,5.4,0.0,0.0
3062613,128,NORTH    1 STREET,11249,301,Brooklyn,17,0,17,5,3.4,0.0,0.0
3062701,335,GRAND STREET,11211,301,Brooklyn,14,0,14,4,3.5,0.0,0.0
3062793,192,GRAND STREET,11211,301,Brooklyn,46,3,49,6,8.2,0.0,0.0
3062861,430,GRAND STREET,11211,301,Brooklyn,5,7,12,3,4.0,0.0,0.0
3062995,183,SOUTH 2 STREET,11211,301,Brooklyn,59,16,75,3,25.0,0.0,0.0
3063094,128,SOUTH    2 STREET,11249,301,Brooklyn,0,11,11,3,3.7,0.0,0.0
3063104,109,SOUTH    3 STREET,11249,301,Brooklyn,23,0,23,4,5.8,0.0,0.0
3063209,380,HOOPER STREET,11211,301,Brooklyn,67,0,67,6,11.2,0.0,0.0
3063350,338,SOUTH    3 STREET,11211,301,Brooklyn,423,27,450,41,11.0,0.0,0.0
3063356,365,SOUTH 4 STREET,11211,301,Brooklyn,66,6,72,6,12.0,0.0,0.0
3063366,329,SOUTH 4 STREET,11211,301,Brooklyn,9,8,17,3,5.7,0.0,0.0
3063425,333,BERRY STREET,11249,301,Brooklyn,13,6,19,4,4.8,0.0,0.0
3063523,418,SOUTH    4 STREET,11211,301,Brooklyn,20,1,21,6,3.5,0.0,0.0
3063595,349,BROADWAY,11211,301,Brooklyn,10,0,10,3,3.3,0.0,0.0
3063772,104,CLAY STREET,11222,301,Brooklyn,36,1,37,8,4.6,0.0,0.0
3063819,108,DUPONT STREET,11222,301,Brooklyn,45,0,45,14,3.2,0.0,0.0
3063903,90,EAGLE STREET,11222,301,Brooklyn,29,0,29,6,4.8,0.0,0.0
3064045,143,GREEN STREET,11222,301,Brooklyn,62,4,66,6,11.0,0.0,0.0
3064137,220,FRANKLIN STREET,11222,301,Brooklyn,41,10,51,8,6.4,0.0,0.0
3064151,157,HURON STREET,11222,301,Brooklyn,56,4,60,8,7.5,0.0,0.0
3064250,47,INDIA STREET,11222,301,Brooklyn,44,0,44,8,5.5,0.0,0.0
3064254,202,FRANKLIN STREET,11222,301,Brooklyn,23,0,23,6,3.8,0.0,0.0
3064278,168,HURON STREET,11222,301,Brooklyn,65,0,65,20,3.3,0.0,0.0
3064326,196,HURON STREET,11222,301,Brooklyn,112,2,114,6,19.0,0.0,0.0
3064339,183,INDIA STREET,11222,301,Brooklyn,57,0,57,8,7.1,0.0,0.0
3064606,924,MANHATTAN AVENUE,11222,301,Brooklyn,0,11,11,3,3.7,0.0,0.0
3064833,889,MANHATTAN AVENUE,11222,301,Brooklyn,27,0,27,6,4.5,0.0,0.0
3065296,69,MESEROLE AVENUE,11222,301,Brooklyn,39,0,39,8,4.9,0.0,0.0
3065375,141,MESEROLE AVENUE,11222,301,Brooklyn,36,0,36,8,4.5,0.0,0.0
3065396,187,MC GUINNESS BOULEVARD,11222,301,Brooklyn,10,0,10,3,3.3,0.0,0.0
3065618,110,MESEROLE AVENUE,11222,301,Brooklyn,18,0,18,6,3.0,0.0,0.0
3066245,85,NEWELL STREET,11222,301,Brooklyn,25,0,25,6,4.2,0.0,0.0
3066478,233,NORTH HENRY STREET,11222,301,Brooklyn,27,0,27,6,4.5,0.0,0.0
3066752,572,MANHATTAN AVENUE,11222,301,Brooklyn,31,5,36,6,6.0,0.0,0.0
3067032,60,DIAMOND STREET,11222,301,Brooklyn,20,0,20,6,3.3,0.0,0.0
3067038,192,NASSAU AVENUE,11222,301,Brooklyn,18,4,22,4,5.5,0.0,0.0
3067049,137,RUSSELL STREET,11222,301,Brooklyn,30,0,30,6,5.0,0.0,0.0
3067138,219,KINGSLAND AVENUE,11222,301,Brooklyn,115,4,119,16,7.4,0.0,0.0
3067498,787,MEEKER AVENUE,11222,301,Brooklyn,19,0,19,4,4.8,0.0,0.0
3067715,103,MONITOR STREET,11222,301,Brooklyn,18,0,18,3,6.0,0.0,0.0
3067949,141,RICHARDSON STREET,11211,301,Brooklyn,17,0,17,3,5.7,0.0,0.0
3067961,174,BAYARD STREET,11222,301,Brooklyn,13,0,13,3,4.3,0.0,0.0
3068016,545,MEEKER AVENUE,11222,301,Brooklyn,30,1,31,6,5.2,0.0,0.0
3068023,593,MEEKER AVENUE,11222,301,Brooklyn,11,1,12,4,3.0,0.0,0.0
3068287,97,JACKSON STREET,11211,301,Brooklyn,85,1,86,6,14.3,0.0,0.0
3068292,366 A,MANHATTAN AVENUE,11211,301,Brooklyn,14,0,14,4,3.5,0.0,0.0
3068334,429,HUMBOLDT STREET,11211,301,Brooklyn,11,0,11,3,3.7,0.0,0.0
3069385,247,MANHATTAN AVENUE,11211,301,Brooklyn,21,0,21,3,7.0,0.0,0.0
3069476,234,POWERS STREET,11211,301,Brooklyn,28,0,28,6,4.7,0.0,0.0
3069482,90,BUSHWICK AVENUE,11211,301,Brooklyn,109,3,112,12,9.3,0.0,0.0
3069577,139,MAUJER STREET,11206,301,Brooklyn,16,1,17,5,3.4,0.0,0.0
3069578,224,MANHATTAN AVENUE,11206,301,Brooklyn,27,6,33,5,6.6,0.0,0.0
3069581,230,MANHATTAN AVENUE,11206,301,Brooklyn,31,0,31,8,3.9,0.0,0.0
3069828,111,KINGSLAND AVENUE,11222,301,Brooklyn,59,0,59,5,11.8,0.0,0.0
3070195,19,KINGSLAND AVENUE,11211,301,Brooklyn,38,2,40,6,6.7,0.0,0.0
3070317,945,METROPOLITAN AVENUE,11211,301,Brooklyn,21,1,22,6,3.7,0.0,0.0
3070414,16,JUDGE STREET,11211,301,Brooklyn,73,0,73,8,9.1,0.0,0.0
3070670,112,HARRISON PLACE,11237,301,Brooklyn,17,0,17,5,3.4,0.0,0.0
3070673,105,GRATTAN STREET,11237,301,Brooklyn,18,0,18,6,3.0,0.0,0.0
3070675,93,GRATTAN STREET,11237,301,Brooklyn,29,2,31,6,5.2,0.0,0.0
3070676,89,GRATTAN STREET,11237,301,Brooklyn,23,2,25,6,4.2,0.0,0.0
3070709,147,THAMES STREET,11237,301,Brooklyn,27,0,27,6,4.5,0.0,0.0
3070889,268,STAGG STREET,11206,301,Brooklyn,21,0,21,5,4.2,0.0,0.0
3070959,155,MANHATTAN AVENUE,11206,301,Brooklyn,12,0,12,3,4.0,0.0,0.0
3071015,206,BUSHWICK AVENUE,11206,301,Brooklyn,28,0,28,7,4.0,0.0,0.0
3071111,128,MESEROLE STREET,11206,301,Brooklyn,28,1,29,3,9.7,0.0,0.0
3071113,132,MESEROLE STREET,11206,301,Brooklyn,22,0,22,7,3.1,0.0,0.0
3071228,199,JOHNSON AVENUE,11206,301,Brooklyn,39,0,39,7,5.6,0.0,0.0
3071327,23,INGRAHAM STREET,11206,301,Brooklyn,21,0,21,6,3.5,0.0,0.0
3071449,82,GRAHAM AVENUE,11206,301,Brooklyn,64,0,64,6,10.7,0.0,0.0
3071450,84,GRAHAM AVENUE,11206,301,Brooklyn,24,0,24,6,4.0,0.0,0.0
3071529,387,BUSHWICK AVENUE,11206,301,Brooklyn,18,0,18,3,6.0,0.0,0.0
3071599,681,BROADWAY,11206,301,Brooklyn,18,2,20,4,5.0,0.0,0.0
3071729,19,PARK STREET,11206,304,Brooklyn,17,0,17,5,3.4,0.0,0.0
3071766,12,LOCUST STREET,11206,304,Brooklyn,29,0,29,5,5.8,0.0,0.0
3071789,16,BELVEDERE STREET,11206,304,Brooklyn,12,0,12,3,4.0,0.0,0.0
3071831,884,FLUSHING AVENUE,11206,304,Brooklyn,39,0,39,6,6.5,0.0,0.0
3071832,886,FLUSHING AVENUE,11206,304,Brooklyn,42,0,42,8,5.3,0.0,0.0
3071919,154,NOLL STREET,11206,304,Brooklyn,12,0,12,4,3.0,0.0,0.0
3071929,180,NOLL STREET,11237,304,Brooklyn,22,9,31,3,10.3,0.0,0.0
3071943,68,GEORGE STREET,11206,304,Brooklyn,18,0,18,6,3.0,0.0,0.0
3071955,94,GEORGE STREET,11206,304,Brooklyn,20,0,20,6,3.3,0.0,0.0
3072099,184,KNICKERBOCKER AVENUE,11237,304,Brooklyn,52,0,52,6,8.7,0.0,0.0
3072101,190,KNICKERBOCKER AVENUE,11237,304,Brooklyn,50,2,52,6,8.7,0.0,0.0
3072114,237,JEFFERSON STREET,11237,304,Brooklyn,20,0,20,5,4.0,0.0,0.0
3072128,414,MELROSE STREET,11237,304,Brooklyn,134,0,134,8,16.8,0.0,0.0
3072137,444,MELROSE STREET,11237,304,Brooklyn,21,4,25,4,6.3,0.0,0.0
3072140,22,IRVING AVENUE,11237,304,Brooklyn,29,0,29,8,3.6,0.0,0.0
3072142,317,JEFFERSON STREET,11237,304,Brooklyn,23,0,23,5,4.6,0.0,0.0
3072271,172,JEFFERSON STREET,11206,304,Brooklyn,33,0,33,6,5.5,0.0,0.0
3072283,198,JEFFERSON STREET,11206,304,Brooklyn,20,0,20,6,3.3,0.0,0.0
3072296,177,TROUTMAN STREET,11206,304,Brooklyn,18,0,18,6,3.0,0.0,0.0
3072308,242,JEFFERSON STREET,11237,304,Brooklyn,20,0,20,6,3.3,0.0,0.0
3072340,207,KNICKERBOCKER AVENUE,11237,304,Brooklyn,20,0,20,6,3.3,0.0,0.0
3072358,314,JEFFERSON STREET,11237,304,Brooklyn,46,0,46,8,5.8,0.0,0.0
3072359,316,JEFFERSON STREET,11237,304,Brooklyn,51,1,52,6,8.7,0.0,0.0
3072366,32,IRVING AVENUE,11237,304,Brooklyn,14,0,14,4,3.5,0.0,0.0
3072367,34,IRVING AVENUE,11237,304,Brooklyn,18,0,18,6,3.0,0.0,0.0
3072376,307,TROUTMAN STREET,11237,304,Brooklyn,46,0,46,8,5.8,0.0,0.0
3072379,299,TROUTMAN STREET,11237,304,Brooklyn,36,4,40,8,5.0,0.0,0.0
3072386,283,TROUTMAN STREET,11237,304,Brooklyn,38,0,38,4,9.5,0.0,0.0
3072415,434,JEFFERSON STREET,11237,304,Brooklyn,17,0,17,5,3.4,0.0,0.0
3072485,142,CENTRAL AVENUE,11221,304,Brooklyn,41,0,41,6,6.8,0.0,0.0
3072504,95,WILSON AVENUE,11237,304,Brooklyn,106,3,109,6,18.2,0.0,0.0
3072507,220,TROUTMAN STREET,11237,304,Brooklyn,18,0,18,6,3.0,0.0,0.0
3072516,244,TROUTMAN STREET,11237,304,Brooklyn,45,0,45,6,7.5,0.0,0.0
3072517,246,TROUTMAN STREET,11237,304,Brooklyn,26,0,26,6,4.3,0.0,0.0
3072540,223,KNICKERBOCKER AVENUE,11237,304,Brooklyn,21,1,22,6,3.7,0.0,0.0
3072557,316,TROUTMAN STREET,11237,304,Brooklyn,39,2,41,6,6.8,0.0,0.0
3072560,44,IRVING AVENUE,11237,304,Brooklyn,30,0,30,4,7.5,0.0,0.0
3072574,159,STARR STREET,11237,304,Brooklyn,75,0,75,8,9.4,0.0,0.0
3072578,149,STARR STREET,11237,304,Brooklyn,40,0,40,6,6.7,0.0,0.0
3072579,147,STARR STREET,11237,304,Brooklyn,56,0,56,8,7.0,0.0,0.0
3072583,137,STARR STREET,11237,304,Brooklyn,25,1,26,8,3.3,0.0,0.0
3072600,30,WYCKOFF AVENUE,11237,304,Brooklyn,14,0,14,4,3.5,0.0,0.0
3072674,24,DITMARS STREET,11221,304,Brooklyn,29,2,31,3,10.3,0.0,0.0
3072724,76,STARR STREET,11237,304,Brooklyn,14,0,14,3,4.7,0.0,0.0
3072729,90,STARR STREET,11237,304,Brooklyn,18,5,23,6,3.8,0.0,0.0
3072752,1111,WILLOUGHBY AVENUE,11237,304,Brooklyn,14,10,24,6,4.0,0.0,0.0
3072799,58,ST NICHOLAS AVENUE,11237,304,Brooklyn,79,3,82,6,13.7,0.0,0.0
3072912,140,WILSON AVENUE,11237,304,Brooklyn,13,0,13,3,4.3,0.0,0.0
3072938,1130,WILLOUGHBY AVENUE,11237,304,Brooklyn,63,0,63,6,10.5,0.0,0.0
3072952,241,SUYDAM STREET,11237,304,Brooklyn,28,0,28,6,4.7,0.0,0.0
3072954,235,SUYDAM STREET,11237,304,Brooklyn,31,0,31,6,5.2,0.0,0.0
3072985,71,WYCKOFF AVENUE,11237,304,Brooklyn,26,0,26,6,4.3,0.0,0.0
3072998,1354,WILLOUGHBY AVENUE,11237,304,Brooklyn,26,0,26,6,4.3,0.0,0.0
3073076,715,BUSHWICK AVENUE,11221,304,Brooklyn,80,2,82,3,27.3,0.0,0.0
3073089,567,HART STREET,11221,304,Brooklyn,38,1,39,4,9.8,0.0,0.0
3073122,174,SUYDAM STREET,11221,304,Brooklyn,18,0,18,5,3.6,0.0,0.0
3073134,150,WILSON AVENUE,11237,304,Brooklyn,60,0,60,6,10.0,0.0,0.0
3073165,226,SUYDAM STREET,11237,304,Brooklyn,23,0,23,6,3.8,0.0,0.0
3073178,296,KNICKERBOCKER AVENUE,11237,304,Brooklyn,20,0,20,4,5.0,0.0,0.0
3073229,883,HART STREET,11237,304,Brooklyn,37,0,37,6,6.2,0.0,0.0
3073233,871,HART STREET,11237,304,Brooklyn,29,0,29,6,4.8,0.0,0.0
3073234,869,HART STREET,11237,304,Brooklyn,39,0,39,6,6.5,0.0,0.0
3073280,402,SUYDAM STREET,11237,304,Brooklyn,19,0,19,6,3.2,0.0,0.0
3073282,406,SUYDAM STREET,11237,304,Brooklyn,20,0,20,6,3.3,0.0,0.0
3073283,408,SUYDAM STREET,11237,304,Brooklyn,20,0,20,6,3.3,0.0,0.0
3073375,544,HART STREET,11221,304,Brooklyn,24,0,24,6,4.0,0.0,0.0
3073584,325,KNICKERBOCKER AVENUE,11237,304,Brooklyn,21,1,22,6,3.7,0.0,0.0
3073588,818,HART STREET,11237,304,Brooklyn,81,0,81,8,10.1,0.0,0.0
3073591,830,HART STREET,11237,304,Brooklyn,19,0,19,6,3.2,0.0,0.0
3073595,842,HART STREET,11237,304,Brooklyn,21,0,21,6,3.5,0.0,0.0
3073607,124,IRVING AVENUE,11237,304,Brooklyn,49,0,49,7,7.0,0.0,0.0
3073630,1483,DE KALB AVENUE,11237,304,Brooklyn,19,0,19,5,3.8,0.0,0.0
3073664,115,WYCKOFF AVENUE,11237,304,Brooklyn,18,1,19,6,3.2,0.0,0.0
3073753,1131,BROADWAY,11221,304,Brooklyn,12,0,12,3,4.0,0.0,0.0
3073800,1380,DE KALB AVENUE,11221,304,Brooklyn,72,1,73,8,9.1,0.0,0.0
3073819,1416,DE KALB AVENUE,11237,304,Brooklyn,42,1,43,6,7.2,0.0,0.0
3073849,167,STOCKHOLM STREET,11237,304,Brooklyn,29,0,29,5,5.8,0.0,0.0
3073856,343,KNICKERBOCKER AVENUE,11237,304,Brooklyn,24,0,24,4,6.0,0.0,0.0
3073863,1488,DE KALB AVENUE,11237,304,Brooklyn,22,0,22,6,3.7,0.0,0.0
3073908,1560,DE KALB AVENUE,11237,304,Brooklyn,20,0,20,5,4.0,0.0,0.0
3073912,1582,DE KALB AVENUE,11237,304,Brooklyn,36,1,37,6,6.2,0.0,0.0
3073922,321,STOCKHOLM STREET,11237,304,Brooklyn,16,0,16,3,5.3,0.0,0.0
3073932,137,WYCKOFF AVENUE,11237,304,Brooklyn,21,0,21,7,3.0,0.0,0.0
3073935,131,WYCKOFF AVENUE,11237,304,Brooklyn,124,0,124,8,15.5,0.0,0.0
3073946,1656,DE KALB AVENUE,11237,304,Brooklyn,47,0,47,6,7.8,0.0,0.0
3073952,138,ST NICHOLAS AVENUE,11237,304,Brooklyn,33,0,33,6,5.5,0.0,0.0
3073992,407,STOCKHOLM STREET,11237,304,Brooklyn,19,0,19,3,6.3,0.0,0.0
3074017,846,BUSHWICK AVENUE,11221,304,Brooklyn,26,0,26,8,3.3,0.0,0.0
3074032,841,BUSHWICK AVENUE,11221,304,Brooklyn,9,0,9,3,3.0,0.0,0.0
3074035,829,BUSHWICK AVENUE,11221,304,Brooklyn,11,1,12,4,3.0,0.0,0.0
3074051,312,EVERGREEN AVENUE,11221,304,Brooklyn,37,3,40,6,6.7,0.0,0.0
3074120,202,WILSON AVENUE,11237,304,Brooklyn,50,1,51,5,10.2,0.0,0.0
3074132,174,STOCKHOLM STREET,11237,304,Brooklyn,23,0,23,4,5.8,0.0,0.0
3074135,180,STOCKHOLM STREET,11237,304,Brooklyn,31,0,31,6,5.2,0.0,0.0
3074147,364,KNICKERBOCKER AVENUE,11237,304,Brooklyn,47,0,47,4,11.8,0.0,0.0
3074155,191,STANHOPE STREET,11237,304,Brooklyn,41,0,41,6,6.8,0.0,0.0
3074193,252,STOCKHOLM STREET,11237,304,Brooklyn,35,0,35,8,4.4,0.0,0.0
3074194,254,STOCKHOLM STREET,11237,304,Brooklyn,25,1,26,8,3.3,0.0,0.0
3074196,166,IRVING AVENUE,11237,304,Brooklyn,77,0,77,6,12.8,0.0,0.0
3074210,249,STANHOPE STREET,11237,304,Brooklyn,19,2,21,6,3.5,0.0,0.0
3074218,227,STANHOPE STREET,11237,304,Brooklyn,37,0,37,6,6.2,0.0,0.0
3074231,302,STOCKHOLM STREET,11237,304,Brooklyn,65,2,67,6,11.2,0.0,0.0
3074278,143,ST NICHOLAS AVENUE,11237,304,Brooklyn,26,0,26,5,5.2,0.0,0.0
3074397,99,HIMROD STREET,11221,304,Brooklyn,20,0,20,6,3.3,0.0,0.0
3074483,232,STANHOPE STREET,11237,304,Brooklyn,26,1,27,6,4.5,0.0,0.0
3074494,182,IRVING AVENUE,11237,304,Brooklyn,45,0,45,6,7.5,0.0,0.0
3074506,251,HIMROD STREET,11237,304,Brooklyn,18,0,18,6,3.0,0.0,0.0
3074511,241,HIMROD STREET,11237,304,Brooklyn,18,2,20,6,3.3,0.0,0.0
3074531,298,STANHOPE STREET,11237,304,Brooklyn,16,3,19,6,3.2,0.0,0.0
3074532,300,STANHOPE STREET,11237,304,Brooklyn,21,0,21,5,4.2,0.0,0.0
3074556,289,HIMROD STREET,11237,304,Brooklyn,18,0,18,6,3.0,0.0,0.0
3074560,281,HIMROD STREET,11237,304,Brooklyn,21,0,21,6,3.5,0.0,0.0
3074568,171,WYCKOFF AVENUE,11237,304,Brooklyn,29,4,33,4,8.3,0.0,0.0
3074765,163,HARMAN STREET,11221,304,Brooklyn,22,0,22,6,3.7,0.0,0.0
3074790,249,HARMAN STREET,11237,304,Brooklyn,32,0,32,6,5.3,0.0,0.0
3074831,315,HARMAN STREET,11237,304,Brooklyn,57,0,57,6,9.5,0.0,0.0
3074879,370,HIMROD STREET,11237,304,Brooklyn,8,4,12,3,4.0,0.0,0.0
3074932,477,HARMAN STREET,11237,304,Brooklyn,36,0,36,6,6.0,0.0,0.0
3074943,1225,BROADWAY,11221,304,Brooklyn,25,0,25,4,6.3,0.0,0.0
3075028,94,HARMAN STREET,11221,304,Brooklyn,13,0,13,3,4.3,0.0,0.0
3075097,294,HARMAN STREET,11237,304,Brooklyn,46,0,46,6,7.7,0.0,0.0
3075100,306,HARMAN STREET,11237,304,Brooklyn,60,2,62,6,10.3,0.0,0.0
3075106,324,HARMAN STREET,11237,304,Brooklyn,24,0,24,6,4.0,0.0,0.0
3075140,235,IRVING AVENUE,11237,304,Brooklyn,100,4,104,6,17.3,0.0,0.0
3075143,225,IRVING AVENUE,11237,304,Brooklyn,47,0,47,6,7.8,0.0,0.0
3075168,1431,GREENE AVENUE,11237,304,Brooklyn,90,0,90,6,15.0,0.0,0.0
3075216,1475,GREENE AVENUE,11237,304,Brooklyn,21,0,21,3,7.0,0.0,0.0
3075229,209,ST NICHOLAS AVENUE,11237,304,Brooklyn,9,0,9,3,3.0,0.0,0.0
3075275,1267,BROADWAY,11221,304,Brooklyn,50,3,53,6,8.8,0.0,0.0
3075327,1132,GREENE AVENUE,11221,304,Brooklyn,16,2,18,3,6.0,0.0,0.0
3075395,276,WILSON AVENUE,11237,304,Brooklyn,54,1,55,8,6.9,0.0,0.0
3075449,283,BLEECKER STREET,11237,304,Brooklyn,40,3,43,6,7.2,0.0,0.0
3075472,1422,GREENE AVENUE,11237,304,Brooklyn,64,8,72,6,12.0,0.0,0.0
3075488,1458,GREENE AVENUE,11237,304,Brooklyn,15,0,15,3,5.0,0.0,0.0
3075514,317,BLEECKER STREET,11237,304,Brooklyn,23,0,23,6,3.8,0.0,0.0
3075519,229,WYCKOFF AVENUE,11237,304,Brooklyn,26,0,26,6,4.3,0.0,0.0
3075613,62,BLEECKER STREET,11221,304,Brooklyn,13,0,13,3,4.3,0.0,0.0
3075649,166,BLEECKER STREET,11221,304,Brooklyn,22,0,22,6,3.7,0.0,0.0
3075718,266,IRVING AVENUE,11237,304,Brooklyn,22,0,22,4,5.5,0.0,0.0
3075739,334,BLEECKER STREET,11237,304,Brooklyn,24,0,24,6,4.0,0.0,0.0
3075747,352,BLEECKER STREET,11237,304,Brooklyn,18,0,18,6,3.0,0.0,0.0
3075761,333,MENAHAN STREET,11237,304,Brooklyn,17,2,19,6,3.2,0.0,0.0
3075764,327,MENAHAN STREET,11237,304,Brooklyn,42,0,42,6,7.0,0.0,0.0
3075769,317,MENAHAN STREET,11237,304,Brooklyn,102,5,107,3,35.7,0.0,0.0
3075776,257,WYCKOFF AVENUE,11237,304,Brooklyn,24,0,24,3,8.0,0.0,0.0
3075814,371,MENAHAN STREET,11237,304,Brooklyn,48,0,48,6,8.0,0.0,0.0
3075848,417,MENAHAN STREET,11237,304,Brooklyn,52,2,54,6,9.0,0.0,0.0
3075871,69,GROVE STREET,11221,304,Brooklyn,21,0,21,3,7.0,0.0,0.0
3075881,58,MENAHAN STREET,11221,304,Brooklyn,73,0,73,5,14.6,0.0,0.0
3075916,1466,MYRTLE AVENUE,11237,304,Brooklyn,38,0,38,6,6.3,0.0,0.0
3075933,272,IRVING AVENUE,11237,304,Brooklyn,26,0,26,8,3.3,0.0,0.0
3075956,316,MENAHAN STREET,11237,304,Brooklyn,21,0,21,6,3.5,0.0,0.0
3075976,345,GROVE STREET,11237,304,Brooklyn,35,1,36,6,6.0,0.0,0.0
3076095,358,CENTRAL AVENUE,11221,304,Brooklyn,33,1,34,4,8.5,0.0,0.0
3076118,537,KNICKERBOCKER AVENUE,11221,304,Brooklyn,33,0,33,8,4.1,0.0,0.0
3076138,306,GROVE STREET,11237,304,Brooklyn,20,0,20,5,4.0,0.0,0.0
3076161,273,LINDEN STREET,11237,304,Brooklyn,32,0,32,6,5.3,0.0,0.0
3076164,269,LINDEN STREET,11237,304,Brooklyn,52,0,52,3,17.3,0.0,0.0
3076193,343,LINDEN STREET,11237,304,Brooklyn,67,4,71,12,5.9,0.0,0.0
3076197,291,WYCKOFF AVENUE,11237,304,Brooklyn,40,0,40,6,6.7,0.0,0.0
3076207,397,LINDEN STREET,11237,304,Brooklyn,57,1,58,6,9.7,0.0,0.0
3076208,395,LINDEN STREET,11237,304,Brooklyn,13,6,19,6,3.2,0.0,0.0
3076261,98,LINDEN STREET,11221,304,Brooklyn,53,1,54,6,9.0,0.0,0.0
3076284,357,CENTRAL AVENUE,11221,304,Brooklyn,18,0,18,3,6.0,0.0,0.0
3076295,1337,GATES AVENUE,11221,304,Brooklyn,46,0,46,15,3.1,0.0,0.0
3076367,264,WYCKOFF AVENUE,11237,304,Brooklyn,9,2,11,3,3.7,0.0,0.0
3076390,406,LINDEN STREET,11237,304,Brooklyn,31,0,31,3,10.3,0.0,0.0
3076398,304,ST NICHOLAS AVENUE,11237,304,Brooklyn,21,9,30,6,5.0,0.0,0.0
3076409,1112,GATES AVENUE,11221,304,Brooklyn,19,0,19,3,6.3,0.0,0.0
3076440,1328,GATES AVENUE,11221,304,Brooklyn,154,2,156,6,26.0,0.0,0.0
3076449,201,PALMETTO STREET,11221,304,Brooklyn,13,0,13,3,4.3,0.0,0.0
3076539,1098,BUSHWICK AVENUE,11221,304,Brooklyn,9,1,10,3,3.3,0.0,0.0
3076633,260,PALMETTO STREET,11221,304,Brooklyn,9,1,10,3,3.3,0.0,0.0
3076670,352,PALMETTO STREET,11237,304,Brooklyn,52,0,52,6,8.7,0.0,0.0
3076688,389,WOODBINE STREET,11237,304,Brooklyn,25,1,26,6,4.3,0.0,0.0
3076689,387,WOODBINE STREET,11237,304,Brooklyn,18,0,18,6,3.0,0.0,0.0
3076704,14,WOODBINE STREET,11221,304,Brooklyn,16,1,17,3,5.7,0.0,0.0
3076719,1104,BUSHWICK AVENUE,11221,304,Brooklyn,99,0,99,6,16.5,0.0,0.0
3076855,339,WOODBINE STREET,11237,304,Brooklyn,32,0,32,4,8.0,0.0,0.0
3076880,386,WOODBINE STREET,11237,304,Brooklyn,30,2,32,6,5.3,0.0,0.0
3076881,388,WOODBINE STREET,11237,304,Brooklyn,37,0,37,6,6.2,0.0,0.0
3076934,992,MADISON STREET,11221,304,Brooklyn,30,0,30,3,10.0,0.0,0.0
3076947,1119,PUTNAM AVENUE,11221,304,Brooklyn,25,0,25,3,8.3,0.0,0.0
3077059,443,WILSON AVENUE,11221,304,Brooklyn,72,1,73,8,9.1,0.0,0.0
3077114,1392,MADISON STREET,11237,304,Brooklyn,10,0,10,3,3.3,0.0,0.0
3077137,1114,PUTNAM AVENUE,11221,304,Brooklyn,21,0,21,3,7.0,0.0,0.0
3077138,1116,PUTNAM AVENUE,11221,304,Brooklyn,11,0,11,3,3.7,0.0,0.0
3077140,1120,PUTNAM AVENUE,11221,304,Brooklyn,35,0,35,3,11.7,0.0,0.0
3077188,95,CORNELIA STREET,11221,304,Brooklyn,3,10,13,3,4.3,0.0,0.0
3077200,71,CORNELIA STREET,11221,304,Brooklyn,43,5,48,3,16.0,0.0,0.0
3077292,1384,PUTNAM AVENUE,11221,304,Brooklyn,74,0,74,6,12.3,0.0,0.0
3077299,287,CORNELIA STREET,11221,304,Brooklyn,22,0,22,6,3.7,0.0,0.0
3077430,407,CORNELIA STREET,11237,304,Brooklyn,20,0,20,3,6.7,0.0,0.0
3077432,1505,BROADWAY,11221,304,Brooklyn,47,1,48,8,6.0,0.0,0.0
3077449,38,CORNELIA STREET,11221,304,Brooklyn,54,12,66,3,22.0,0.0,0.0
3077450,40,CORNELIA STREET,11221,304,Brooklyn,64,3,67,3,22.3,0.0,0.0
3077456,1182,BUSHWICK AVENUE,11221,304,Brooklyn,15,0,15,4,3.8,0.0,0.0
3077467,1055,JEFFERSON AVENUE,11221,304,Brooklyn,10,0,10,3,3.3,0.0,0.0
3077534,132,CORNELIA STREET,11221,304,Brooklyn,18,0,18,3,6.0,0.0,0.0
3077575,479,CENTRAL AVENUE,11221,304,Brooklyn,456,8,464,5,92.8,0.0,0.0
3077588,198,CORNELIA STREET,11221,304,Brooklyn,10,0,10,3,3.3,0.0,0.0
3077627,248,CORNELIA STREET,11221,304,Brooklyn,68,0,68,5,13.6,0.0,0.0
3077815,1218,BUSHWICK AVENUE,11221,304,Brooklyn,29,1,30,7,4.3,0.0,0.0
3077827,989,HANCOCK STREET,11221,304,Brooklyn,101,6,107,3,35.7,0.0,0.0
3077911,1131,HANCOCK STREET,11221,304,Brooklyn,0,21,21,3,7.0,0.0,0.0
3077973,1302,JEFFERSON AVENUE,11221,304,Brooklyn,99,10,109,7,15.6,0.0,0.0
3078040,1388,JEFFERSON AVENUE,11237,304,Brooklyn,19,0,19,3,6.3,0.0,0.0
3078042,1392,JEFFERSON AVENUE,11237,304,Brooklyn,14,0,14,3,4.7,0.0,0.0
3078073,1359,HANCOCK STREET,11237,304,Brooklyn,40,0,40,6,6.7,0.0,0.0
3078076,1351,HANCOCK STREET,11237,304,Brooklyn,24,0,24,6,4.0,0.0,0.0
3078080,1339,HANCOCK STREET,11237,304,Brooklyn,106,0,106,6,17.7,0.0,0.0
3078081,1335,HANCOCK STREET,11237,304,Brooklyn,65,0,65,6,10.8,0.0,0.0
3078082,1333,HANCOCK STREET,11237,304,Brooklyn,28,0,28,6,4.7,0.0,0.0
3078085,1323,HANCOCK STREET,11237,304,Brooklyn,31,0,31,6,5.2,0.0,0.0
3078095,1452,JEFFERSON AVENUE,11237,304,Brooklyn,17,1,18,3,6.0,0.0,0.0
3078123,1514,JEFFERSON AVENUE,11237,304,Brooklyn,20,0,20,6,3.3,0.0,0.0
3078162,1024,HANCOCK STREET,11221,304,Brooklyn,26,0,26,3,8.7,0.0,0.0
3078283,507,CENTRAL AVENUE,11221,304,Brooklyn,50,1,51,6,8.5,0.0,0.0
3078335,515,WILSON AVENUE,11221,304,Brooklyn,67,0,67,6,11.2,0.0,0.0
3078373,255,WEIRFIELD STREET,11221,304,Brooklyn,135,0,135,3,45.0,0.0,0.0
3078385,1336,HANCOCK STREET,11237,304,Brooklyn,110,2,112,6,18.7,0.0,0.0
3078392,1358,HANCOCK STREET,11237,304,Brooklyn,20,0,20,6,3.3,0.0,0.0
3078575,552,CENTRAL AVENUE,11207,304,Brooklyn,15,0,15,4,3.8,0.0,0.0
3078692,1235,HALSEY STREET,11237,304,Brooklyn,35,0,35,8,4.4,0.0,0.0
3078736,1288,BUSHWICK AVENUE,11207,304,Brooklyn,13,0,13,3,4.3,0.0,0.0
3078779,93,ELDERT STREET,11207,304,Brooklyn,15,0,15,3,5.0,0.0,0.0
3078805,1132,HALSEY STREET,11207,304,Brooklyn,107,0,107,3,35.7,0.0,0.0
3078854,187,ELDERT STREET,11207,304,Brooklyn,28,0,28,6,4.7,0.0,0.0
3078858,565,WILSON AVENUE,11207,304,Brooklyn,14,0,14,4,3.5,0.0,0.0
3078861,559,WILSON AVENUE,11207,304,Brooklyn,23,0,23,6,3.8,0.0,0.0
3078863,555,WILSON AVENUE,11207,304,Brooklyn,23,2,25,4,6.3,0.0,0.0
3078878,1246,HALSEY STREET,11207,304,Brooklyn,10,0,10,3,3.3,0.0,0.0
3078882,784,KNICKERBOCKER AVENUE,11207,304,Brooklyn,49,0,49,3,16.3,0.0,0.0
3078916,1298,HALSEY STREET,11237,304,Brooklyn,90,2,92,6,15.3,0.0,0.0
3078930,333,ELDERT STREET,11237,304,Brooklyn,61,0,61,4,15.3,0.0,0.0
3078985,35,COVERT STREET,11207,304,Brooklyn,95,3,98,6,16.3,0.0,0.0
3079029,194,ELDERT STREET,11207,304,Brooklyn,12,0,12,3,4.0,0.0,0.0
3079044,572,WILSON AVENUE,11207,304,Brooklyn,20,0,20,5,4.0,0.0,0.0
3079087,265,COVERT STREET,11207,304,Brooklyn,20,0,20,3,6.7,0.0,0.0
3079342,239,SCHAEFER STREET,11207,304,Brooklyn,15,0,15,3,5.0,0.0,0.0
3079374,326,COVERT STREET,11237,304,Brooklyn,19,0,19,6,3.2,0.0,0.0
3079375,328,COVERT STREET,11237,304,Brooklyn,23,0,23,6,3.8,0.0,0.0
3079412,1352,BUSHWICK AVENUE,11207,304,Brooklyn,39,0,39,3,13.0,0.0,0.0
3079415,1358,BUSHWICK AVENUE,11207,304,Brooklyn,21,0,21,6,3.5,0.0,0.0
3079494,186,SCHAEFER STREET,11207,304,Brooklyn,136,1,137,6,22.8,0.0,0.0
3079531,214,SCHAEFER STREET,11207,304,Brooklyn,22,0,22,6,3.7,0.0,0.0
3079534,220,SCHAEFER STREET,11207,304,Brooklyn,12,0,12,3,4.0,0.0,0.0
3079538,226,SCHAEFER STREET,11207,304,Brooklyn,30,2,32,6,5.3,0.0,0.0
3079574,867,KNICKERBOCKER AVENUE,11207,304,Brooklyn,26,0,26,6,4.3,0.0,0.0
3079586,278,SCHAEFER STREET,11237,304,Brooklyn,38,0,38,3,12.7,0.0,0.0
3079638,1378,BUSHWICK AVENUE,11207,304,Brooklyn,16,0,16,3,5.3,0.0,0.0
3079740,1198,DECATUR STREET,11207,304,Brooklyn,21,0,21,3,7.0,0.0,0.0
3079771,637,WILSON AVENUE,11207,304,Brooklyn,19,0,19,5,3.8,0.0,0.0
3079774,631,WILSON AVENUE,11207,304,Brooklyn,48,0,48,6,8.0,0.0,0.0
3079800,225,COOPER STREET,11207,304,Brooklyn,32,0,32,5,6.4,0.0,0.0
3079833,1364,DECATUR STREET,11237,304,Brooklyn,33,0,33,6,5.5,0.0,0.0
3079855,618,IRVING AVENUE,11237,304,Brooklyn,25,0,25,6,4.2,0.0,0.0
3079862,18,COOPER STREET,11207,304,Brooklyn,55,0,55,3,18.3,0.0,0.0
3079880,1408,BUSHWICK AVENUE,11207,304,Brooklyn,36,0,36,9,4.0,0.0,0.0
3079921,100,COOPER STREET,11207,304,Brooklyn,15,0,15,4,3.8,0.0,0.0
3079945,711,EVERGREEN AVENUE,11207,304,Brooklyn,90,1,91,5,18.2,0.0,0.0
3079947,110,COOPER STREET,11207,304,Brooklyn,36,4,40,6,6.7,0.0,0.0
3080003,643,CENTRAL AVENUE,11207,304,Brooklyn,32,0,32,6,5.3,0.0,0.0
3080019,636,WILSON AVENUE,11207,304,Brooklyn,40,0,40,6,6.7,0.0,0.0
3080022,223,MOFFAT STREET,11207,304,Brooklyn,19,0,19,5,3.8,0.0,0.0
3080072,1423,BUSHWICK AVENUE,11207,304,Brooklyn,17,1,18,6,3.0,0.0,0.0
3080252,728,CHAUNCEY STREET,11207,304,Brooklyn,83,0,83,3,27.7,0.0,0.0
3080314,1470,BUSHWICK AVENUE,11207,304,Brooklyn,20,0,20,6,3.3,0.0,0.0
3080319,37,GRANITE STREET,11207,304,Brooklyn,28,0,28,6,4.7,0.0,0.0
3080321,27,GRANITE STREET,11207,304,Brooklyn,25,0,25,5,5.0,0.0,0.0
3080371,24,GRANITE STREET,11207,304,Brooklyn,29,0,29,6,4.8,0.0,0.0
3080495,58,DE SALES PLACE,11207,304,Brooklyn,40,0,40,6,6.7,0.0,0.0
3080589,22,MARGINAL ST WEST,11207,305,Brooklyn,20,0,20,3,6.7,0.0,0.0
3080688,1729,PITKIN AVENUE,11212,316,Brooklyn,22,3,25,6,4.2,0.0,0.0
3080782,1166,EAST NEW YORK AVENUE,11212,316,Brooklyn,7,7,14,4,3.5,0.0,0.0
3080798,685,RALPH AVENUE,11212,316,Brooklyn,77,0,77,4,19.3,0.0,0.0
3080809,2022,UNION STREET,11212,316,Brooklyn,160,12,172,4,43.0,0.0,0.0
3080811,2026,UNION STREET,11212,316,Brooklyn,26,0,26,4,6.5,0.0,0.0
3080824,2057,UNION STREET,11212,316,Brooklyn,26,0,26,4,6.5,0.0,0.0
3080853,77,TAPSCOTT STREET,11212,316,Brooklyn,12,0,12,4,3.0,0.0,0.0
3080903,95,LEGION STREET,11212,316,Brooklyn,29,3,32,8,4.0,0.0,0.0
3080906,83,LEGION STREET,11212,316,Brooklyn,24,0,24,4,6.0,0.0,0.0
3081019,136,BRISTOL STREET,11212,316,Brooklyn,39,1,40,4,10.0,0.0,0.0
3081160,739,RALPH AVENUE,11212,316,Brooklyn,18,0,18,5,3.6,0.0,0.0
3081184,2111,UNION STREET,11212,316,Brooklyn,33,0,33,4,8.3,0.0,0.0
3081209,129,TAPSCOTT STREET,11212,316,Brooklyn,48,0,48,6,8.0,0.0,0.0
3081286,141,LEGION STREET,11212,316,Brooklyn,19,0,19,3,6.3,0.0,0.0
3081331,1968,STRAUSS STREET,11212,316,Brooklyn,150,3,153,6,25.5,0.0,0.0
3081394,178,AMBOY STREET,11212,316,Brooklyn,54,0,54,14,3.9,0.0,0.0
3081488,766,HOWARD AVENUE,11212,316,Brooklyn,19,0,19,4,4.8,0.0,0.0
3081582,207,LEGION STREET,11212,316,Brooklyn,14,0,14,3,4.7,0.0,0.0
3081741,189,DUMONT AVENUE,11212,316,Brooklyn,66,0,66,6,11.0,0.0,0.0
3081798,806,HOWARD AVENUE,11212,316,Brooklyn,78,0,78,6,13.0,0.0,0.0
3081861,231,GRAFTON STREET,11212,316,Brooklyn,0,11,11,3,3.7,0.0,0.0
3081941,702,ROCKAWAY AVENUE,11212,316,Brooklyn,83,0,83,18,4.6,0.0,0.0
3082001,348,LEGION STREET,11212,316,Brooklyn,21,0,21,4,5.3,0.0,0.0
3082016,313,LEGION STREET,11212,316,Brooklyn,15,2,17,4,4.3,0.0,0.0
3082017,311,LEGION STREET,11212,316,Brooklyn,26,0,26,4,6.5,0.0,0.0
3082018,307,LEGION STREET,11212,316,Brooklyn,35,0,35,4,8.8,0.0,0.0
3082040,813,SARATOGA AVENUE,11212,316,Brooklyn,19,0,19,4,4.8,0.0,0.0
3082043,801,SARATOGA AVENUE,11212,316,Brooklyn,17,3,20,4,5.0,0.0,0.0
3082069,77,RIVERDALE AVENUE,11212,316,Brooklyn,68,3,71,4,17.8,0.0,0.0
3082075,2169,STRAUSS STREET,11212,316,Brooklyn,19,0,19,4,4.8,0.0,0.0
3082086,362,AMBOY STREET,11212,316,Brooklyn,17,0,17,4,4.3,0.0,0.0
3082115,764,HOPKINSON AVENUE,11212,316,Brooklyn,35,0,35,3,11.7,0.0,0.0
3082137,775,HOPKINSON AVENUE,11212,316,Brooklyn,26,0,26,6,4.3,0.0,0.0
3082174,380,LEGION STREET,11212,316,Brooklyn,17,0,17,3,5.7,0.0,0.0
3082177,411,LEGION STREET,11212,316,Brooklyn,28,0,28,4,7.0,0.0,0.0
3082180,401,LEGION STREET,11212,316,Brooklyn,23,2,25,4,6.3,0.0,0.0
3082182,393,LEGION STREET,11212,316,Brooklyn,21,0,21,4,5.3,0.0,0.0
3082184,389,LEGION STREET,11212,316,Brooklyn,12,0,12,4,3.0,0.0,0.0
3082191,367,LEGION STREET,11212,316,Brooklyn,50,0,50,4,12.5,0.0,0.0
3082192,365,LEGION STREET,11212,316,Brooklyn,26,0,26,4,6.5,0.0,0.0
3082210,45,NEWPORT STREET,11212,316,Brooklyn,33,0,33,8,4.1,0.0,0.0
3082225,867,SARATOGA AVENUE,11212,316,Brooklyn,14,0,14,3,4.7,0.0,0.0
3082234,2202,STRAUSS STREET,11212,316,Brooklyn,19,0,19,4,4.8,0.0,0.0
3082249,2253,STRAUSS STREET,11212,316,Brooklyn,30,0,30,3,10.0,0.0,0.0
3082254,438,HERZL STREET,11212,316,Brooklyn,36,0,36,4,9.0,0.0,0.0
3082269,423,HERZL STREET,11212,316,Brooklyn,22,0,22,4,5.5,0.0,0.0
3082273,411,HERZL STREET,11212,316,Brooklyn,18,0,18,4,4.5,0.0,0.0
3082281,110,RIVERDALE AVENUE,11212,316,Brooklyn,81,0,81,4,20.3,0.0,0.0
3082284,120,RIVERDALE AVENUE,11212,316,Brooklyn,22,0,22,5,4.4,0.0,0.0
3082296,868,HOPKINSON AVENUE,11212,316,Brooklyn,73,2,75,5,15.0,0.0,0.0
3082369,451,BRISTOL STREET,11212,316,Brooklyn,50,0,50,4,12.5,0.0,0.0
3082397,912,SARATOGA AVENUE,11212,316,Brooklyn,112,1,113,35,3.2,0.0,0.0
3082401,945,SARATOGA AVENUE,11212,316,Brooklyn,83,0,83,4,20.8,0.0,0.0
3082412,913,SARATOGA AVENUE,11212,316,Brooklyn,52,0,52,4,13.0,0.0,0.0
3082414,905,SARATOGA AVENUE,11212,316,Brooklyn,20,0,20,4,5.0,0.0,0.0
3082418,2262,STRAUSS STREET,11212,316,Brooklyn,14,0,14,4,3.5,0.0,0.0
3082420,2268,STRAUSS STREET,11212,316,Brooklyn,66,0,66,4,16.5,0.0,0.0
3082425,2284,STRAUSS STREET,11212,316,Brooklyn,12,0,12,4,3.0,0.0,0.0
3082438,2313,STRAUSS STREET,11212,316,Brooklyn,20,0,20,3,6.7,0.0,0.0
3082444,2293,STRAUSS STREET,11212,316,Brooklyn,50,0,50,4,12.5,0.0,0.0
3082454,2265,STRAUSS STREET,11212,316,Brooklyn,34,0,34,4,8.5,0.0,0.0
3082456,2259,STRAUSS STREET,11212,316,Brooklyn,29,0,29,4,7.3,0.0,0.0
3082478,485,HERZL STREET,11212,316,Brooklyn,61,0,61,4,15.3,0.0,0.0
3082488,80,NEWPORT STREET,11212,316,Brooklyn,24,0,24,6,4.0,0.0,0.0
3082490,86,NEWPORT STREET,11212,316,Brooklyn,31,0,31,6,5.2,0.0,0.0
3082507,932,HOPKINSON AVENUE,11212,316,Brooklyn,46,1,47,5,9.4,0.0,0.0
3082585,513,BRISTOL STREET,11212,316,Brooklyn,92,0,92,4,23.0,0.0,0.0
3082586,509,BRISTOL STREET,11212,316,Brooklyn,16,0,16,4,4.0,0.0,0.0
3082611,539,CHESTER STREET,11212,316,Brooklyn,28,0,28,4,7.0,0.0,0.0
3082621,497,CHESTER STREET,11212,316,Brooklyn,33,0,33,6,5.5,0.0,0.0
3082688,2329,STRAUSS STREET,11212,316,Brooklyn,18,0,18,4,4.5,0.0,0.0
3082689,2327,STRAUSS STREET,11212,316,Brooklyn,42,0,42,4,10.5,0.0,0.0
3082690,2323,STRAUSS STREET,11212,316,Brooklyn,29,0,29,4,7.3,0.0,0.0
3082706,42,LOTT AVENUE,11212,316,Brooklyn,72,1,73,3,24.3,0.0,0.0
3082734,604,BRISTOL STREET,11212,316,Brooklyn,73,1,74,21,3.5,0.0,0.0
3082760,566 A,BRISTOL STREET,11212,316,Brooklyn,64,0,64,4,16.0,0.0,0.0
3082764,580,BRISTOL STREET,11212,316,Brooklyn,47,0,47,4,11.8,0.0,0.0
3082765,584,BRISTOL STREET,11212,316,Brooklyn,27,1,28,4,7.0,0.0,0.0
3082770,602,BRISTOL STREET,11212,316,Brooklyn,19,0,19,4,4.8,0.0,0.0
3082829,579,CHESTER STREET,11212,316,Brooklyn,21,0,21,4,5.3,0.0,0.0
3082854,500,THATFORD AVENUE,11212,316,Brooklyn,10,0,10,3,3.3,0.0,0.0
3082881,562,OSBORN STREET,11212,316,Brooklyn,24,0,24,4,6.0,0.0,0.0
3082897,610,OSBORN STREET,11212,316,Brooklyn,12,0,12,4,3.0,0.0,0.0
3082944,634,OSBORN STREET,11212,316,Brooklyn,35,0,35,4,8.8,0.0,0.0
3082945,638,OSBORN STREET,11212,316,Brooklyn,97,0,97,4,24.3,0.0,0.0
3082965,637,OSBORN STREET,11212,316,Brooklyn,45,0,45,4,11.3,0.0,0.0
3082967,648,WATKINS STREET,11212,316,Brooklyn,17,0,17,4,4.3,0.0,0.0
3082970,658,WATKINS STREET,11212,316,Brooklyn,73,4,77,4,19.3,0.0,0.0
3082973,666,WATKINS STREET,11212,316,Brooklyn,12,0,12,4,3.0,0.0,0.0
3082978,680,WATKINS STREET,11212,316,Brooklyn,22,0,22,4,5.5,0.0,0.0
3082982,687,WATKINS STREET,11212,316,Brooklyn,14,0,14,4,3.5,0.0,0.0
3082992,655,WATKINS STREET,11212,316,Brooklyn,31,0,31,4,7.8,0.0,0.0
3082993,653,WATKINS STREET,11212,316,Brooklyn,25,0,25,4,6.3,0.0,0.0
3082994,649,WATKINS STREET,11212,316,Brooklyn,25,1,26,4,6.5,0.0,0.0
3083059,713,BRISTOL STREET,11236,316,Brooklyn,89,0,89,4,22.3,0.0,0.0
3083138,18,WYONA STREET,11207,305,Brooklyn,16,0,16,3,5.3,0.0,0.0
3083268,47,SHEFFIELD AVENUE,11207,305,Brooklyn,18,0,18,6,3.0,0.0,0.0
3083269,43,SHEFFIELD AVENUE,11207,305,Brooklyn,75,3,78,6,13.0,0.0,0.0
3083270,41,SHEFFIELD AVENUE,11207,305,Brooklyn,57,0,57,6,9.5,0.0,0.0
3083271,37,SHEFFIELD AVENUE,11207,305,Brooklyn,32,0,32,6,5.3,0.0,0.0
3083327,123,VERMONT STREET,11207,305,Brooklyn,11,0,11,3,3.7,0.0,0.0
3083371,117,BRADFORD STREET,11207,305,Brooklyn,22,0,22,3,7.3,0.0,0.0
3083401,257,MOTHER GASTON BOULEVARD,11212,316,Brooklyn,64,7,71,8,8.9,0.0,0.0
3083403,251,MOTHER GASTON BOULEVARD,11212,316,Brooklyn,121,0,121,19,6.4,0.0,0.0
3083437,22,HINSDALE STREET,11207,305,Brooklyn,18,0,18,3,6.0,0.0,0.0
3083439,28,HINSDALE STREET,11207,305,Brooklyn,10,0,10,3,3.3,0.0,0.0
3083443,41,HINSDALE STREET,11207,305,Brooklyn,16,0,16,3,5.3,0.0,0.0
3083464,45,HINSDALE STREET,11207,305,Brooklyn,21,0,21,3,7.0,0.0,0.0
3083525,195,NEW JERSEY AVENUE,11207,305,Brooklyn,98,2,100,3,33.3,0.0,0.0
3083567,158,BRADFORD STREET,11207,305,Brooklyn,23,0,23,6,3.8,0.0,0.0
3083574,445,LIBERTY AVENUE,11207,305,Brooklyn,23,1,24,3,8.0,0.0,0.0
3083598,279,MOTHER GASTON BOULEVARD,11212,316,Brooklyn,13,1,14,4,3.5,0.0,0.0
3083614,126,LIBERTY AVENUE,11212,316,Brooklyn,36,0,36,10,3.6,0.0,0.0
3083738,1805,PITKIN AVENUE,11212,316,Brooklyn,63,0,63,19,3.3,0.0,0.0
3083798,177,SHEFFIELD AVENUE,11207,305,Brooklyn,53,4,57,5,11.4,0.0,0.0
3083826,269,NEW JERSEY AVENUE,11207,305,Brooklyn,14,0,14,3,4.7,0.0,0.0
3083853,460,GLENMORE AVENUE,11207,305,Brooklyn,80,2,82,5,16.4,0.0,0.0
3083933,305,WYONA STREET,11207,305,Brooklyn,129,1,130,3,43.3,0.0,0.0
3083934,303,WYONA STREET,11207,305,Brooklyn,54,1,55,3,18.3,0.0,0.0
3083937,293,WYONA STREET,11207,305,Brooklyn,22,8,30,3,10.0,0.0,0.0
3083938,291,WYONA STREET,11207,305,Brooklyn,16,0,16,3,5.3,0.0,0.0
3083949,2168,PITKIN AVENUE,11207,305,Brooklyn,22,0,22,3,7.3,0.0,0.0
3083950,2170,PITKIN AVENUE,11207,305,Brooklyn,11,0,11,3,3.7,0.0,0.0
3083989,356,MILLER AVENUE,11207,305,Brooklyn,19,1,20,3,6.7,0.0,0.0
3083993,366,MILLER AVENUE,11207,305,Brooklyn,54,0,54,3,18.0,0.0,0.0
3084048,591,SUTTER AVENUE,11207,305,Brooklyn,24,0,24,6,4.0,0.0,0.0
3084053,609,SUTTER AVENUE,11207,305,Brooklyn,11,1,12,4,3.0,0.0,0.0
3084091,370,NEW JERSEY AVENUE,11207,305,Brooklyn,10,0,10,3,3.3,0.0,0.0
3084094,382,NEW JERSEY AVENUE,11207,305,Brooklyn,25,2,27,3,9.0,0.0,0.0
3084259,519,BLAKE AVENUE,11207,305,Brooklyn,85,0,85,16,5.3,0.0,0.0
3084285,375,SHEFFIELD AVENUE,11207,305,Brooklyn,44,0,44,5,8.8,0.0,0.0
3084286,369,SHEFFIELD AVENUE,11207,305,Brooklyn,39,0,39,4,9.8,0.0,0.0
3084314,424,NEW JERSEY AVENUE,11207,305,Brooklyn,14,0,14,3,4.7,0.0,0.0
3084315,430,NEW JERSEY AVENUE,11207,305,Brooklyn,25,0,25,3,8.3,0.0,0.0
3084316,432,NEW JERSEY AVENUE,11207,305,Brooklyn,36,0,36,3,12.0,0.0,0.0
3084317,667,BLAKE AVENUE,11207,305,Brooklyn,11,0,11,3,3.7,0.0,0.0
3084327,425,NEW JERSEY AVENUE,11207,305,Brooklyn,18,3,21,3,7.0,0.0,0.0
3084366,404,BRADFORD STREET,11207,305,Brooklyn,31,0,31,3,10.3,0.0,0.0
3084396,373,BRADFORD STREET,11207,305,Brooklyn,77,0,77,4,19.3,0.0,0.0
3084422,444,BLAKE AVENUE,11212,316,Brooklyn,35,0,35,10,3.5,0.0,0.0
3084448,429,PENNSYLVANIA AVENUE,11207,305,Brooklyn,12,0,12,3,4.0,0.0,0.0
3084463,399,PENNSYLVANIA AVENUE,11207,305,Brooklyn,37,0,37,3,12.3,0.0,0.0
3084488,509,NEW JERSEY AVENUE,11207,305,Brooklyn,33,0,33,3,11.0,0.0,0.0
3084512,512,VERMONT STREET,11207,305,Brooklyn,11,0,11,3,3.7,0.0,0.0
3084513,514,VERMONT STREET,11207,305,Brooklyn,46,0,46,3,15.3,0.0,0.0
3084514,516,VERMONT STREET,11207,305,Brooklyn,241,0,241,4,60.3,0.0,0.0
3084515,715,DUMONT AVENUE,11207,305,Brooklyn,13,2,15,5,3.0,0.0,0.0
3084518,507,VERMONT STREET,11207,305,Brooklyn,11,0,11,3,3.7,0.0,0.0
3084541,440,WYONA STREET,11207,305,Brooklyn,23,0,23,3,7.7,0.0,0.0
3084556,470,WYONA STREET,11207,305,Brooklyn,65,0,65,3,21.7,0.0,0.0
3084559,725,DUMONT AVENUE,11207,305,Brooklyn,83,0,83,5,16.6,0.0,0.0
3084580,450,BRADFORD STREET,11207,305,Brooklyn,47,1,48,3,16.0,0.0,0.0
3084581,454,BRADFORD STREET,11207,305,Brooklyn,45,3,48,6,8.0,0.0,0.0
3084582,456,BRADFORD STREET,11207,305,Brooklyn,31,0,31,3,10.3,0.0,0.0
3084658,479,PENNSYLVANIA AVENUE,11207,305,Brooklyn,61,0,61,16,3.8,0.0,0.0
3084708,527,NEW JERSEY AVENUE,11207,305,Brooklyn,13,0,13,3,4.3,0.0,0.0
3084729,580,VERMONT STREET,11207,305,Brooklyn,14,0,14,3,4.7,0.0,0.0
3084752,499,WYONA STREET,11207,305,Brooklyn,26,0,26,3,8.7,0.0,0.0
3084773,531,BRADFORD STREET,11207,305,Brooklyn,21,0,21,4,5.3,0.0,0.0
3084850,383,CHRISTOPHER AVENUE,11212,316,Brooklyn,12,0,12,4,3.0,0.0,0.0
3084948,475,RIVERDALE AVENUE,11207,305,Brooklyn,42,0,42,14,3.0,0.0,0.0
3084965,532,WILLIAMS AVENUE,11207,305,Brooklyn,49,0,49,16,3.1,0.0,0.0
3085043,531,SHEFFIELD AVENUE,11207,305,Brooklyn,13,7,20,4,5.0,0.0,0.0
3085089,596,VERMONT STREET,11207,305,Brooklyn,74,0,74,4,18.5,0.0,0.0
3085090,600,VERMONT STREET,11207,305,Brooklyn,20,0,20,4,5.0,0.0,0.0
3085101,632,VERMONT STREET,11207,305,Brooklyn,49,0,49,6,8.2,0.0,0.0
3085105,641,VERMONT STREET,11207,305,Brooklyn,41,0,41,8,5.1,0.0,0.0
3085110,623,VERMONT STREET,11207,305,Brooklyn,18,0,18,3,6.0,0.0,0.0
3085119,595,VERMONT STREET,11207,305,Brooklyn,20,0,20,3,6.7,0.0,0.0
3085138,599,WYONA STREET,11207,305,Brooklyn,40,0,40,4,10.0,0.0,0.0
3085152,557,WYONA STREET,11207,305,Brooklyn,20,0,20,4,5.0,0.0,0.0
3085154,564,BRADFORD STREET,11207,305,Brooklyn,251,0,251,4,62.8,0.0,0.0
3085170,603,BRADFORD STREET,11207,305,Brooklyn,74,0,74,3,24.7,0.0,0.0
3085188,640,MILLER AVENUE,11207,305,Brooklyn,103,0,103,3,34.3,0.0,0.0
3085197,666,MILLER AVENUE,11207,305,Brooklyn,31,0,31,4,7.8,0.0,0.0
3085394,527,HINSDALE STREET,11207,305,Brooklyn,53,0,53,4,13.3,0.0,0.0
3085396,519,HINSDALE STREET,11207,305,Brooklyn,65,2,67,4,16.8,0.0,0.0
3085398,515,HINSDALE STREET,11207,305,Brooklyn,14,0,14,4,3.5,0.0,0.0
3085400,505,HINSDALE STREET,11207,305,Brooklyn,360,1,361,21,17.2,0.0,0.0
3085401,536,WILLIAMS AVENUE,11207,305,Brooklyn,213,4,217,22,9.9,0.0,0.0
3085403,552,WILLIAMS AVENUE,11207,305,Brooklyn,184,8,192,4,48.0,0.0,0.0
3085407,564,WILLIAMS AVENUE,11207,305,Brooklyn,41,0,41,4,10.3,0.0,0.0
3085412,578,WILLIAMS AVENUE,11207,305,Brooklyn,37,3,40,4,10.0,0.0,0.0
3085424,559,WILLIAMS AVENUE,11207,305,Brooklyn,44,0,44,4,11.0,0.0,0.0
3085462,545,ALABAMA AVENUE,11207,305,Brooklyn,21,0,21,6,3.5,0.0,0.0
3085463,543,ALABAMA AVENUE,11207,305,Brooklyn,22,0,22,6,3.7,0.0,0.0
3085464,539,ALABAMA AVENUE,11207,305,Brooklyn,29,0,29,6,4.8,0.0,0.0
3085469,562,GEORGIA AVENUE,11207,305,Brooklyn,17,0,17,4,4.3,0.0,0.0
3085475,580,GEORGIA AVENUE,11207,305,Brooklyn,21,0,21,4,5.3,0.0,0.0
3085492,553,GEORGIA AVENUE,11207,305,Brooklyn,49,0,49,6,8.2,0.0,0.0
3085493,558,RIVERDALE AVENUE,11207,305,Brooklyn,21,0,21,4,5.3,0.0,0.0
3085509,329,NEW LOTS AVENUE,11207,305,Brooklyn,58,0,58,4,14.5,0.0,0.0
3085552,611,PENNSYLVANIA AVENUE,11207,305,Brooklyn,48,0,48,15,3.2,0.0,0.0
3085570,624,RIVERDALE AVENUE,11207,305,Brooklyn,128,4,132,6,22.0,0.0,0.0
3085571,660,NEW JERSEY AVENUE,11207,305,Brooklyn,13,0,13,3,4.3,0.0,0.0
3085590,665,NEW JERSEY AVENUE,11207,305,Brooklyn,60,0,60,4,15.0,0.0,0.0
3085618,651,VERMONT STREET,11207,305,Brooklyn,129,0,129,5,25.8,0.0,0.0
3085633,445,NEW LOTS AVENUE,11207,305,Brooklyn,35,0,35,4,8.8,0.0,0.0
3085637,684,RIVERDALE AVENUE,11207,305,Brooklyn,15,0,15,4,3.8,0.0,0.0
3085639,690,RIVERDALE AVENUE,11207,305,Brooklyn,100,0,100,4,25.0,0.0,0.0
3085987,1787,LINDEN BOULEVARD,11207,305,Brooklyn,12,0,12,4,3.0,0.0,0.0
3085996,911,MOTHER GASTON BOULEVARD,11212,316,Brooklyn,70,0,70,4,17.5,0.0,0.0
3085998,905,MOTHER GASTON BOULEVARD,11212,316,Brooklyn,13,0,13,4,3.3,0.0,0.0
3086001,895,STONE AVENUE,11212,316,Brooklyn,29,0,29,6,4.8,0.0,0.0
3086005,883,MOTHER GASTON BOULEVARD,11212,316,Brooklyn,13,1,14,4,3.5,0.0,0.0
3086032,708,HINSDALE STREET,11207,305,Brooklyn,13,0,13,3,4.3,0.0,0.0
3086047,733,HINSDALE STREET,11207,305,Brooklyn,36,0,36,4,9.0,0.0,0.0
3086052,715,HINSDALE STREET,11207,305,Brooklyn,19,0,19,3,6.3,0.0,0.0
3086822,55,ARLINGTON AVENUE,11207,305,Brooklyn,25,3,28,6,4.7,0.0,0.0
3086823,53,ARLINGTON AVENUE,11207,305,Brooklyn,92,1,93,6,15.5,0.0,0.0
3086954,76,WARWICK STREET,11207,305,Brooklyn,11,0,11,3,3.7,0.0,0.0
3087516,2829,FULTON STREET,11207,305,Brooklyn,49,1,50,6,8.3,0.0,0.0
3087668,248,ARLINGTON AVENUE,11208,305,Brooklyn,69,0,69,21,3.3,0.0,0.0
3087982,2946,FULTON STREET,11207,305,Brooklyn,20,0,20,3,6.7,0.0,0.0
3088195,194,HALE AVENUE,11208,305,Brooklyn,18,0,18,4,4.5,0.0,0.0
3088330,2904,ATLANTIC AVENUE,11207,305,Brooklyn,48,0,48,14,3.4,0.0,0.0
3088350,673,LIBERTY AVENUE,11207,305,Brooklyn,10,5,15,5,3.0,0.0,0.0
3088413,743,LIBERTY AVENUE,11208,305,Brooklyn,22,12,34,4,8.5,0.0,0.0
3088433,779,LIBERTY AVENUE,11208,305,Brooklyn,33,0,33,5,6.6,0.0,0.0
3088435,773,LIBERTY AVENUE,11208,305,Brooklyn,30,0,30,3,10.0,0.0,0.0
3088508,553,GLENMORE AVENUE,11207,305,Brooklyn,44,0,44,6,7.3,0.0,0.0
3088574,296,JEROME STREET,11207,305,Brooklyn,48,1,49,15,3.3,0.0,0.0
3088592,338,WARWICK STREET,11207,305,Brooklyn,12,0,12,3,4.0,0.0,0.0
3088610,282,ASHFORD STREET,11207,305,Brooklyn,100,7,107,6,17.8,0.0,0.0
3088630,664,LIBERTY AVENUE,11207,305,Brooklyn,22,0,22,6,3.7,0.0,0.0
3088781,277,VAN SICLEN AVENUE,11207,305,Brooklyn,14,0,14,4,3.5,0.0,0.0
3088886,323,ASHFORD STREET,11207,305,Brooklyn,45,0,45,3,15.0,0.0,0.0
3088943,379,ELTON STREET,11208,305,Brooklyn,24,0,24,5,4.8,0.0,0.0
3088948,445,LINWOOD STREET,11208,305,Brooklyn,24,1,25,3,8.3,0.0,0.0
3089055,864,GLENMORE AVENUE,11208,305,Brooklyn,17,0,17,3,5.7,0.0,0.0
3089098,321,VAN SICLEN AVENUE,11207,305,Brooklyn,10,0,10,3,3.3,0.0,0.0
3089151,405,BARBEY STREET,11207,305,Brooklyn,15,0,15,3,5.0,0.0,0.0
3089274,431,ESSEX STREET,11208,305,Brooklyn,17,0,17,4,4.3,0.0,0.0
3089276,425,ESSEX STREET,11208,305,Brooklyn,20,0,20,4,5.0,0.0,0.0
3089405,506,BELMONT AVENUE,11207,305,Brooklyn,122,0,122,3,40.7,0.0,0.0
3089506,534,CLEVELAND STREET,11208,305,Brooklyn,87,1,88,3,29.3,0.0,0.0
3089549,544,LINWOOD STREET,11208,305,Brooklyn,18,2,20,6,3.3,0.0,0.0
3089603,1059,SUTTER AVENUE,11208,305,Brooklyn,13,0,13,3,4.3,0.0,0.0
3089610,816,BELMONT AVENUE,11208,305,Brooklyn,122,0,122,13,9.4,0.0,0.0
3089616,252,ATKINS AVENUE,11208,305,Brooklyn,24,1,25,4,6.3,0.0,0.0
3089630,1101,SUTTER AVENUE,11208,305,Brooklyn,13,0,13,3,4.3,0.0,0.0
3089647,1123,SUTTER AVENUE,11208,305,Brooklyn,28,0,28,4,7.0,0.0,0.0
3089733,552,WARWICK STREET,11207,305,Brooklyn,15,1,16,4,4.0,0.0,0.0
3089840,1045,BLAKE AVENUE,11208,305,Brooklyn,80,2,82,26,3.2,0.0,0.0
3089845,551,SHEPHERD AVENUE,11208,305,Brooklyn,34,0,34,3,11.3,0.0,0.0
3089902,297,ATKINS AVENUE,11208,305,Brooklyn,11,1,12,4,3.0,0.0,0.0
3089921,311,MONTAUK AVENUE,11208,305,Brooklyn,24,1,25,6,4.2,0.0,0.0
3089922,309,MONTAUK AVENUE,11208,305,Brooklyn,16,1,17,3,5.7,0.0,0.0
3089924,305,MONTAUK AVENUE,11208,305,Brooklyn,15,0,15,3,5.0,0.0,0.0
3090105,567,ASHFORD STREET,11207,305,Brooklyn,12,0,12,3,4.0,0.0,0.0
3090160,572,ELTON STREET,11208,305,Brooklyn,14,4,18,4,4.5,0.0,0.0
3090216,1017,DUMONT AVENUE,11208,305,Brooklyn,33,0,33,4,8.3,0.0,0.0
3090295,362,MONTAUK AVENUE,11208,305,Brooklyn,9,0,9,3,3.0,0.0,0.0
3090300,372,MONTAUK AVENUE,11208,305,Brooklyn,38,0,38,3,12.7,0.0,0.0
3090351,542,VAN SICLEN AVENUE,11207,305,Brooklyn,16,1,17,4,4.3,0.0,0.0
3090424,651,BARBEY STREET,11207,305,Brooklyn,44,0,44,6,7.3,0.0,0.0
3090434,576,JEROME STREET,11207,305,Brooklyn,25,0,25,3,8.3,0.0,0.0
3090478,655,WARWICK STREET,11207,305,Brooklyn,54,0,54,6,9.0,0.0,0.0
3090543,690,CLEVELAND STREET,11208,305,Brooklyn,23,3,26,6,4.3,0.0,0.0
3090562,705,CLEVELAND STREET,11208,305,Brooklyn,30,0,30,3,10.0,0.0,0.0
3090569,679,CLEVELAND STREET,11208,305,Brooklyn,49,0,49,4,12.3,0.0,0.0
3090603,705,LINWOOD STREET,11208,305,Brooklyn,14,2,16,3,5.3,0.0,0.0
3090638,669,MILLER AVENUE,11207,305,Brooklyn,50,0,50,6,8.3,0.0,0.0
3090641,659,MILLER AVENUE,11207,305,Brooklyn,59,0,59,6,9.8,0.0,0.0
3090642,655,MILLER AVENUE,11207,305,Brooklyn,18,0,18,5,3.6,0.0,0.0
3090677,583,VAN SICLEN AVENUE,11207,305,Brooklyn,88,1,89,6,14.8,0.0,0.0
3090681,780,LIVONIA AVENUE,11207,305,Brooklyn,59,0,59,8,7.4,0.0,0.0
3090694,690,HENDRIX STREET,11207,305,Brooklyn,14,0,14,4,3.5,0.0,0.0
3090700,563,NEW LOTS AVENUE,11207,305,Brooklyn,150,4,154,3,51.3,0.0,0.0
3090705,679,HENDRIX STREET,11207,305,Brooklyn,21,0,21,4,5.3,0.0,0.0
3090877,36,EUCLID AVENUE,11208,305,Brooklyn,74,1,75,6,12.5,0.0,0.0
3090958,19,COX PLACE,11208,305,Brooklyn,83,11,94,6,15.7,0.0,0.0
3091130,48,LINCOLN AVENUE,11208,305,Brooklyn,21,0,21,6,3.5,0.0,0.0
3091671,114,CRESCENT STREET,11208,305,Brooklyn,25,0,25,6,4.2,0.0,0.0
3091849,178,NICHOLS AVENUE,11208,305,Brooklyn,9,0,9,3,3.0,0.0,0.0
3091909,126,GRANT AVENUE,11208,305,Brooklyn,60,0,60,20,3.0,0.0,0.0
3091972,575,RIDGEWOOD AVENUE,11208,305,Brooklyn,14,1,15,4,3.8,0.0,0.0
3092054,298,RIDGEWOOD AVENUE,11208,305,Brooklyn,9,0,9,3,3.0,0.0,0.0
3092110,174,CHESTNUT STREET,11208,305,Brooklyn,20,1,21,4,5.3,0.0,0.0
3092132,201,CHESTNUT STREET,11208,305,Brooklyn,211,15,226,8,28.3,0.0,0.0
3092168,3251,FULTON STREET,11208,305,Brooklyn,141,0,141,4,35.3,0.0,0.0
3092493,552,RIDGEWOOD AVENUE,11208,305,Brooklyn,9,0,9,3,3.0,0.0,0.0
3092546,187,GRANT AVENUE,11208,305,Brooklyn,11,0,11,3,3.7,0.0,0.0
3093195,86,FOUNTAIN AVENUE,11208,305,Brooklyn,11,0,11,3,3.7,0.0,0.0
3093407,31,HILL STREET,11208,305,Brooklyn,18,0,18,3,6.0,0.0,0.0
3093471,130,GLEN STREET,11208,305,Brooklyn,121,0,121,23,5.3,0.0,0.0
3093525,365,CRESCENT STREET,11208,305,Brooklyn,76,0,76,5,15.2,0.0,0.0
3093563,140,MC KINLEY AVENUE,11208,305,Brooklyn,18,0,18,3,6.0,0.0,0.0
3093970,435,LINCOLN AVENUE,11208,305,Brooklyn,67,0,67,6,11.2,0.0,0.0
3094020,236,MC KINLEY AVENUE,11208,305,Brooklyn,24,0,24,4,6.0,0.0,0.0
3094035,460,GRANT AVENUE,11208,305,Brooklyn,66,0,66,6,11.0,0.0,0.0
3094037,466,GRANT AVENUE,11208,305,Brooklyn,30,0,30,6,5.0,0.0,0.0
3094063,258,MC KINLEY AVENUE,11208,305,Brooklyn,83,1,84,8,10.5,0.0,0.0
3094217,903,GLENMORE AVENUE,11208,305,Brooklyn,17,0,17,3,5.7,0.0,0.0
3094218,897,GLENMORE AVENUE,11208,305,Brooklyn,12,0,12,3,4.0,0.0,0.0
3094268,975,GLENMORE AVENUE,11208,305,Brooklyn,6,8,14,3,4.7,0.0,0.0
3094276,385,CHESTNUT STREET,11208,305,Brooklyn,70,0,70,16,4.4,0.0,0.0
3094291,1011,GLENMORE AVENUE,11208,305,Brooklyn,12,0,12,4,3.0,0.0,0.0
3094338,482,AUTUMN AVENUE,11208,305,Brooklyn,9,0,9,3,3.0,0.0,0.0
3094346,1097,GLENMORE AVENUE,11208,305,Brooklyn,126,1,127,6,21.2,0.0,0.0
3094385,493,LINCOLN AVENUE,11208,305,Brooklyn,31,0,31,3,10.3,0.0,0.0
3094390,481,LINCOLN AVENUE,11208,305,Brooklyn,13,0,13,3,4.3,0.0,0.0
3094547,179,MILFORD STREET,11208,305,Brooklyn,146,2,148,11,13.5,0.0,0.0
3094548,177,MILFORD STREET,11208,305,Brooklyn,49,0,49,4,12.3,0.0,0.0
3094578,920,GLENMORE AVENUE,11208,305,Brooklyn,10,0,10,3,3.3,0.0,0.0
3094768,1120,GLENMORE AVENUE,11208,305,Brooklyn,37,0,37,6,6.2,0.0,0.0
3094793,1156,GLENMORE AVENUE,11208,305,Brooklyn,36,0,36,3,12.0,0.0,0.0
3094794,1158,GLENMORE AVENUE,11208,305,Brooklyn,111,0,111,3,37.0,0.0,0.0
3094944,226,FOUNTAIN AVENUE,11208,305,Brooklyn,28,0,28,3,9.3,0.0,0.0
3095002,2656,PITKIN AVENUE,11208,305,Brooklyn,31,0,31,3,10.3,0.0,0.0
3095054,997,BELMONT AVENUE,11208,305,Brooklyn,36,2,38,3,12.7,0.0,0.0
3095077,1021,BELMONT AVENUE,11208,305,Brooklyn,54,0,54,4,13.5,0.0,0.0
3095083,2718,PITKIN AVENUE,11208,305,Brooklyn,64,0,64,11,5.8,0.0,0.0
3095086,2736,PITKIN AVENUE,11208,305,Brooklyn,93,0,93,13,7.2,0.0,0.0
3095123,1059,BELMONT AVENUE,11208,305,Brooklyn,28,0,28,3,9.3,0.0,0.0
3095163,1089,BELMONT AVENUE,11208,305,Brooklyn,16,0,16,4,4.0,0.0,0.0
3095200,568,LINCOLN AVENUE,11208,305,Brooklyn,52,1,53,3,17.7,0.0,0.0
3095282,1131,SUTTER AVENUE,11208,305,Brooklyn,12,0,12,3,4.0,0.0,0.0
3095293,882,BELMONT AVENUE,11208,305,Brooklyn,16,0,16,4,4.0,0.0,0.0
3095298,894,BELMONT AVENUE,11208,305,Brooklyn,22,0,22,3,7.3,0.0,0.0
3095301,536,LOGAN STREET,11208,305,Brooklyn,28,0,28,4,7.0,0.0,0.0
3095308,1145,SUTTER AVENUE,11208,305,Brooklyn,27,0,27,4,6.8,0.0,0.0
3095343,285,FOUNTAIN AVENUE,11208,305,Brooklyn,20,0,20,6,3.3,0.0,0.0
3095351,930,BELMONT AVENUE,11208,305,Brooklyn,27,0,27,4,6.8,0.0,0.0
3095353,934,BELMONT AVENUE,11208,305,Brooklyn,17,0,17,4,4.3,0.0,0.0
3095412,532,EUCLID AVENUE,11208,305,Brooklyn,16,0,16,3,5.3,0.0,0.0
3095581,624,LINCOLN AVENUE,11208,305,Brooklyn,66,0,66,3,22.0,0.0,0.0
3095619,317,MILFORD STREET,11208,305,Brooklyn,27,3,30,4,7.5,0.0,0.0
3095633,584,LOGAN STREET,11208,305,Brooklyn,47,0,47,9,5.2,0.0,0.0
3095638,1147,BLAKE AVENUE,11208,305,Brooklyn,19,0,19,4,4.8,0.0,0.0
3095641,1139,BLAKE AVENUE,11208,305,Brooklyn,46,0,46,4,11.5,0.0,0.0
3095660,1158,SUTTER AVENUE,11208,305,Brooklyn,60,0,60,4,15.0,0.0,0.0
3095662,1164,SUTTER AVENUE,11208,305,Brooklyn,76,0,76,4,19.0,0.0,0.0
3095784,1338,SUTTER AVENUE,11208,305,Brooklyn,11,0,11,3,3.7,0.0,0.0
3095803,1295,BLAKE AVENUE,11208,305,Brooklyn,39,0,39,3,13.0,0.0,0.0
3095815,661,HEMLOCK STREET,11208,305,Brooklyn,48,0,48,3,16.0,0.0,0.0
3095837,664,AUTUMN AVENUE,11208,305,Brooklyn,9,0,9,3,3.0,0.0,0.0
3095889,671,LINCOLN AVENUE,11208,305,Brooklyn,945,16,961,319,3.0,0.0,0.0
3095967,1146,BLAKE AVENUE,11208,305,Brooklyn,69,0,69,4,17.3,0.0,0.0
3095972,648,LOGAN STREET,11208,305,Brooklyn,27,0,27,6,4.5,0.0,0.0
3096002,1258,BLAKE AVENUE,11208,305,Brooklyn,11,0,11,3,3.7,0.0,0.0
3096272,296,NEW LOTS AVENUE,11207,305,Brooklyn,26,0,26,5,5.2,0.0,0.0
3096325,332,NEW LOTS AVENUE,11207,305,Brooklyn,9,0,9,3,3.0,0.0,0.0
3096346,686,SHEFFIELD AVENUE,11207,305,Brooklyn,10,0,10,3,3.3,0.0,0.0
3096405,694,PENNSYLVANIA AVENUE,11207,305,Brooklyn,87,4,91,4,22.8,0.0,0.0
3096408,702,PENNSYLVANIA AVENUE,11207,305,Brooklyn,14,2,16,4,4.0,0.0,0.0
3096410,708,PENNSYLVANIA AVENUE,11207,305,Brooklyn,26,0,26,4,6.5,0.0,0.0
3096412,714,PENNSYLVANIA AVENUE,11207,305,Brooklyn,42,0,42,4,10.5,0.0,0.0
3096413,718,PENNSYLVANIA AVENUE,11207,305,Brooklyn,25,0,25,5,5.0,0.0,0.0
3096414,525,HEGEMAN AVENUE,11207,305,Brooklyn,18,1,19,4,4.8,0.0,0.0
3096424,683,SHEFFIELD AVENUE,11207,305,Brooklyn,32,3,35,4,8.8,0.0,0.0
3096426,677,SHEFFIELD AVENUE,11207,305,Brooklyn,20,0,20,3,6.7,0.0,0.0
3096485,689,PENNSYLVANIA AVENUE,11207,305,Brooklyn,15,1,16,4,4.0,0.0,0.0
3096490,673,PENNSYLVANIA AVENUE,11207,305,Brooklyn,11,1,12,4,3.0,0.0,0.0
3096496,653,PENNSYLVANIA AVENUE,11207,305,Brooklyn,26,0,26,4,6.5,0.0,0.0
3096566,721,NEW JERSEY AVENUE,11207,305,Brooklyn,20,0,20,3,6.7,0.0,0.0
3096602,710,WYONA STREET,11207,305,Brooklyn,38,3,41,3,13.7,0.0,0.0
3096604,605,HEGEMAN AVENUE,11207,305,Brooklyn,10,2,12,4,3.0,0.0,0.0
3096659,680,BRADFORD STREET,11207,305,Brooklyn,9,0,9,3,3.0,0.0,0.0
3096666,702,BRADFORD STREET,11207,305,Brooklyn,15,0,15,3,5.0,0.0,0.0
3096688,665,WYONA STREET,11207,305,Brooklyn,15,0,15,4,3.8,0.0,0.0
3096692,651,WYONA STREET,11207,305,Brooklyn,21,0,21,4,5.3,0.0,0.0
3096700,700,MILLER AVENUE,11207,305,Brooklyn,97,0,97,6,16.2,0.0,0.0
3096701,704,MILLER AVENUE,11207,305,Brooklyn,36,1,37,6,6.2,0.0,0.0
3096706,722,MILLER AVENUE,11207,305,Brooklyn,19,0,19,6,3.2,0.0,0.0
3096708,730,MILLER AVENUE,11207,305,Brooklyn,12,0,12,4,3.0,0.0,0.0
3096709,734,MILLER AVENUE,11207,305,Brooklyn,26,0,26,6,4.3,0.0,0.0
3096713,748,MILLER AVENUE,11207,305,Brooklyn,18,0,18,5,3.6,0.0,0.0
3096714,752,MILLER AVENUE,11207,305,Brooklyn,12,2,14,4,3.5,0.0,0.0
3096717,762,MILLER AVENUE,11207,305,Brooklyn,23,0,23,6,3.8,0.0,0.0
3096724,635,HEGEMAN AVENUE,11207,305,Brooklyn,9,1,10,3,3.3,0.0,0.0
3096725,701,BRADFORD STREET,11207,305,Brooklyn,19,0,19,3,6.3,0.0,0.0
3096738,661,BRADFORD STREET,11207,305,Brooklyn,19,0,19,3,6.3,0.0,0.0
3096785,743,MILLER AVENUE,11207,305,Brooklyn,24,0,24,6,4.0,0.0,0.0
3096788,733,MILLER AVENUE,11207,305,Brooklyn,24,0,24,6,4.0,0.0,0.0
3096792,719,MILLER AVENUE,11207,305,Brooklyn,47,7,54,6,9.0,0.0,0.0
3096798,697,MILLER AVENUE,11207,305,Brooklyn,57,0,57,6,9.5,0.0,0.0
3096808,752,HENDRIX STREET,11207,305,Brooklyn,12,0,12,3,4.0,0.0,0.0
3096816,774,HENDRIX STREET,11207,305,Brooklyn,80,0,80,4,20.0,0.0,0.0
3096842,602,NEW LOTS AVENUE,11207,305,Brooklyn,17,0,17,3,5.7,0.0,0.0
3096894,731,HEGEMAN AVENUE,11207,305,Brooklyn,55,0,55,11,5.0,0.0,0.0
3097015,750,CLEVELAND STREET,11208,305,Brooklyn,14,0,14,3,4.7,0.0,0.0
3097068,811,CLEVELAND STREET,11208,305,Brooklyn,58,3,61,6,10.2,0.0,0.0
3097089,700,ESSEX STREET,11208,305,Brooklyn,25,0,25,4,6.3,0.0,0.0
3097091,706,ESSEX STREET,11208,305,Brooklyn,18,0,18,6,3.0,0.0,0.0
3097092,718,ESSEX STREET,11208,305,Brooklyn,63,0,63,4,15.8,0.0,0.0
3097293,744,PENNSYLVANIA AVENUE,11207,305,Brooklyn,92,1,93,35,2.7,0.0,0.0
3097296,739,SHEFFIELD AVENUE,11207,305,Brooklyn,20,0,20,3,6.7,0.0,0.0
3097330,741,PENNSYLVANIA AVENUE,11207,305,Brooklyn,58,1,59,6,9.8,0.0,0.0
3097338,596,HEGEMAN AVENUE,11207,305,Brooklyn,32,0,32,4,8.0,0.0,0.0
3097345,740,WYONA STREET,11207,305,Brooklyn,19,0,19,3,6.3,0.0,0.0
3097371,783,VERMONT STREET,11207,305,Brooklyn,13,2,15,4,3.8,0.0,0.0
3097399,753,WYONA STREET,11207,305,Brooklyn,11,0,11,3,3.7,0.0,0.0
3097400,751,WYONA STREET,11207,305,Brooklyn,16,0,16,3,5.3,0.0,0.0
3097402,745,WYONA STREET,11207,305,Brooklyn,16,0,16,3,5.3,0.0,0.0
3097409,725,WYONA STREET,11207,305,Brooklyn,50,0,50,3,16.7,0.0,0.0
3097443,722,VAN SICLEN AVENUE,11207,305,Brooklyn,93,0,93,23,4.0,0.0,0.0
3097445,721,VAN SICLEN AVENUE,11207,305,Brooklyn,84,0,84,38,2.2,0.0,0.0
3097514,757,SCHENCK AVENUE,11207,305,Brooklyn,57,0,57,3,19.0,0.0,0.0
3097745,933,CLEVELAND STREET,11208,305,Brooklyn,11,0,11,3,3.7,0.0,0.0
3098342,711,SHEPHERD AVENUE,11208,305,Brooklyn,183,4,187,4,46.8,0.0,0.0
3098388,461,BERRIMAN STREET,11208,305,Brooklyn,44,0,44,9,4.9,0.0,0.0
3098399,918,NEW LOTS AVENUE,11208,305,Brooklyn,53,0,53,3,17.7,0.0,0.0
3098429,465,ATKINS AVENUE,11208,305,Brooklyn,17,0,17,4,4.3,0.0,0.0
3098460,425,MONTAUK AVENUE,11208,305,Brooklyn,28,0,28,9,3.1,0.0,0.0
3098461,419,MONTAUK AVENUE,11208,305,Brooklyn,96,0,96,6,16.0,0.0,0.0
3098470,393,MONTAUK AVENUE,11208,305,Brooklyn,117,0,117,4,29.3,0.0,0.0
3098548,711,EUCLID AVENUE,11208,305,Brooklyn,9,0,9,3,3.0,0.0,0.0
3098724,785,LOGAN STREET,11208,305,Brooklyn,24,0,24,4,6.0,0.0,0.0
3098958,958,CRESCENT STREET,11208,305,Brooklyn,48,0,48,3,16.0,0.0,0.0
3099208,42,EAST   51 STREET,11203,317,Brooklyn,14,0,14,3,4.7,0.0,0.0
3099447,34,EAST   95 STREET,11212,317,Brooklyn,89,0,89,4,22.3,0.0,0.0
3099448,36,EAST 95 STREET,11212,317,Brooklyn,86,1,87,4,21.8,0.0,0.0
3099449,40,EAST 95 STREET,11212,317,Brooklyn,77,0,77,4,19.3,0.0,0.0
3099462,82,EAST 95 STREET,11212,317,Brooklyn,73,0,73,4,18.3,0.0,0.0
3099476,69,EAST 94 STREET,11212,317,Brooklyn,36,4,40,4,10.0,0.0,0.0
3099488,22,EAST 96 STREET,11212,317,Brooklyn,76,1,77,17,4.5,0.0,0.0
3099489,26,EAST 96 STREET,11212,317,Brooklyn,32,0,32,4,8.0,0.0,0.0
3099490,30,EAST   96 STREET,11212,317,Brooklyn,17,0,17,4,4.3,0.0,0.0
3099495,44,EAST   96 STREET,11212,317,Brooklyn,17,1,18,4,4.5,0.0,0.0
3099522,61,EAST 95 STREET,11212,317,Brooklyn,44,0,44,4,11.0,0.0,0.0
3099539,48,ROCKAWAY PARKWAY,11212,317,Brooklyn,151,0,151,4,37.8,0.0,0.0
3099542,56,ROCKAWAY PARKWAY,11212,317,Brooklyn,167,0,167,35,4.8,0.0,0.0
3099570,47,ROCKAWAY PARKWAY,11212,317,Brooklyn,17,0,17,4,4.3,0.0,0.0
3099576,29,ROCKAWAY PARKWAY,11212,317,Brooklyn,12,0,12,4,3.0,0.0,0.0
3099645,138,EAST   51 STREET,11203,317,Brooklyn,21,0,21,4,5.3,0.0,0.0
3099659,884,RUTLAND ROAD,11203,317,Brooklyn,14,1,15,5,3.0,0.0,0.0
3099674,62,EAST 52 STREET,11203,317,Brooklyn,30,1,31,6,5.2,0.0,0.0
3099684,98,EAST   52 STREET,11203,317,Brooklyn,19,0,19,6,3.2,0.0,0.0
3099690,141,EAST 51 STREET,11203,317,Brooklyn,24,0,24,3,8.0,0.0,0.0
3099701,109,EAST   51 STREET,11203,317,Brooklyn,13,5,18,4,4.5,0.0,0.0
3099704,97,EAST   51 STREET,11203,317,Brooklyn,26,0,26,4,6.5,0.0,0.0
3099861,199,EAST 91 STREET,11212,317,Brooklyn,15,0,15,3,5.0,0.0,0.0
3099866,183,EAST 91 STREET,11212,317,Brooklyn,20,0,20,3,6.7,0.0,0.0
3099880,141,EAST 91 STREET,11212,317,Brooklyn,63,1,64,3,21.3,0.0,0.0
3099884,972,RUTLAND ROAD,11212,317,Brooklyn,102,0,102,4,25.5,0.0,0.0
3099889,984,RUTLAND ROAD,11212,317,Brooklyn,13,0,13,4,3.3,0.0,0.0
3099909,176,EAST 93 STREET,11212,317,Brooklyn,16,0,16,4,4.0,0.0,0.0
3099977,141,EAST 93 STREET,11212,317,Brooklyn,12,0,12,4,3.0,0.0,0.0
3099982,125,EAST   93 STREET,11212,317,Brooklyn,30,6,36,4,9.0,0.0,0.0
3100010,154,EAST 95 STREET,11212,317,Brooklyn,34,0,34,4,8.5,0.0,0.0
3100071,148,EAST 96 STREET,11212,317,Brooklyn,12,0,12,4,3.0,0.0,0.0
3100086,157,EAST   95 STREET,11212,317,Brooklyn,12,0,12,4,3.0,0.0,0.0
3100094,133,EAST   95 STREET,11212,317,Brooklyn,27,1,28,4,7.0,0.0,0.0
3100098,121,EAST 95 STREET,11212,317,Brooklyn,50,0,50,4,12.5,0.0,0.0
3100128,149,EAST 96 STREET,11212,317,Brooklyn,30,1,31,4,7.8,0.0,0.0
3100130,143,EAST   96 STREET,11212,317,Brooklyn,85,1,86,4,21.5,0.0,0.0
3100131,139,EAST 96 STREET,11212,317,Brooklyn,16,0,16,4,4.0,0.0,0.0
3100141,109,EAST 96 STREET,11212,317,Brooklyn,64,5,69,4,17.3,0.0,0.0
3100154,155,ROCKAWAY PARKWAY,11212,317,Brooklyn,64,0,64,6,10.7,0.0,0.0
3100157,145,ROCKAWAY PARKWAY,11212,317,Brooklyn,227,0,227,6,37.8,0.0,0.0
3100166,119,ROCKAWAY PARKWAY,11212,317,Brooklyn,18,0,18,4,4.5,0.0,0.0
3100167,117,ROCKAWAY PARKWAY,11212,317,Brooklyn,50,0,50,4,12.5,0.0,0.0
3100168,115,ROCKAWAY PARKWAY,11212,317,Brooklyn,12,0,12,4,3.0,0.0,0.0
3100173,99,ROCKAWAY PARKWAY,11212,317,Brooklyn,13,1,14,4,3.5,0.0,0.0
3100189,166,EAST   51 STREET,11203,317,Brooklyn,18,1,19,6,3.2,0.0,0.0
3100190,170,EAST   51 STREET,11203,317,Brooklyn,21,0,21,6,3.5,0.0,0.0
3100197,196,EAST   51 STREET,11203,317,Brooklyn,14,0,14,4,3.5,0.0,0.0
3100201,210,EAST 51 STREET,11203,317,Brooklyn,106,0,106,37,2.9,0.0,0.0
3100211,136,EAST 52 STREET,11203,317,Brooklyn,64,1,65,6,10.8,0.0,0.0
3100213,142,EAST   52 STREET,11203,317,Brooklyn,18,0,18,6,3.0,0.0,0.0
3100214,146,EAST   52 STREET,11203,317,Brooklyn,69,0,69,6,11.5,0.0,0.0
3100246,92,EAST 53 STREET,11203,317,Brooklyn,95,2,97,32,3.0,0.0,0.0
3100256,147,EAST   52 STREET,11203,317,Brooklyn,33,0,33,4,8.3,0.0,0.0
3100456,236,EAST 92 STREET,11212,317,Brooklyn,173,8,181,4,45.3,0.0,0.0
3100469,262,EAST 92 STREET,11212,317,Brooklyn,10,0,10,3,3.3,0.0,0.0
3100473,1011,CLARKSON AVENUE,11212,317,Brooklyn,20,0,20,5,4.0,0.0,0.0
3100498,1024,WINTHROP STREET,11212,317,Brooklyn,60,0,60,3,20.0,0.0,0.0
3100499,1026,WINTHROP STREET,11212,317,Brooklyn,16,0,16,3,5.3,0.0,0.0
3100500,1030,WINTHROP STREET,11212,317,Brooklyn,13,0,13,3,4.3,0.0,0.0
3100517,234,EAST 93 STREET,11212,317,Brooklyn,76,1,77,3,25.7,0.0,0.0
3100522,250,EAST 93 STREET,11212,317,Brooklyn,17,0,17,3,5.7,0.0,0.0
3100529,257,EAST 92 STREET,11212,317,Brooklyn,13,0,13,4,3.3,0.0,0.0
3100530,251,EAST 92 STREET,11212,317,Brooklyn,21,0,21,4,5.3,0.0,0.0
3100542,211,EAST   92 STREET,11212,317,Brooklyn,31,0,31,4,7.8,0.0,0.0
3100547,1052,WINTHROP STREET,11212,317,Brooklyn,28,1,29,5,5.8,0.0,0.0
3100566,244,EAST 94 STREET,11212,317,Brooklyn,65,0,65,4,16.3,0.0,0.0
3100592,217,EAST 93 STREET,11212,317,Brooklyn,41,0,41,4,10.3,0.0,0.0
3100596,201,EAST   93 STREET,11212,317,Brooklyn,12,0,12,4,3.0,0.0,0.0
3100619,1097,CLARKSON AVENUE,11212,317,Brooklyn,57,1,58,9,6.4,0.0,0.0
3100637,225,EAST   94 STREET,11212,317,Brooklyn,33,0,33,4,8.3,0.0,0.0
3100655,1114,WINTHROP STREET,11212,317,Brooklyn,27,0,27,4,6.8,0.0,0.0
3100663,204,EAST 96 STREET,11212,317,Brooklyn,105,0,105,4,26.3,0.0,0.0
3100699,205,EAST 95 STREET,11212,317,Brooklyn,13,0,13,4,3.3,0.0,0.0
3100701,199,EAST   95 STREET,11212,317,Brooklyn,30,0,30,4,7.5,0.0,0.0
3100878,243,EAST   51 STREET,11203,317,Brooklyn,27,0,27,6,4.5,0.0,0.0
3100905,835,LENOX ROAD,11203,317,Brooklyn,47,0,47,4,11.8,0.0,0.0
3100912,197,EAST   52 STREET,11203,317,Brooklyn,20,1,21,6,3.5,0.0,0.0
3100955,121,EAST   54 STREET,11203,317,Brooklyn,6,3,9,3,3.0,0.0,0.0
3100971,38,EAST   56 STREET,11203,317,Brooklyn,15,0,15,3,5.0,0.0,0.0
3101029,310,EAST   91 STREET,11212,317,Brooklyn,22,0,22,4,5.5,0.0,0.0
3101038,336,EAST 91 STREET,11212,317,Brooklyn,38,0,38,4,9.5,0.0,0.0
3101046,983,LENOX ROAD,11212,317,Brooklyn,15,0,15,3,5.0,0.0,0.0
3101080,280,EAST 92 STREET,11212,317,Brooklyn,19,0,19,4,4.8,0.0,0.0
3101086,310,EAST 92 STREET,11212,317,Brooklyn,16,1,17,4,4.3,0.0,0.0
3101087,314,EAST   92 STREET,11212,317,Brooklyn,23,0,23,4,5.8,0.0,0.0
3101094,334,EAST 92 STREET,11212,317,Brooklyn,20,1,21,3,7.0,0.0,0.0
3101098,346,EAST 92 STREET,11212,317,Brooklyn,20,0,20,3,6.7,0.0,0.0
3101133,294,EAST 93 STREET,11212,317,Brooklyn,36,0,36,4,9.0,0.0,0.0
3101135,300,EAST 93 STREET,11212,317,Brooklyn,61,1,62,4,15.5,0.0,0.0
3101142,322,EAST 93 STREET,11212,317,Brooklyn,17,2,19,4,4.8,0.0,0.0
3101158,321,EAST 92 STREET,11212,317,Brooklyn,12,0,12,3,4.0,0.0,0.0
3101173,326,EAST   94 STREET,11212,317,Brooklyn,21,0,21,4,5.3,0.0,0.0
3101181,275,EAST 94 STREET,11212,317,Brooklyn,80,0,80,39,2.1,0.0,0.0
3101183,276,EAST 95 STREET,11212,317,Brooklyn,8,5,13,4,3.3,0.0,0.0
3101187,288,EAST   95 STREET,11212,317,Brooklyn,56,0,56,4,14.0,0.0,0.0
3101195,309,EAST 94 STREET,11212,317,Brooklyn,38,1,39,6,6.5,0.0,0.0
3101200,293,EAST 94 STREET,11212,317,Brooklyn,27,0,27,6,4.5,0.0,0.0
3101203,283,EAST   94 STREET,11212,317,Brooklyn,23,1,24,6,4.0,0.0,0.0
3101231,285,EAST   95 STREET,11212,317,Brooklyn,81,1,82,4,20.5,0.0,0.0
3101247,320,ROCKAWAY PARKWAY,11212,317,Brooklyn,21,0,21,4,5.3,0.0,0.0
3101252,1119,LENOX ROAD,11212,317,Brooklyn,18,0,18,6,3.0,0.0,0.0
3101268,316,ROCKAWAY PARKWAY,11212,317,Brooklyn,43,0,43,4,10.8,0.0,0.0
3101278,296,EAST   98 STREET,11212,317,Brooklyn,20,0,20,4,5.0,0.0,0.0
3101282,308,EAST 98 STREET,11212,317,Brooklyn,43,0,43,4,10.8,0.0,0.0
3101292,317,ROCKAWAY PARKWAY,11212,317,Brooklyn,12,0,12,4,3.0,0.0,0.0
3101383,319,EAST   49 STREET,11203,317,Brooklyn,12,0,12,3,4.0,0.0,0.0
3101399,804,LENOX ROAD,11203,317,Brooklyn,27,1,28,4,7.0,0.0,0.0
3101525,141,EAST   54 STREET,11203,317,Brooklyn,68,0,68,15,4.5,0.0,0.0
3101536,150,EAST   55 STREET,11203,317,Brooklyn,122,3,125,6,20.8,0.0,0.0
3101545,179,EAST   54 STREET,11203,317,Brooklyn,36,3,39,6,6.5,0.0,0.0
3101565,92,EAST   56 STREET,11203,317,Brooklyn,10,0,10,3,3.3,0.0,0.0
3101594,950,LENOX ROAD,11203,317,Brooklyn,10,0,10,3,3.3,0.0,0.0
3101599,46,EAST 57 STREET,11203,317,Brooklyn,67,0,67,3,22.3,0.0,0.0
3101717,431,REMSEN AVENUE,11212,317,Brooklyn,28,2,30,9,3.3,0.0,0.0
3101721,992,LENOX ROAD,11212,317,Brooklyn,25,1,26,3,8.7,0.0,0.0
3101775,1035,WILLMOHR STREET,11212,317,Brooklyn,58,0,58,17,3.4,0.0,0.0
3101797,388,EAST 94 STREET,11212,317,Brooklyn,6,11,17,4,4.3,0.0,0.0
3101812,1039,WILLMOHR STREET,11212,317,Brooklyn,103,0,103,16,6.4,0.0,0.0
3101813,427,EAST   93 STREET,11212,317,Brooklyn,16,0,16,4,4.0,0.0,0.0
3101833,1063,WILLMOHR STREET,11212,317,Brooklyn,33,0,33,4,8.3,0.0,0.0
3101834,421,EAST 94 STREET,11212,317,Brooklyn,20,0,20,4,5.0,0.0,0.0
3101842,396,EAST   95 STREET,11212,317,Brooklyn,12,1,13,3,4.3,0.0,0.0
3101852,1087,WILLMOHR STREET,11212,317,Brooklyn,52,0,52,17,3.1,0.0,0.0
3101867,371,EAST 95 STREET,11212,317,Brooklyn,26,0,26,4,6.5,0.0,0.0
3101879,1118,LENOX ROAD,11212,317,Brooklyn,126,9,135,9,15.0,0.0,0.0
3101880,352,EAST 96 STREET,11212,317,Brooklyn,22,0,22,4,5.5,0.0,0.0
3101884,364,EAST 96 STREET,11212,317,Brooklyn,23,0,23,4,5.8,0.0,0.0
3101895,402,EAST 96 STREET,11212,317,Brooklyn,16,0,16,4,4.0,0.0,0.0
3101896,406,EAST   96 STREET,11212,317,Brooklyn,32,0,32,4,8.0,0.0,0.0
3101900,374,EAST   96 STREET,11212,317,Brooklyn,10,2,12,4,3.0,0.0,0.0
3101917,392,ROCKAWAY PARKWAY,11212,317,Brooklyn,120,3,123,4,30.8,0.0,0.0
3101923,416,ROCKAWAY PARKWAY,11212,317,Brooklyn,92,0,92,42,2.2,0.0,0.0
3101931,397,EAST 96 STREET,11212,317,Brooklyn,19,0,19,4,4.8,0.0,0.0
3101939,371,EAST   96 STREET,11212,317,Brooklyn,14,0,14,4,3.5,0.0,0.0
3101948,386,ROCKAWAY PARKWAY,11212,317,Brooklyn,25,0,25,4,6.3,0.0,0.0
3101953,1152,LENOX ROAD,11212,317,Brooklyn,14,0,14,3,4.7,0.0,0.0
3101968,376,EAST   98 STREET,11212,317,Brooklyn,12,1,13,4,3.3,0.0,0.0
3101981,399,ROCKAWAY PARKWAY,11212,317,Brooklyn,17,0,17,4,4.3,0.0,0.0
3101983,393,ROCKAWAY PARKWAY,11212,317,Brooklyn,24,0,24,4,6.0,0.0,0.0
3101985,387,ROCKAWAY PARKWAY,11212,317,Brooklyn,27,0,27,4,6.8,0.0,0.0
3101990,373,ROCKAWAY PARKWAY,11212,317,Brooklyn,133,2,135,4,33.8,0.0,0.0
3101991,369,ROCKAWAY PARKWAY,11212,317,Brooklyn,43,0,43,4,10.8,0.0,0.0
3101998,349,ROCKAWAY PARKWAY,11212,317,Brooklyn,111,0,111,4,27.8,0.0,0.0
3102022,867,SCHENECTADY AVENUE,11203,317,Brooklyn,14,0,14,3,4.7,0.0,0.0
3102034,720,LINDEN BOULEVARD,11203,317,Brooklyn,39,0,39,9,4.3,0.0,0.0
3102056,4805,CHURCH AVENUE,11203,317,Brooklyn,15,0,15,4,3.8,0.0,0.0
3102057,4801,CHURCH AVENUE,11203,317,Brooklyn,48,0,48,4,12.0,0.0,0.0
3102071,355,EAST 48 STREET,11203,317,Brooklyn,43,0,43,4,10.8,0.0,0.0
3102170,336,EAST 52 STREET,11203,317,Brooklyn,84,1,85,9,9.4,0.0,0.0
3102242,820,LINDEN BOULEVARD,11203,317,Brooklyn,70,0,70,19,3.7,0.0,0.0
3102278,852,LINDEN BOULEVARD,11203,317,Brooklyn,133,0,133,8,16.6,0.0,0.0
3102281,866,LINDEN BOULEVARD,11203,317,Brooklyn,20,0,20,4,5.0,0.0,0.0
3102300,5401,CHURCH AVENUE,11203,317,Brooklyn,19,2,21,4,5.3,0.0,0.0
3102320,886,LINDEN BOULEVARD,11203,317,Brooklyn,12,4,16,3,5.3,0.0,0.0
3102332,168,EAST   56 STREET,11203,317,Brooklyn,31,0,31,3,10.3,0.0,0.0
3102362,912,LINDEN BOULEVARD,11203,317,Brooklyn,573,0,573,16,35.8,0.0,0.0
3102541,505,EAST   93 STREET,11212,317,Brooklyn,22,0,22,6,3.7,0.0,0.0
3102546,487,EAST 93 STREET,11212,317,Brooklyn,124,0,124,5,24.8,0.0,0.0
3102555,441,EAST 93 STREET,11212,317,Brooklyn,71,0,71,6,11.8,0.0,0.0
3102562,458,EAST 94 STREET,11212,317,Brooklyn,14,4,18,6,3.0,0.0,0.0
3102567,480,EAST   94 STREET,11212,317,Brooklyn,220,10,230,6,38.3,0.0,0.0
3102589,476,EAST   95 STREET,11212,317,Brooklyn,30,0,30,8,3.8,0.0,0.0
3102599,499,EAST 94 STREET,11212,317,Brooklyn,32,9,41,4,10.3,0.0,0.0
3102608,467,EAST   94 STREET,11212,317,Brooklyn,20,0,20,4,5.0,0.0,0.0
3102636,488,EAST 96 STREET,11212,317,Brooklyn,38,0,38,4,9.5,0.0,0.0
3102638,494,EAST 96 STREET,11212,317,Brooklyn,12,0,12,4,3.0,0.0,0.0
3102654,491,EAST 95 STREET,11212,317,Brooklyn,13,1,14,3,4.7,0.0,0.0
3102667,445,EAST   95 STREET,11212,317,Brooklyn,56,0,56,4,14.0,0.0,0.0
3102674,9611,CHURCH AVENUE,11212,317,Brooklyn,39,0,39,4,9.8,0.0,0.0
3102684,467,EAST 96 STREET,11212,317,Brooklyn,56,0,56,3,18.7,0.0,0.0
3102728,1162,WILLMOHR STREET,11212,317,Brooklyn,18,0,18,3,6.0,0.0,0.0
3102733,428,EAST 98 STREET,11212,317,Brooklyn,130,0,130,4,32.5,0.0,0.0
3102734,432,EAST 98 STREET,11212,317,Brooklyn,47,1,48,4,12.0,0.0,0.0
3102737,440,EAST 98 STREET,11212,317,Brooklyn,27,0,27,4,6.8,0.0,0.0
3102788,4824,CHURCH AVENUE,11203,317,Brooklyn,32,0,32,4,8.0,0.0,0.0
3102814,447,EAST   48 STREET,11203,317,Brooklyn,23,5,28,3,9.3,0.0,0.0
3102886,915,UTICA AVENUE,11203,317,Brooklyn,91,3,94,5,18.8,0.0,0.0
3102896,378,EAST   52 STREET,11203,317,Brooklyn,53,0,53,4,13.3,0.0,0.0
3102928,5206,CHURCH AVENUE,11203,317,Brooklyn,33,1,34,5,6.8,0.0,0.0
3102943,352,EAST   53 STREET,11203,317,Brooklyn,9,0,9,3,3.0,0.0,0.0
3102944,354,EAST   53 STREET,11203,317,Brooklyn,114,0,114,30,3.8,0.0,0.0
3102985,288,EAST   54 STREET,11203,317,Brooklyn,18,0,18,4,4.5,0.0,0.0
3103046,307,EAST   54 STREET,11203,317,Brooklyn,61,7,68,6,11.3,0.0,0.0
3103050,291,EAST 54 STREET,11203,317,Brooklyn,51,0,51,6,8.5,0.0,0.0
3103061,192,EAST   56 STREET,11203,317,Brooklyn,222,6,228,19,12.0,0.0,0.0
3103062,206,EAST   56 STREET,11203,317,Brooklyn,9,0,9,3,3.0,0.0,0.0
3103133,241,EAST 56 STREET,11203,317,Brooklyn,53,0,53,12,4.4,0.0,0.0
3103198,131,EAST   59 STREET,11203,317,Brooklyn,14,0,14,4,3.5,0.0,0.0
3103204,109,EAST   59 STREET,11203,317,Brooklyn,36,0,36,6,6.0,0.0,0.0
3103205,107,EAST   59 STREET,11203,317,Brooklyn,47,4,51,6,8.5,0.0,0.0
3103207,101,EAST   59 STREET,11203,317,Brooklyn,66,1,67,6,11.2,0.0,0.0
3103400,563,EAST   91 STREET,11236,317,Brooklyn,29,0,29,3,9.7,0.0,0.0
3103453,548,EAST 93 STREET,11236,317,Brooklyn,14,0,14,3,4.7,0.0,0.0
3103485,565,EAST   93 STREET,11236,317,Brooklyn,30,0,30,4,7.5,0.0,0.0
3103486,561,EAST   93 STREET,11236,317,Brooklyn,17,0,17,4,4.3,0.0,0.0
3103487,557,EAST   93 STREET,11236,317,Brooklyn,13,0,13,4,3.3,0.0,0.0
3103496,556,EAST   94 STREET,11236,317,Brooklyn,55,1,56,6,9.3,0.0,0.0
3103525,567,EAST 94 STREET,11236,317,Brooklyn,12,0,12,3,4.0,0.0,0.0
3103559,529,EAST   95 STREET,11212,317,Brooklyn,13,0,13,4,3.3,0.0,0.0
3103675,500,EAST   49 STREET,11203,317,Brooklyn,60,0,60,4,15.0,0.0,0.0
3103716,954,UTICA AVENUE,11203,317,Brooklyn,29,3,32,5,6.4,0.0,0.0
3103766,490,EAST   51 STREET,11203,317,Brooklyn,21,0,21,6,3.5,0.0,0.0
3103769,500,EAST   51 STREET,11203,317,Brooklyn,42,0,42,4,10.5,0.0,0.0
3103778,522,EAST   51 STREET,11203,317,Brooklyn,32,2,34,6,5.7,0.0,0.0
3103807,5110,SNYDER AVENUE,11203,317,Brooklyn,56,0,56,3,18.7,0.0,0.0
3103811,5122,SNYDER AVENUE,11203,317,Brooklyn,119,0,119,16,7.4,0.0,0.0
3103818,462,EAST   52 STREET,11203,317,Brooklyn,52,1,53,6,8.8,0.0,0.0
3103825,486,EAST   52 STREET,11203,317,Brooklyn,26,0,26,6,4.3,0.0,0.0
3103921,410,EAST   54 STREET,11203,317,Brooklyn,9,0,9,3,3.0,0.0,0.0
3103971,368,EAST   55 STREET,11203,317,Brooklyn,26,0,26,3,8.7,0.0,0.0
3103976,382,EAST   55 STREET,11203,317,Brooklyn,17,0,17,3,5.7,0.0,0.0
3103978,411,EAST   54 STREET,11203,317,Brooklyn,35,0,35,6,5.8,0.0,0.0
3104329,572,EAST   51 STREET,11203,317,Brooklyn,12,0,12,4,3.0,0.0,0.0
3104351,1067,UTICA AVENUE,11203,317,Brooklyn,37,1,38,3,12.7,0.0,0.0
3104995,631,EAST 93 STREET,11236,317,Brooklyn,30,0,30,3,10.0,0.0,0.0
3105024,685,EAST 94 STREET,11236,317,Brooklyn,15,0,15,3,5.0,0.0,0.0
3105050,9422,AVENUE A,11236,317,Brooklyn,30,0,30,3,10.0,0.0,0.0
3105118,632,EAST   96 STREET,11236,317,Brooklyn,86,3,89,6,14.8,0.0,0.0
3105120,638,EAST   96 STREET,11236,317,Brooklyn,54,0,54,6,9.0,0.0,0.0
3105121,642,EAST   96 STREET,11236,317,Brooklyn,104,0,104,6,17.3,0.0,0.0
3105122,646,EAST   96 STREET,11236,317,Brooklyn,36,0,36,6,6.0,0.0,0.0
3105124,652,EAST 96 STREET,11236,317,Brooklyn,20,0,20,6,3.3,0.0,0.0
3105180,659,ROCKAWAY PARKWAY,11236,317,Brooklyn,19,0,19,3,6.3,0.0,0.0
3105450,607,EAST   53 STREET,11203,317,Brooklyn,58,0,58,3,19.3,0.0,0.0
3105869,5205,AVENUE D,11203,317,Brooklyn,10,0,10,3,3.3,0.0,0.0
3106506,361,MAPLE STREET,11225,309,Brooklyn,86,0,86,36,2.4,0.0,0.0
3106770,545,BROOKLYN AVENUE,11225,309,Brooklyn,51,0,51,5,10.2,0.0,0.0
3106809,568,MAPLE STREET,11203,309,Brooklyn,221,2,223,6,37.2,0.0,0.0
3106813,580,MAPLE STREET,11203,309,Brooklyn,25,0,25,6,4.2,0.0,0.0
3106816,590,MAPLE STREET,11203,309,Brooklyn,146,1,147,6,24.5,0.0,0.0
3106821,604,MAPLE STREET,11203,309,Brooklyn,32,0,32,6,5.3,0.0,0.0
3106828,556,ALBANY AVENUE,11203,309,Brooklyn,45,0,45,6,7.5,0.0,0.0
3106850,567,MIDWOOD STREET,11203,309,Brooklyn,10,0,10,3,3.3,0.0,0.0
3106922,350,MIDWOOD STREET,11225,309,Brooklyn,27,0,27,6,4.5,0.0,0.0
3106924,356,MIDWOOD STREET,11225,309,Brooklyn,24,0,24,4,6.0,0.0,0.0
3106990,470,MIDWOOD STREET,11225,309,Brooklyn,61,2,63,3,21.0,0.0,0.0
3107011,564,KINGSTON AVENUE,11203,309,Brooklyn,31,1,32,3,10.7,0.0,0.0
3107163,358,RUTLAND ROAD,11225,309,Brooklyn,19,0,19,4,4.8,0.0,0.0
3107230,651,BROOKLYN AVENUE,11203,309,Brooklyn,51,0,51,14,3.6,0.0,0.0
3107399,322,HAWTHORNE STREET,11225,309,Brooklyn,16,0,16,3,5.3,0.0,0.0
3107449,406,HAWTHORNE STREET,11203,309,Brooklyn,41,1,42,3,14.0,0.0,0.0
3107496,697,WINTHROP STREET,11203,309,Brooklyn,19,0,19,3,6.3,0.0,0.0
3107498,691,WINTHROP STREET,11203,309,Brooklyn,28,0,28,3,9.3,0.0,0.0
3107504,671,WINTHROP STREET,11203,309,Brooklyn,8,3,11,3,3.7,0.0,0.0
3107769,762,NEW YORK AVENUE,11203,317,Brooklyn,188,3,191,72,2.7,0.0,0.0
3107890,589,LENOX ROAD,11203,317,Brooklyn,14,0,14,3,4.7,0.0,0.0
3107994,252,EAST   46 STREET,11203,317,Brooklyn,11,0,11,3,3.7,0.0,0.0
3108043,259,EAST   46 STREET,11203,317,Brooklyn,22,0,22,6,3.7,0.0,0.0
3108048,245,EAST   46 STREET,11203,317,Brooklyn,12,0,12,3,4.0,0.0,0.0
3108052,1361,NOSTRAND AVENUE,11226,317,Brooklyn,21,0,21,6,3.5,0.0,0.0
3108054,1363,NOSTRAND AVENUE,11226,317,Brooklyn,53,1,54,6,9.0,0.0,0.0
3108082,261,LINDEN BOULEVARD,11226,317,Brooklyn,22,1,23,6,3.8,0.0,0.0
3108274,824,ALBANY AVENUE,11203,317,Brooklyn,51,0,51,16,3.2,0.0,0.0
3108308,88,EAST   42 STREET,11203,317,Brooklyn,12,0,12,4,3.0,0.0,0.0
3108315,541,LINDEN BOULEVARD,11203,317,Brooklyn,36,0,36,3,12.0,0.0,0.0
3108333,56,EAST   43 STREET,11203,317,Brooklyn,12,0,12,4,3.0,0.0,0.0
3108484,651,LINDEN BOULEVARD,11203,317,Brooklyn,11,0,11,3,3.7,0.0,0.0
3108546,1423,NOSTRAND AVENUE,11226,317,Brooklyn,61,0,61,4,15.3,0.0,0.0
3108694,189,EAST 34 STREET,11203,317,Brooklyn,256,0,256,70,3.7,0.0,0.0
3108726,3505,CHURCH AVENUE,11203,317,Brooklyn,103,2,105,6,17.5,0.0,0.0
3109036,4201,CHURCH AVENUE,11203,317,Brooklyn,22,0,22,4,5.5,0.0,0.0
3109165,4525,CHURCH AVENUE,11203,317,Brooklyn,35,0,35,4,8.8,0.0,0.0
3109201,834,SCHENECTADY AVENUE,11203,317,Brooklyn,49,0,49,6,8.2,0.0,0.0
3109210,862,SCHENECTADY AVENUE,11203,317,Brooklyn,104,1,105,12,8.8,0.0,0.0
3109214,4623,CHURCH AVENUE,11203,317,Brooklyn,11,0,11,3,3.7,0.0,0.0
3109215,4621,CHURCH AVENUE,11203,317,Brooklyn,36,0,36,3,12.0,0.0,0.0
3109228,385,EAST   46 STREET,11203,317,Brooklyn,28,0,28,6,4.7,0.0,0.0
3109348,3203,SNYDER AVENUE,11226,317,Brooklyn,47,0,47,15,3.1,0.0,0.0
3109394,3321,SNYDER AVENUE,11203,317,Brooklyn,17,0,17,3,5.7,0.0,0.0
3109399,985,NEW YORK AVENUE,11203,317,Brooklyn,13,0,13,4,3.3,0.0,0.0
3109401,979,NEW YORK AVENUE,11203,317,Brooklyn,29,0,29,4,7.3,0.0,0.0
3109912,454,EAST   46 STREET,11203,317,Brooklyn,21,0,21,4,5.3,0.0,0.0
3109925,459,EAST   45 STREET,11203,317,Brooklyn,69,0,69,6,11.5,0.0,0.0
3109928,447,EAST   45 STREET,11203,317,Brooklyn,69,0,69,6,11.5,0.0,0.0
3109929,439,EAST   45 STREET,11203,317,Brooklyn,75,0,75,6,12.5,0.0,0.0
3110059,149,EAST 31 STREET,11226,317,Brooklyn,103,2,105,27,3.9,0.0,0.0
3110180,363,EAST   34 STREET,11203,317,Brooklyn,19,0,19,6,3.2,0.0,0.0
3110188,335,EAST   34 STREET,11203,317,Brooklyn,48,0,48,6,8.0,0.0,0.0
3110190,329,EAST 34 STREET,11203,317,Brooklyn,50,1,51,6,8.5,0.0,0.0
3110414,1633,NOSTRAND AVENUE,11226,317,Brooklyn,59,0,59,6,9.8,0.0,0.0
3110482,1076,NEW YORK AVENUE,11203,317,Brooklyn,225,0,225,59,3.8,0.0,0.0
3110485,1122,NEW YORK AVENUE,11203,317,Brooklyn,236,1,237,24,9.9,0.0,0.0
3110686,1715,NOSTRAND AVENUE,11226,317,Brooklyn,43,0,43,3,14.3,0.0,0.0
3110690,3012,CORTELYOU ROAD,11226,317,Brooklyn,31,0,31,3,10.3,0.0,0.0
3110805,1141,NEW YORK AVENUE,11203,317,Brooklyn,139,0,139,59,2.4,0.0,0.0
3110847,3410,BEVERLY ROAD,11203,317,Brooklyn,15,0,15,4,3.8,0.0,0.0
3110862,426,EAST   35 STREET,11203,317,Brooklyn,14,0,14,4,3.5,0.0,0.0
3111279,3015,AVENUE D,11226,317,Brooklyn,134,0,134,6,22.3,0.0,0.0
3111282,1825,NOSTRAND AVENUE,11226,317,Brooklyn,45,0,45,6,7.5,0.0,0.0
3111299,1771,NOSTRAND AVENUE,11226,317,Brooklyn,54,0,54,4,13.5,0.0,0.0
3111328,382,EAST   32 STREET,11226,317,Brooklyn,68,0,68,16,4.3,0.0,0.0
3111576,531,EAST 35 STREET,11203,317,Brooklyn,85,0,85,3,28.3,0.0,0.0
3112328,3017,NEWKIRK AVENUE,11226,317,Brooklyn,22,0,22,6,3.7,0.0,0.0
3112924,1354,TROY AVENUE,11203,317,Brooklyn,19,0,19,3,6.3,0.0,0.0
3112998,4512,AVENUE D,11203,317,Brooklyn,15,0,15,3,5.0,0.0,0.0
3113369,696,EAST   42 STREET,11203,317,Brooklyn,31,0,31,4,7.8,0.0,0.0
3113401,666,EAST   43 STREET,11203,317,Brooklyn,14,0,14,4,3.5,0.0,0.0
3113518,1444,TROY AVENUE,11203,317,Brooklyn,18,3,21,4,5.3,0.0,0.0
3113952,2077,NOSTRAND AVENUE,11210,317,Brooklyn,39,0,39,4,9.8,0.0,0.0
3114020,670,EAST 32 STREET,11210,317,Brooklyn,71,6,77,3,25.7,0.0,0.0
3114103,3417,GLENWOOD ROAD,11210,317,Brooklyn,11,0,11,3,3.7,0.0,0.0
3114131,768,EAST 35 STREET,11210,317,Brooklyn,24,0,24,3,8.0,0.0,0.0
3114554,65,OCEAN AVENUE,11225,309,Brooklyn,85,0,85,41,2.1,0.0,0.0
3114609,606,FLATBUSH AVENUE,11225,309,Brooklyn,40,1,41,7,5.9,0.0,0.0
3114667,275,OCEAN AVENUE,11225,309,Brooklyn,90,1,91,21,4.3,0.0,0.0
3114668,265,OCEAN AVENUE,11225,309,Brooklyn,110,5,115,25,4.6,0.0,0.0
3114992,483,ROGERS AVENUE,11225,309,Brooklyn,48,8,56,6,9.3,0.0,0.0
3115015,1116,NOSTRAND AVENUE,11225,309,Brooklyn,11,0,11,3,3.7,0.0,0.0
3115260,1150,NOSTRAND AVENUE,11225,309,Brooklyn,43,0,43,4,10.8,0.0,0.0
3115281,619,FLATBUSH AVENUE,11225,309,Brooklyn,38,0,38,9,4.2,0.0,0.0
3115284,609,FLATBUSH AVENUE,11225,309,Brooklyn,52,1,53,14,3.8,0.0,0.0
3115285,607,FLATBUSH AVENUE,11225,309,Brooklyn,109,4,113,8,14.1,0.0,0.0
3115286,599,FLATBUSH AVENUE,11225,309,Brooklyn,116,11,127,11,11.5,0.0,0.0
3115471,1166,NOSTRAND AVENUE,11225,309,Brooklyn,21,0,21,6,3.5,0.0,0.0
3115474,1176,NOSTRAND AVENUE,11225,309,Brooklyn,26,2,28,7,4.0,0.0,0.0
3115494,647,FLATBUSH AVENUE,11225,309,Brooklyn,27,5,32,8,4.0,0.0,0.0
3115633,245,HAWTHORNE STREET,11225,309,Brooklyn,189,1,190,78,2.4,0.0,0.0
3115649,665,FLATBUSH AVENUE,11225,309,Brooklyn,21,2,23,6,3.8,0.0,0.0
3115656,22,HAWTHORNE STREET,11225,309,Brooklyn,140,6,146,10,14.6,0.0,0.0
3115662,42,HAWTHORNE STREET,11225,309,Brooklyn,48,0,48,9,5.3,0.0,0.0
3115811,56,WINTHROP STREET,11225,309,Brooklyn,105,2,107,9,11.9,0.0,0.0
3115848,1989,BEDFORD AVENUE,11225,309,Brooklyn,159,0,159,7,22.7,0.0,0.0
3115852,116,WINTHROP STREET,11225,309,Brooklyn,62,0,62,8,7.8,0.0,0.0
3115874,611,ROGERS AVENUE,11225,309,Brooklyn,31,0,31,6,5.2,0.0,0.0
3115876,605,ROGERS AVENUE,11225,309,Brooklyn,65,4,69,4,17.3,0.0,0.0
3115931,738,FLATBUSH AVENUE,11226,314,Brooklyn,23,5,28,7,4.0,0.0,0.0
3115942,735,FLATBUSH AVENUE,11226,309,Brooklyn,18,0,18,4,4.5,0.0,0.0
3116045,655,ROGERS AVENUE,11226,309,Brooklyn,13,0,13,3,4.3,0.0,0.0
3116049,645,ROGERS AVENUE,11226,309,Brooklyn,39,0,39,3,13.0,0.0,0.0
3116104,80,WOODRUFF AVENUE,11226,314,Brooklyn,238,1,239,42,5.7,0.0,0.0
3116112,20,CROOKE AVENUE,11226,314,Brooklyn,159,4,163,58,2.8,0.0,0.0
3116139,365,OCEAN AVENUE,11226,314,Brooklyn,53,0,53,16,3.3,0.0,0.0
3116152,2023,CATON AVENUE,11226,314,Brooklyn,61,0,61,20,3.0,0.0,0.0
3116153,2017,CATON AVENUE,11226,314,Brooklyn,77,1,78,21,3.7,0.0,0.0
3116155,43,EAST 21 STREET,11226,314,Brooklyn,207,14,221,60,3.7,0.0,0.0
3116196,22,CLARKSON AVENUE,11226,314,Brooklyn,129,11,140,8,17.5,0.0,0.0
3116237,198,CLARKSON AVENUE,11226,317,Brooklyn,91,0,91,6,15.2,0.0,0.0
3116241,682,ROGERS AVENUE,11226,317,Brooklyn,19,0,19,6,3.2,0.0,0.0
3116250,167,LENOX ROAD,11226,317,Brooklyn,132,0,132,39,3.4,0.0,0.0
3116271,1316,NOSTRAND AVENUE,11226,317,Brooklyn,28,0,28,7,4.0,0.0,0.0
3116368,10,EAST 12 STREET,11218,314,Brooklyn,67,0,67,21,3.2,0.0,0.0
3116402,1201,CHURCH AVENUE,11218,314,Brooklyn,34,0,34,4,8.5,0.0,0.0
3116523,1801,CHURCH AVENUE,11226,314,Brooklyn,17,0,17,4,4.3,0.0,0.0
3116534,1834,CATON AVENUE,11226,314,Brooklyn,228,5,233,82,2.8,0.0,0.0
3116537,21,ST PAULS COURT,11226,314,Brooklyn,99,0,99,36,2.8,0.0,0.0
3116556,156,EAST   21 STREET,11226,314,Brooklyn,100,14,114,38,3.0,0.0,0.0
3116561,465,OCEAN AVENUE,11226,314,Brooklyn,112,3,115,41,2.8,0.0,0.0
3116562,447,OCEAN AVENUE,11226,314,Brooklyn,214,2,216,39,5.5,0.0,0.0
3116572,836,FLATBUSH AVENUE,11226,314,Brooklyn,31,0,31,8,3.9,0.0,0.0
3116577,850,FLATBUSH AVENUE,11226,314,Brooklyn,80,1,81,21,3.9,0.0,0.0
3116596,115,EAST 21 STREET,11226,314,Brooklyn,153,0,153,59,2.6,0.0,0.0
3116608,20,LENOX ROAD,11226,314,Brooklyn,54,1,55,7,7.9,0.0,0.0
3116644,114,LENOX ROAD,11226,317,Brooklyn,229,1,230,82,2.8,0.0,0.0
3116710,50,LINDEN BOULEVARD,11226,314,Brooklyn,79,2,81,16,5.1,0.0,0.0
3116765,162,LINDEN BOULEVARD,11226,317,Brooklyn,21,1,22,6,3.7,0.0,0.0
3116773,790,ROGERS AVENUE,11226,317,Brooklyn,30,0,30,8,3.8,0.0,0.0
3116819,234,LINDEN BOULEVARD,11226,317,Brooklyn,38,3,41,12,3.4,0.0,0.0
3116823,1398,NOSTRAND AVENUE,11226,317,Brooklyn,39,1,40,4,10.0,0.0,0.0
3116829,273,MARTENSE STREET,11226,317,Brooklyn,33,0,33,4,8.3,0.0,0.0
3116832,267,MARTENSE STREET,11226,317,Brooklyn,10,0,10,3,3.3,0.0,0.0
3116921,2555,CHURCH AVENUE,11226,317,Brooklyn,25,0,25,6,4.2,0.0,0.0
3116926,2537,CHURCH AVENUE,11226,317,Brooklyn,34,0,34,8,4.3,0.0,0.0
3116989,2831,CHURCH AVENUE,11226,317,Brooklyn,17,0,17,4,4.3,0.0,0.0
3117101,11,TENNIS COURT,11226,314,Brooklyn,131,7,138,60,2.3,0.0,0.0
3117103,95,EAST 18 STREET,11226,314,Brooklyn,98,0,98,16,6.1,0.0,0.0
3117107,50,EAST 19 STREET,11226,314,Brooklyn,189,0,189,54,3.5,0.0,0.0
3117119,564,OCEAN AVENUE,11226,314,Brooklyn,228,0,228,59,3.9,0.0,0.0
3117129,600,OCEAN AVENUE,11226,314,Brooklyn,132,5,137,24,5.7,0.0,0.0
3117284,135,ERASMUS STREET,11226,317,Brooklyn,64,2,66,8,8.3,0.0,0.0
3117558,236,EAST 16 STREET,11226,314,Brooklyn,250,0,250,40,6.3,0.0,0.0
3117586,225,EAST 17 STREET,11226,314,Brooklyn,56,1,57,17,3.4,0.0,0.0
3117601,1809,BEVERLY ROAD,11226,314,Brooklyn,90,4,94,9,10.4,0.0,0.0
3117604,229,EAST 18 STREET,11226,314,Brooklyn,655,19,674,53,12.7,0.0,0.0
3117612,682,OCEAN AVENUE,11226,314,Brooklyn,176,1,177,30,5.9,0.0,0.0
3117620,2016,ALBERMARLE ROAD,11226,314,Brooklyn,113,3,116,48,2.4,0.0,0.0
3117624,673,OCEAN AVENUE,11226,314,Brooklyn,220,4,224,60,3.7,0.0,0.0
3117663,2115,BEVERLY ROAD,11226,314,Brooklyn,48,0,48,12,4.0,0.0,0.0
3117664,2107,BEVERLY ROAD,11226,314,Brooklyn,74,1,75,17,4.4,0.0,0.0
3117684,2296,BEDFORD AVENUE,11226,314,Brooklyn,58,1,59,3,19.7,0.0,0.0
3117694,2324,BEDFORD AVENUE,11226,314,Brooklyn,17,0,17,4,4.3,0.0,0.0
3117757,2297,BEDFORD AVENUE,11226,317,Brooklyn,8,3,11,3,3.7,0.0,0.0
3117760,2506,ALBEMARLE ROAD,11226,317,Brooklyn,23,0,23,3,7.7,0.0,0.0
3117781,2501,TILDEN AVENUE,11226,317,Brooklyn,24,0,24,3,8.0,0.0,0.0
3117841,2913,TILDEN AVENUE,11226,317,Brooklyn,124,1,125,55,2.3,0.0,0.0
3117894,2340,TILDEN AVENUE,11226,317,Brooklyn,18,1,19,6,3.2,0.0,0.0
3117904,2409,BEVERLY ROAD,11226,317,Brooklyn,90,13,103,3,34.3,0.0,0.0
3118009,1021,ROGERS AVENUE,11226,317,Brooklyn,28,0,28,4,7.0,0.0,0.0
3118058,2815,BEVERLY ROAD,11226,317,Brooklyn,289,5,294,64,4.6,0.0,0.0
3118098,1656,NOSTRAND AVENUE,11226,317,Brooklyn,26,0,26,3,8.7,0.0,0.0
3118100,1660,NOSTRAND AVENUE,11226,317,Brooklyn,0,9,9,3,3.0,0.0,0.0
3118228,597,CONEY ISLAND AVENUE,11218,314,Brooklyn,16,0,16,4,4.0,0.0,0.0
3118463,1615,CORTELYOU ROAD,11226,314,Brooklyn,128,3,131,22,6.0,0.0,0.0
3118550,739,OCEAN AVENUE,11226,314,Brooklyn,251,1,252,95,2.7,0.0,0.0
3118659,380,EAST 14 STREET,11226,314,Brooklyn,39,3,42,6,7.0,0.0,0.0
3118708,1502,CORTELYOU ROAD,11226,314,Brooklyn,30,0,30,3,10.0,0.0,0.0
3118757,410,EAST   17 STREET,11226,314,Brooklyn,90,13,103,30,3.4,0.0,0.0
3118779,1721,DORCHESTER ROAD,11226,314,Brooklyn,139,0,139,24,5.8,0.0,0.0
3118798,810,OCEAN AVENUE,11226,314,Brooklyn,94,0,94,13,7.2,0.0,0.0
3118863,2128,BEVERLY ROAD,11226,314,Brooklyn,92,0,92,6,15.3,0.0,0.0
3118905,1081,FLATBUSH AVENUE,11226,314,Brooklyn,21,0,21,4,5.3,0.0,0.0
3118906,1077,FLATBUSH AVENUE,11226,314,Brooklyn,12,0,12,4,3.0,0.0,0.0
3118923,2224,CORTELYOU ROAD,11226,314,Brooklyn,38,0,38,8,4.8,0.0,0.0
3119021,2415,CLARENDON ROAD,11226,317,Brooklyn,160,0,160,5,32.0,0.0,0.0
3119024,2409,CLARENDON ROAD,11226,317,Brooklyn,11,0,11,3,3.7,0.0,0.0
3119108,1060,ROGERS AVENUE,11226,317,Brooklyn,16,0,16,5,3.2,0.0,0.0
3119110,1064,ROGERS AVENUE,11226,317,Brooklyn,45,0,45,6,7.5,0.0,0.0
3119144,2706,BEVERLY ROAD,11226,317,Brooklyn,74,0,74,20,3.7,0.0,0.0
3119171,1049,ROGERS AVENUE,11226,317,Brooklyn,130,0,130,6,21.7,0.0,0.0
3119197,259,EAST 28 STREET,11226,317,Brooklyn,13,0,13,3,4.3,0.0,0.0
3119525,543,EAST 21 STREET,11226,314,Brooklyn,129,0,129,59,2.2,0.0,0.0
3119599,1154,FLATBUSH AVENUE,11226,314,Brooklyn,59,2,61,4,15.3,0.0,0.0
3119666,370,EAST 23 STREET,11226,314,Brooklyn,65,0,65,20,3.3,0.0,0.0
3119672,2502,BEDFORD AVENUE,11226,314,Brooklyn,204,6,210,24,8.8,0.0,0.0
3119691,2303,AVENUE D,11226,314,Brooklyn,114,1,115,8,14.4,0.0,0.0
3119709,2408,CLARENDON ROAD,11226,317,Brooklyn,69,0,69,16,4.3,0.0,0.0
3119761,2519,BEDFORD AVENUE,11226,317,Brooklyn,15,0,15,3,5.0,0.0,0.0
3119766,2499,BEDFORD AVENUE,11226,317,Brooklyn,134,6,140,48,2.9,0.0,0.0
3119812,2501,AVENUE D,11226,317,Brooklyn,11,0,11,3,3.7,0.0,0.0
3119841,301,EAST 26 STREET,11226,317,Brooklyn,160,6,166,4,41.5,0.0,0.0
3119855,1138,ROGERS AVENUE,11226,317,Brooklyn,33,0,33,3,11.0,0.0,0.0
3119878,2601,AVENUE D,11226,317,Brooklyn,11,0,11,3,3.7,0.0,0.0
3119907,305,EAST 26 STREET,11226,317,Brooklyn,97,0,97,4,24.3,0.0,0.0
3119928,366,EAST 28 STREET,11226,317,Brooklyn,57,0,57,3,19.0,0.0,0.0
3119950,1143,ROGERS AVENUE,11226,317,Brooklyn,32,2,34,3,11.3,0.0,0.0
3119952,1139,ROGERS AVENUE,11226,317,Brooklyn,24,0,24,3,8.0,0.0,0.0
3119966,2802,CLARENDON ROAD,11226,317,Brooklyn,84,0,84,38,2.2,0.0,0.0
3120016,2908,CLARENDON ROAD,11226,317,Brooklyn,19,0,19,6,3.2,0.0,0.0
3120021,1754,NOSTRAND AVENUE,11226,317,Brooklyn,28,0,28,3,9.3,0.0,0.0
3120033,1782,NOSTRAND AVENUE,11226,317,Brooklyn,20,1,21,6,3.5,0.0,0.0
3120044,1814,NOSTRAND AVENUE,11226,317,Brooklyn,34,0,34,4,8.5,0.0,0.0
3120284,531,EAST 22 STREET,11226,314,Brooklyn,155,0,155,35,4.4,0.0,0.0
3120306,2323,NEWKIRK AVENUE,11226,314,Brooklyn,80,1,81,16,5.1,0.0,0.0
3120326,2590,BEDFORD AVENUE,11226,314,Brooklyn,12,0,12,3,4.0,0.0,0.0
3120329,2592,BEDFORD AVENUE,11226,314,Brooklyn,50,0,50,15,3.3,0.0,0.0
3120343,2415,NEWKIRK AVENUE,11226,317,Brooklyn,136,0,136,62,2.2,0.0,0.0
3120344,2401,NEWKIRK AVENUE,11226,317,Brooklyn,111,0,111,45,2.5,0.0,0.0
3120363,1323,FLATBUSH AVENUE,11226,317,Brooklyn,37,0,37,4,9.3,0.0,0.0
3120364,1321,FLATBUSH AVENUE,11226,317,Brooklyn,17,0,17,4,4.3,0.0,0.0
3120378,2516,NEWKIRK AVENUE,11226,317,Brooklyn,49,0,49,16,3.1,0.0,0.0
3120379,2522,NEWKIRK AVENUE,11226,317,Brooklyn,61,0,61,16,3.8,0.0,0.0
3120402,1216,ROGERS AVENUE,11226,317,Brooklyn,21,0,21,6,3.5,0.0,0.0
3120405,2615,NEWKIRK AVENUE,11226,317,Brooklyn,38,0,38,8,4.8,0.0,0.0
3120434,1193,ROGERS AVENUE,11226,317,Brooklyn,211,0,211,6,35.2,0.0,0.0
3120483,412,EAST 29 STREET,11226,317,Brooklyn,34,0,34,3,11.3,0.0,0.0
3120598,1021,OCEAN AVENUE,11226,314,Brooklyn,48,0,48,16,3.0,0.0,0.0
3120627,2117,FOSTER AVENUE,11210,314,Brooklyn,110,0,110,13,8.5,0.0,0.0
3120774,1276,FLATBUSH AVENUE,11226,314,Brooklyn,28,1,29,5,5.8,0.0,0.0
3120786,2325,FOSTER AVENUE,11210,314,Brooklyn,263,1,264,27,9.8,0.0,0.0
3120823,570,EAST   26 STREET,11210,314,Brooklyn,163,0,163,27,6.0,0.0,0.0
3120824,572,EAST 26 STREET,11210,314,Brooklyn,50,0,50,8,6.3,0.0,0.0
3120825,574,EAST 26 STREET,11210,314,Brooklyn,24,0,24,8,3.0,0.0,0.0
3120883,1387,FLATBUSH AVENUE,11210,314,Brooklyn,58,0,58,3,19.3,0.0,0.0
3120891,525,EAST 26 STREET,11210,314,Brooklyn,20,0,20,3,6.7,0.0,0.0
3120905,1300,ROGERS AVENUE,11210,314,Brooklyn,25,0,25,3,8.3,0.0,0.0
3121057,1964,NOSTRAND AVENUE,11210,314,Brooklyn,122,0,122,53,2.3,0.0,0.0
3121113,604,EAST   14 STREET,11230,314,Brooklyn,36,0,36,3,12.0,0.0,0.0
3121148,608,EAST   15 STREET,11226,314,Brooklyn,31,0,31,8,3.9,0.0,0.0
3121154,622,EAST   15 STREET,11226,314,Brooklyn,30,0,30,8,3.8,0.0,0.0
3121169,613,EAST   14 STREET,11230,314,Brooklyn,57,0,57,16,3.6,0.0,0.0
3121667,612,EAST 28 STREET,11210,314,Brooklyn,31,0,31,9,3.4,0.0,0.0
3121702,685,EAST 29 STREET,11210,314,Brooklyn,27,0,27,3,9.0,0.0,0.0
3121727,2026,NOSTRAND AVENUE,11210,314,Brooklyn,288,2,290,11,26.4,0.0,0.0
3121734,2054,NOSTRAND AVENUE,11210,314,Brooklyn,95,2,97,48,2.0,0.0,0.0
3122939,1005,39 STREET,11219,312,Brooklyn,84,0,84,3,28.0,0.0,0.0
3122940,1003,39 STREET,11219,312,Brooklyn,15,0,15,3,5.0,0.0,0.0
3122966,1143,39 STREET,11218,312,Brooklyn,22,1,23,6,3.8,0.0,0.0
3123024,1135,38 STREET,11218,312,Brooklyn,94,10,104,6,17.3,0.0,0.0
3123066,1228,  39 STREET,11218,312,Brooklyn,31,0,31,3,10.3,0.0,0.0
3123189,1252,36 STREET,11218,312,Brooklyn,27,0,27,4,6.8,0.0,0.0
3123251,1364,40 STREET,11218,312,Brooklyn,12,0,12,4,3.0,0.0,0.0
3123253,1370,40 STREET,11218,312,Brooklyn,21,1,22,6,3.7,0.0,0.0
3123273,1353,41 STREET,11218,312,Brooklyn,36,0,36,4,9.0,0.0,0.0
3123688,3325,  12 AVENUE,11218,312,Brooklyn,17,0,17,3,5.7,0.0,0.0
3123732,112,CLARA STREET,11218,312,Brooklyn,9,0,9,3,3.0,0.0,0.0
3123739,1257,  36 STREET,11218,312,Brooklyn,151,0,151,6,25.2,0.0,0.0
3123742,1249,36 STREET,11218,312,Brooklyn,33,6,39,6,6.5,0.0,0.0
3123744,1243,36 STREET,11218,312,Brooklyn,19,2,21,6,3.5,0.0,0.0
3123745,1239,36 STREET,11218,312,Brooklyn,64,0,64,6,10.7,0.0,0.0
3123807,24,CLARA STREET,11218,312,Brooklyn,13,0,13,4,3.3,0.0,0.0
3123813,102,CHESTER AVENUE,11218,312,Brooklyn,21,0,21,4,5.3,0.0,0.0
3123814,106,CHESTER AVENUE,11218,312,Brooklyn,14,0,14,4,3.5,0.0,0.0
3123954,25,LOUISA STREET,11218,312,Brooklyn,31,0,31,6,5.2,0.0,0.0
3123977,2916,FT HAMILTON PARKWAY,11218,307,Brooklyn,63,0,63,4,15.8,0.0,0.0
3124178,235,EAST 2 STREET,11218,312,Brooklyn,75,0,75,20,3.8,0.0,0.0
3124361,717,FRIEL PLACE,11218,312,Brooklyn,18,0,18,4,4.5,0.0,0.0
3124506,270,EAST 2 STREET,11218,312,Brooklyn,25,0,25,6,4.2,0.0,0.0
3124515,296,EAST 2 STREET,11218,312,Brooklyn,18,0,18,6,3.0,0.0,0.0
3124546,292,EAST 3 STREET,11218,312,Brooklyn,10,0,10,3,3.3,0.0,0.0
3124705,230,OCEAN PARKWAY,11218,312,Brooklyn,237,1,238,60,4.0,0.0,0.0
3124901,1462,40 STREET,11218,312,Brooklyn,32,0,32,5,6.4,0.0,0.0
3125150,1407,  35 STREET,11218,312,Brooklyn,24,0,24,6,4.0,0.0,0.0
3125152,3419,14 AVENUE,11218,312,Brooklyn,18,0,18,4,4.5,0.0,0.0
3125166,524,MC DONALD AVENUE,11218,312,Brooklyn,61,3,64,6,10.7,0.0,0.0
3125169,534,MC DONALD AVENUE,11218,312,Brooklyn,66,0,66,6,11.0,0.0,0.0
3125173,544,MC DONALD AVENUE,11218,312,Brooklyn,18,0,18,3,6.0,0.0,0.0
3125271,553,MC DONALD AVENUE,11218,312,Brooklyn,58,1,59,6,9.8,0.0,0.0
3125273,545,MC DONALD AVENUE,11218,312,Brooklyn,28,0,28,6,4.7,0.0,0.0
3125287,505,MC DONALD AVENUE,11218,312,Brooklyn,18,0,18,6,3.0,0.0,0.0
3125512,730,BEVERLY ROAD,11218,312,Brooklyn,71,1,72,3,24.0,0.0,0.0
3125542,433,EAST 7 STREET,11218,312,Brooklyn,98,3,101,47,2.1,0.0,0.0
3125846,1532,  38 STREET,11218,312,Brooklyn,18,0,18,4,4.5,0.0,0.0
3125914,3623,15 AVENUE,11218,312,Brooklyn,129,0,129,6,21.5,0.0,0.0
3125917,3613,15 AVENUE,11218,312,Brooklyn,19,0,19,6,3.2,0.0,0.0
3126154,506,AVENUE C,11218,312,Brooklyn,37,0,37,3,12.3,0.0,0.0
3126268,322,EAST 9 STREET,11218,312,Brooklyn,12,1,13,4,3.3,0.0,0.0
3126270,326,EAST 9 STREET,11218,312,Brooklyn,22,0,22,4,5.5,0.0,0.0
3126274,336,EAST 9 STREET,11218,312,Brooklyn,14,0,14,4,3.5,0.0,0.0
3126526,526,DAHILL ROAD,11218,312,Brooklyn,119,0,119,20,6.0,0.0,0.0
3126704,309,DITMAS AVENUE,11218,312,Brooklyn,61,0,61,3,20.3,0.0,0.0
3126705,305,DITMAS AVENUE,11218,312,Brooklyn,107,1,108,3,36.0,0.0,0.0
3127213,640,DITMAS AVENUE,11218,312,Brooklyn,84,2,86,39,2.2,0.0,0.0
3127358,543,EAST 9TH ST,11218,312,Brooklyn,11,0,11,3,3.7,0.0,0.0
3127667,4229,18 AVENUE,11218,314,Brooklyn,109,2,111,36,3.1,0.0,0.0
3127729,629,OCEAN PARKWAY,11230,314,Brooklyn,182,1,183,66,2.8,0.0,0.0
3127735,3813,18 AVENUE,11218,314,Brooklyn,189,0,189,31,6.1,0.0,0.0
3127749,3751,  18 AVENUE,11218,314,Brooklyn,109,0,109,46,2.4,0.0,0.0
3127838,294,WEBSTER AVENUE,11230,314,Brooklyn,105,0,105,38,2.8,0.0,0.0
3127839,312,WEBSTER AVENUE,11230,314,Brooklyn,95,0,95,38,2.5,0.0,0.0
3127878,84,LAWRENCE AVENUE,11230,314,Brooklyn,245,1,246,35,7.0,0.0,0.0
3127905,190,LAWRENCE AVENUE,11230,314,Brooklyn,146,2,148,6,24.7,0.0,0.0
3130640,5516,16 AVENUE,11204,312,Brooklyn,29,9,38,5,7.6,0.0,0.0
3130783,1574,56 STREET,11219,312,Brooklyn,102,5,107,44,2.4,0.0,0.0
3131792,1763,60 STREET,11204,312,Brooklyn,15,0,15,4,3.8,0.0,0.0
3131977,5921,  21 AVENUE,11204,312,Brooklyn,14,0,14,3,4.7,0.0,0.0
3132447,1735,62 STREET,11204,311,Brooklyn,33,0,33,4,8.3,0.0,0.0
3132751,1744,62 STREET,11204,311,Brooklyn,15,0,15,4,3.8,0.0,0.0
3132771,1773,  63 STREET,11204,311,Brooklyn,30,0,30,4,7.5,0.0,0.0
3133598,6406,  20 AVENUE,11204,311,Brooklyn,12,0,12,3,4.0,0.0,0.0
3133745,1521,66 STREET,11219,311,Brooklyn,10,0,10,3,3.3,0.0,0.0
3133803,1673,66 STREET,11204,311,Brooklyn,23,0,23,4,5.8,0.0,0.0
3133999,6517,20 AVENUE,11204,311,Brooklyn,95,0,95,4,23.8,0.0,0.0
3134738,1947,68 STREET,11204,311,Brooklyn,14,0,14,4,3.5,0.0,0.0
3135338,1115,40 STREET,11218,312,Brooklyn,38,1,39,5,7.8,0.0,0.0
3135384,4019,  10 AVENUE,11219,312,Brooklyn,80,8,88,4,22.0,0.0,0.0
3135534,916,  41 STREET,11219,312,Brooklyn,19,0,19,4,4.8,0.0,0.0
3135545,946,41 STREET,11219,312,Brooklyn,12,0,12,4,3.0,0.0,0.0
3135567,931,  42 STREET,11219,312,Brooklyn,27,0,27,5,5.4,0.0,0.0
3135574,913,  42 STREET,11219,312,Brooklyn,11,7,18,6,3.0,0.0,0.0
3135613,4117,FT HAMILTON PARKWAY,11219,312,Brooklyn,15,0,15,3,5.0,0.0,0.0
3135794,969,43 STREET,11219,312,Brooklyn,155,0,155,57,2.7,0.0,0.0
3135829,4213,FT HAMILTON PARKWAY,11219,312,Brooklyn,26,0,26,3,8.7,0.0,0.0
3135844,1142,42 STREET,11219,312,Brooklyn,51,1,52,16,3.3,0.0,0.0
3136212,1369,44 STREET,11219,312,Brooklyn,20,0,20,6,3.3,0.0,0.0
3136524,1446,  44 STREET,11219,312,Brooklyn,25,0,25,8,3.1,0.0,0.0
3136614,4507,10 AVENUE,11219,312,Brooklyn,31,0,31,5,6.2,0.0,0.0
3136676,1173,46 STREET,11219,312,Brooklyn,95,0,95,47,2.0,0.0,0.0
3136862,1024,46 STREET,11219,312,Brooklyn,28,0,28,3,9.3,0.0,0.0
3137021,4601,14 AVENUE,11219,312,Brooklyn,0,21,21,3,7.0,0.0,0.0
3137193,4709,12 AVENUE,11219,312,Brooklyn,178,3,181,62,2.9,0.0,0.0
3137262,1315,48 STREET,11219,312,Brooklyn,115,1,116,41,2.8,0.0,0.0
3137710,4909,12 AVENUE,11219,312,Brooklyn,34,0,34,4,8.5,0.0,0.0
3138499,821,53 STREET,11220,312,Brooklyn,12,0,12,4,3.0,0.0,0.0
3139385,1257,55 STREET,11219,312,Brooklyn,14,1,15,5,3.0,0.0,0.0
3139611,1015,56 STREET,11219,312,Brooklyn,24,0,24,7,3.4,0.0,0.0
3139974,1026,  56 STREET,11219,312,Brooklyn,20,0,20,6,3.3,0.0,0.0
3140284,1010,57 STREET,11219,312,Brooklyn,46,3,49,6,8.2,0.0,0.0
3141393,6211,8 AVENUE,11220,310,Brooklyn,59,0,59,6,9.8,0.0,0.0
3141741,6302,11 AVENUE,11219,310,Brooklyn,52,0,52,5,10.4,0.0,0.0
3141758,1045,  64 STREET,11219,310,Brooklyn,56,0,56,12,4.7,0.0,0.0
3141846,1366,63 STREET,11219,310,Brooklyn,49,0,49,4,12.3,0.0,0.0
3141865,1355,  64 STREET,11219,310,Brooklyn,48,0,48,16,3.0,0.0,0.0
3142072,1361,  65 STREET,11219,310,Brooklyn,27,0,27,6,4.5,0.0,0.0
3142178,6502,  11 AVENUE,11219,310,Brooklyn,37,6,43,4,10.8,0.0,0.0
3142359,6623,FT HAMILTON PARKWAY,11219,310,Brooklyn,302,0,302,28,10.8,0.0,0.0
3142365,6601,FT HAMILTON PARKWAY,11219,310,Brooklyn,55,1,56,5,11.2,0.0,0.0
3142466,6608,12 AVENUE,11219,310,Brooklyn,32,0,32,3,10.7,0.0,0.0
3142598,6605,14 AVENUE,11219,311,Brooklyn,19,0,19,4,4.8,0.0,0.0
3142640,6713,8 AVENUE,11220,310,Brooklyn,28,0,28,6,4.7,0.0,0.0
3142644,6703,8 AVENUE,11220,310,Brooklyn,42,0,42,6,7.0,0.0,0.0
3143019,845,BAY RIDGE AVENUE,11220,310,Brooklyn,59,1,60,5,12.0,0.0,0.0
3143212,1301,BAY RIDGE AVENUE,11219,310,Brooklyn,59,0,59,15,3.9,0.0,0.0
3143216,1302,OVINGTON AVE,11219,310,Brooklyn,45,1,46,13,3.5,0.0,0.0
3143289,6804,15 AVENUE,11219,311,Brooklyn,21,1,22,6,3.7,0.0,0.0
3143420,426,  60 STREET,11220,307,Brooklyn,17,0,17,3,5.7,0.0,0.0
3143425,438,60 STREET,11220,307,Brooklyn,37,0,37,6,6.2,0.0,0.0
3143435,462,  60 STREET,11220,307,Brooklyn,20,0,20,4,5.0,0.0,0.0
3143439,474,60 STREET,11220,307,Brooklyn,31,0,31,8,3.9,0.0,0.0
3143451,459,61 STREET,11220,307,Brooklyn,63,0,63,16,3.9,0.0,0.0
3143463,6023,5 AVENUE,11220,307,Brooklyn,68,0,68,6,11.3,0.0,0.0
3143470,6005,5 AVENUE,11220,307,Brooklyn,45,0,45,4,11.3,0.0,0.0
3143590,714,  60 STREET,11220,307,Brooklyn,88,0,88,6,14.7,0.0,0.0
3143603,770,60 STREET,11220,307,Brooklyn,108,1,109,40,2.7,0.0,0.0
3143619,206,  61 STREET,11220,307,Brooklyn,16,0,16,4,4.0,0.0,0.0
3143657,273,  62 STREET,11220,307,Brooklyn,28,3,31,6,5.2,0.0,0.0
3143694,6114,   4 AVENUE,11220,307,Brooklyn,70,0,70,3,23.3,0.0,0.0
3143727,426,61 STREET,11220,307,Brooklyn,69,0,69,17,4.1,0.0,0.0
3143995,417,  63 STREET,11220,307,Brooklyn,16,0,16,3,5.3,0.0,0.0
3144056,6320,4 AVENUE,11220,307,Brooklyn,77,8,85,21,4.0,0.0,0.0
3144130,235,65 STREET,11220,307,Brooklyn,12,1,13,4,3.3,0.0,0.0
3144131,231,65 STREET,11220,307,Brooklyn,22,0,22,5,4.4,0.0,0.0
3144132,229,65 STREET,11220,307,Brooklyn,63,0,63,5,12.6,0.0,0.0
3144456,239,SENATOR STREET,11220,310,Brooklyn,22,1,23,6,3.8,0.0,0.0
3144675,6760,   4 AVENUE,11220,310,Brooklyn,51,0,51,4,12.8,0.0,0.0
3144731,465,  68 STREET,11220,310,Brooklyn,88,1,89,6,14.8,0.0,0.0
3144766,6701,5 AVENUE,11220,310,Brooklyn,93,0,93,31,3.0,0.0,0.0
3145120,6823,RIDGE BOULEVARD,11220,310,Brooklyn,225,1,226,20,11.3,0.0,0.0
3145156,271,BAY RIDGE AVENUE,11220,310,Brooklyn,68,0,68,6,11.3,0.0,0.0
3145193,6817,3 AVENUE,11220,310,Brooklyn,70,0,70,8,8.8,0.0,0.0
3145222,6814,4 AVENUE,11220,310,Brooklyn,24,0,24,3,8.0,0.0,0.0
3145249,313,BAY RIDGE AVENUE,11220,310,Brooklyn,78,0,78,20,3.9,0.0,0.0
3145268,444,  68 STREET,11220,310,Brooklyn,62,0,62,6,10.3,0.0,0.0
3145270,448,68 STREET,11220,310,Brooklyn,37,0,37,6,6.2,0.0,0.0
3145271,452,  68 STREET,11220,310,Brooklyn,35,0,35,6,5.8,0.0,0.0
3145373,6823,6 AVENUE,11220,310,Brooklyn,75,4,79,6,13.2,0.0,0.0
3145398,645,BAY RIDGE AVENUE,11220,310,Brooklyn,18,0,18,6,3.0,0.0,0.0
3145405,627,BAY RIDGE AVENUE,11220,310,Brooklyn,193,0,193,4,48.3,0.0,0.0
3145412,6825,7 AVENUE,11220,310,Brooklyn,13,0,13,3,4.3,0.0,0.0
3145633,237,OVINGTON AVENUE,11209,310,Brooklyn,171,0,171,73,2.3,0.0,0.0
3145771,415,OVINGTON AVENUE,11209,310,Brooklyn,94,3,97,32,3.0,0.0,0.0
3145894,840,BAY RIDGE AVENUE,11220,310,Brooklyn,29,1,30,6,5.0,0.0,0.0
3145896,846,BAY RIDGE AVENUE,11220,310,Brooklyn,24,0,24,6,4.0,0.0,0.0
3146616,473,72 STREET,11209,310,Brooklyn,12,0,12,3,4.0,0.0,0.0
3146662,538,OVINGTON AVENUE,11209,310,Brooklyn,20,0,20,6,3.3,0.0,0.0
3146665,546,OVINGTON AVENUE,11209,310,Brooklyn,37,0,37,6,6.2,0.0,0.0
3146669,560,OVINGTON AVENUE,11209,310,Brooklyn,19,0,19,6,3.2,0.0,0.0
3147295,262,72 STREET,11209,310,Brooklyn,117,0,117,6,19.5,0.0,0.0
3147330,7207,3 AVENUE,11209,310,Brooklyn,49,0,49,8,6.1,0.0,0.0
3147332,302,72 STREET,11209,310,Brooklyn,60,0,60,7,8.6,0.0,0.0
3147451,501,73 STREET,11209,310,Brooklyn,66,1,67,6,11.2,0.0,0.0
3147455,7211,5 AVENUE,11209,310,Brooklyn,28,4,32,7,4.6,0.0,0.0
3147892,7322,5 AVENUE,11209,310,Brooklyn,29,1,30,6,5.0,0.0,0.0
3148000,634,73 STREET,11209,310,Brooklyn,127,0,127,6,21.2,0.0,0.0
3148389,586,74 STREET,11209,310,Brooklyn,98,0,98,9,10.9,0.0,0.0
3148655,140,BAY RIDGE PARKWAY,11209,310,Brooklyn,98,0,98,43,2.3,0.0,0.0
3148656,150,BAY RIDGE PARKWAY,11209,310,Brooklyn,11,0,11,3,3.7,0.0,0.0
3150842,7923,3 AVENUE,11209,310,Brooklyn,61,0,61,14,4.4,0.0,0.0
3150844,7917,3 AVENUE,11209,310,Brooklyn,14,0,14,3,4.7,0.0,0.0
3150981,575,80 STREET,11209,310,Brooklyn,47,0,47,9,5.2,0.0,0.0
3150998,529,  80 STREET,11209,310,Brooklyn,6,7,13,3,4.3,0.0,0.0
3151753,507,82 STREET,11209,310,Brooklyn,21,0,21,6,3.5,0.0,0.0
3151800,557,82 STREET,11209,310,Brooklyn,24,0,24,6,4.0,0.0,0.0
3152040,278,82 STREET,11209,310,Brooklyn,80,1,81,10,8.1,0.0,0.0
3152169,538,  82 STREET,11209,310,Brooklyn,56,0,56,6,9.3,0.0,0.0
3152171,544,  82 STREET,11209,310,Brooklyn,36,0,36,6,6.0,0.0,0.0
3152536,534,83 STREET,11209,310,Brooklyn,25,0,25,6,4.2,0.0,0.0
3153100,8515,3 AVENUE,11209,310,Brooklyn,112,1,113,42,2.7,0.0,0.0
3153129,367,  86 STREET,11209,310,Brooklyn,59,1,60,6,10.0,0.0,0.0
3153222,8501,FT HAMILTON PARKWAY,11209,310,Brooklyn,585,3,588,51,11.5,0.0,0.0
3153496,369,87 STREET,11209,310,Brooklyn,95,0,95,16,5.9,0.0,0.0
3153497,365,87 STREET,11209,310,Brooklyn,117,0,117,16,7.3,0.0,0.0
3154750,351,92 STREET,11209,310,Brooklyn,62,1,63,20,3.1,0.0,0.0
3155072,9216,3 AVENUE,11209,310,Brooklyn,32,1,33,5,6.6,0.0,0.0
3155075,9224,3 AVENUE,11209,310,Brooklyn,42,1,43,14,3.1,0.0,0.0
3155340,190,GELSTON AVENUE,11209,310,Brooklyn,83,0,83,20,4.2,0.0,0.0
3156438,1216,BAY RIDGE AVENUE,11219,310,Brooklyn,10,0,10,3,3.3,0.0,0.0
3156475,1243,  70 STREET,11228,310,Brooklyn,9,0,9,3,3.0,0.0,0.0
3156732,6913,18 AVENUE,11204,311,Brooklyn,12,0,12,3,4.0,0.0,0.0
3156981,1181,71 STREET,11228,310,Brooklyn,12,0,12,4,3.0,0.0,0.0
3157000,1121,71ST STREET,11228,310,Brooklyn,24,0,24,4,6.0,0.0,0.0
3157080,7006,14 AVENUE,11228,310,Brooklyn,10,0,10,3,3.3,0.0,0.0
3157302,1741,  71 STREET,11204,311,Brooklyn,178,0,178,4,44.5,0.0,0.0
3157529,1105,  72 STREET,11228,310,Brooklyn,54,10,64,6,10.7,0.0,0.0
3157753,1433,  72 STREET,11228,311,Brooklyn,49,0,49,6,8.2,0.0,0.0
3158122,2171,72 STREET,11204,311,Brooklyn,15,0,15,4,3.8,0.0,0.0
3158501,1757,  73 STREET,11204,311,Brooklyn,9,0,9,3,3.0,0.0,0.0
3158512,1723,  73 STREET,11204,311,Brooklyn,17,1,18,6,3.0,0.0,0.0
3159057,7324,18 AVENUE,11204,311,Brooklyn,33,0,33,5,6.6,0.0,0.0
3159384,7406,13 AVENUE,11228,310,Brooklyn,14,0,14,3,4.7,0.0,0.0
3159537,1541,BAYRIDGE PARKWAY,11228,311,Brooklyn,14,0,14,3,4.7,0.0,0.0
3159791,7424,  21 AVENUE,11204,311,Brooklyn,44,1,45,6,7.5,0.0,0.0
3160204,1663,76 STREET,11214,311,Brooklyn,71,1,72,6,12.0,0.0,0.0
3160287,1852,BAY RIDGE PARKWAY,11204,311,Brooklyn,12,0,12,3,4.0,0.0,0.0
3160299,1863,76 STREET,11214,311,Brooklyn,39,0,39,4,9.8,0.0,0.0
3161303,1407,78 STREET,11228,311,Brooklyn,190,2,192,19,10.1,0.0,0.0
3161433,1754,77 STREET,11214,311,Brooklyn,26,0,26,4,6.5,0.0,0.0
3161487,7701,18 AVENUE,11214,311,Brooklyn,22,0,22,5,4.4,0.0,0.0
3161854,1270,78 STREET,11228,310,Brooklyn,1,9,10,3,3.3,0.0,0.0
3162041,7812,16 AVENUE,11214,311,Brooklyn,14,0,14,3,4.7,0.0,0.0
3162088,7802,NEW UTRECHT AVENUE,11214,311,Brooklyn,10,0,10,3,3.3,0.0,0.0
3162100,1661,  79 STREET,11214,311,Brooklyn,28,0,28,6,4.7,0.0,0.0
3163180,1576,80 STREET,11228,311,Brooklyn,14,1,15,3,5.0,0.0,0.0
3163459,8002,BAY PARKWAY,11214,311,Brooklyn,188,6,194,54,3.6,0.0,0.0
3164263,1617,83 STREET,11214,311,Brooklyn,22,0,22,4,5.5,0.0,0.0
3164591,8128,BAY 16 STREET,11214,311,Brooklyn,38,0,38,3,12.7,0.0,0.0
3164806,2249,  83 STREET,11214,311,Brooklyn,63,0,63,19,3.3,0.0,0.0
3164874,8422,13 AVENUE,11228,310,Brooklyn,51,0,51,5,10.2,0.0,0.0
3165101,1675,  85 STREET,11214,311,Brooklyn,20,0,20,4,5.0,0.0,0.0
3165179,1926,  83 STREET,11214,311,Brooklyn,39,0,39,12,3.3,0.0,0.0
3165408,2027,85 STREET,11214,311,Brooklyn,50,0,50,4,12.5,0.0,0.0
3166541,8609,BAY 16 STREET,11214,311,Brooklyn,116,3,119,33,3.6,0.0,0.0
3167150,36,BAY   32 STREET,11214,311,Brooklyn,18,0,18,6,3.0,0.0,0.0
3167442,1559,BATH AVENUE,11228,311,Brooklyn,65,0,65,6,10.8,0.0,0.0
3167640,1711,BATH AVENUE,11214,311,Brooklyn,16,0,16,3,5.3,0.0,0.0
3167814,150,BAY   22 STREET,11214,311,Brooklyn,71,11,82,6,13.7,0.0,0.0
3167880,2025,BATH AVENUE,11214,311,Brooklyn,21,0,21,4,5.3,0.0,0.0
3168566,1724,BATH AVENUE,11214,311,Brooklyn,14,1,15,4,3.8,0.0,0.0
3168627,171,BAY 17 STREET,11214,311,Brooklyn,63,0,63,18,3.5,0.0,0.0
3168634,1800,BATH AVENUE,11214,311,Brooklyn,15,1,16,4,4.0,0.0,0.0
3168717,8789,  19 AVENUE,11214,311,Brooklyn,16,0,16,3,5.3,0.0,0.0
3168722,1904,BATH AVENUE,11214,311,Brooklyn,21,0,21,4,5.3,0.0,0.0
3168772,212,BAY   23 STREET,11214,311,Brooklyn,10,0,10,3,3.3,0.0,0.0
3168775,1963,CROPSEY AVENUE,11214,311,Brooklyn,10,0,10,3,3.3,0.0,0.0
3168793,8762,  20 AVENUE,11214,311,Brooklyn,17,1,18,3,6.0,0.0,0.0
3168795,8772,  20 AVENUE,11214,311,Brooklyn,98,0,98,3,32.7,0.0,0.0
3168974,195,BAY   29 STREET,11214,311,Brooklyn,124,0,124,14,8.9,0.0,0.0
3168977,2150,BATH AVENUE,11214,311,Brooklyn,15,0,15,5,3.0,0.0,0.0
3170209,755,EAST    9 STREET,11230,314,Brooklyn,78,0,78,23,3.4,0.0,0.0
3170343,909,EAST    5 STREET,11230,314,Brooklyn,124,2,126,26,4.8,0.0,0.0
3172326,6101,23 AVENUE,11204,311,Brooklyn,139,0,139,6,23.2,0.0,0.0
3172331,2328,61 STREET,11204,311,Brooklyn,12,0,12,3,4.0,0.0,0.0
3172512,2349,65 STREET,11204,311,Brooklyn,14,0,14,3,4.7,0.0,0.0
3172569,2420,  64 STREET,11204,311,Brooklyn,26,0,26,6,4.3,0.0,0.0
3172694,1523,MC DONALD AVENUE,11230,312,Brooklyn,25,0,25,4,6.3,0.0,0.0
3173210,1436,WEST    8 STREET,11204,311,Brooklyn,111,0,111,6,18.5,0.0,0.0
3173478,1479,DAHILL ROAD,11204,311,Brooklyn,91,0,91,35,2.6,0.0,0.0
3174035,1824,CONEY ISLAND AVENUE,11230,312,Brooklyn,42,0,42,12,3.5,0.0,0.0
3174719,1650,EAST 2 STREET,11230,312,Brooklyn,20,0,20,4,5.0,0.0,0.0
3174881,1679,EAST 3 STREET,11230,312,Brooklyn,132,1,133,60,2.2,0.0,0.0
3175192,1501,EAST 10 STREET,11230,312,Brooklyn,60,0,60,20,3.0,0.0,0.0
3175875,1601,DAHILL ROAD,11223,311,Brooklyn,60,2,62,9,6.9,0.0,0.0
3176017,1738,EAST 4 STREET,11223,315,Brooklyn,25,0,25,6,4.2,0.0,0.0
3176340,1724,WEST   13 STREET,11223,311,Brooklyn,18,0,18,4,4.5,0.0,0.0
3176750,1702,WEST    7 STREET,11223,311,Brooklyn,86,0,86,37,2.3,0.0,0.0
3176898,1717,WEST    6 STREET,11223,311,Brooklyn,35,0,35,6,5.8,0.0,0.0
3177044,1754,WEST    1 STREET,11223,311,Brooklyn,44,0,44,4,11.0,0.0,0.0
3177135,1769,DAHILL ROAD,11223,311,Brooklyn,21,0,21,3,7.0,0.0,0.0
3177148,1735,DAHILL ROAD,11223,311,Brooklyn,22,0,22,6,3.7,0.0,0.0
3177557,1717,EAST 8 STREET,11223,315,Brooklyn,21,0,21,7,3.0,0.0,0.0
3177558,1713,EAST 8 STREET,11223,315,Brooklyn,38,1,39,7,5.6,0.0,0.0
3177559,802,KINGS HIGHWAY,11223,315,Brooklyn,121,0,121,39,3.1,0.0,0.0
3177560,1740,EAST 9 STREET,11223,315,Brooklyn,109,0,109,36,3.0,0.0,0.0
3177683,17,AVENUE S,11223,311,Brooklyn,12,0,12,3,4.0,0.0,0.0
3177743,1875,WEST   13 STREET,11223,311,Brooklyn,61,0,61,6,10.2,0.0,0.0
3177787,1891,WEST   12 STREET,11223,311,Brooklyn,13,0,13,4,3.3,0.0,0.0
3177896,1888,WEST    9 STREET,11223,311,Brooklyn,81,3,84,17,4.9,0.0,0.0
3177897,115,AVENUE S,11223,311,Brooklyn,80,0,80,17,4.7,0.0,0.0
3177902,99,AVENUE S,11223,311,Brooklyn,80,0,80,5,16.0,0.0,0.0
3178093,1884,WEST    6 STREET,11223,311,Brooklyn,11,2,13,4,3.3,0.0,0.0
3178659,1802,OCEAN PARKWAY,11223,315,Brooklyn,305,4,309,113,2.7,0.0,0.0
3179305,816,EAST   15 STREET,11230,314,Brooklyn,11,0,11,3,3.7,0.0,0.0
3179459,1362,OCEAN AVENUE,11230,314,Brooklyn,271,1,272,48,5.7,0.0,0.0
3179807,1438,OCEAN AVENUE,11230,314,Brooklyn,118,0,118,51,2.3,0.0,0.0
3179919,1026,EAST   14 STREET,11230,314,Brooklyn,72,0,72,6,12.0,0.0,0.0
3180227,1214,AVENUE K,11230,314,Brooklyn,102,0,102,38,2.7,0.0,0.0
3181125,1806,OCEAN AVENUE,11230,314,Brooklyn,161,8,169,36,4.7,0.0,0.0
3181180,1827,CONEY ISLAND AVENUE,11230,314,Brooklyn,16,0,16,3,5.3,0.0,0.0
3181705,1857,CONEY ISLAND AVENUE,11230,314,Brooklyn,61,0,61,6,10.2,0.0,0.0
3181831,1551,EAST 14 STREET,11230,314,Brooklyn,22,0,22,3,7.3,0.0,0.0
3182095,2057,OCEAN AVENUE,11230,314,Brooklyn,31,0,31,6,5.2,0.0,0.0
3182291,1618,EAST   12 STREET,11229,315,Brooklyn,48,0,48,16,3.0,0.0,0.0
3182308,1123,QUENTIN ROAD,11229,315,Brooklyn,64,0,64,11,5.8,0.0,0.0
3182778,2978,NOSTRAND AVENUE,11229,315,Brooklyn,21,0,21,5,4.2,0.0,0.0
3182781,2984,NOSTRAND AVENUE,11229,315,Brooklyn,40,0,40,6,6.7,0.0,0.0
3182783,2990,NOSTRAND AVENUE,11229,315,Brooklyn,13,2,15,5,3.0,0.0,0.0
3182961,1739,EAST 14 STREET,11229,315,Brooklyn,13,0,13,4,3.3,0.0,0.0
3183024,1723,EAST   15 STREET,11229,315,Brooklyn,37,0,37,12,3.1,0.0,0.0
3183027,1711,EAST 15 STREET,11229,315,Brooklyn,49,2,51,12,4.3,0.0,0.0
3183833,1112,AVENUE R,11223,315,Brooklyn,34,1,35,4,8.8,0.0,0.0
3183871,2181,CONEY ISLAND AVENUE,11223,315,Brooklyn,43,0,43,4,10.8,0.0,0.0
3183884,2147,CONEY ISLAND AVENUE,11223,315,Brooklyn,13,0,13,4,3.3,0.0,0.0
3185005,2353,81 STREET,11214,311,Brooklyn,27,0,27,6,4.5,0.0,0.0
3185111,2402,82 STREET,11214,311,Brooklyn,62,0,62,4,15.5,0.0,0.0
3185136,2310,  83 STREET,11214,311,Brooklyn,33,1,34,4,8.5,0.0,0.0
3185272,2459,85 STREET,11214,311,Brooklyn,30,4,34,3,11.3,0.0,0.0
3185391,2526,  85 STREET,11214,311,Brooklyn,26,0,26,4,6.5,0.0,0.0
3185411,8619,23 AVE,11214,311,Brooklyn,47,0,47,6,7.8,0.0,0.0
3185772,58,BAY   41 STREET,11214,311,Brooklyn,29,0,29,4,7.3,0.0,0.0
3187370,2805,CROPSEY AVENUE,11214,313,Brooklyn,10,2,12,3,4.0,0.0,0.0
3188451,2744,W 16 ST,11224,313,Brooklyn,35,0,35,8,4.4,0.0,0.0
3188504,2767,WEST 15 STREET,11224,313,Brooklyn,29,1,30,6,5.0,0.0,0.0
3188579,3748,LYME AVENUE,11224,313,Brooklyn,9,0,9,3,3.0,0.0,0.0
3188626,3915,HIGHLAND AVENUE,11224,313,Brooklyn,10,0,10,3,3.3,0.0,0.0
3188683,2802,WEST   36 STREET,11224,313,Brooklyn,75,0,75,6,12.5,0.0,0.0
3188686,2820,WEST 36 STREET,11224,313,Brooklyn,40,0,40,4,10.0,0.0,0.0
3188687,2822,WEST   36 STREET,11224,313,Brooklyn,24,0,24,4,6.0,0.0,0.0
3188688,2826,WEST   36 STREET,11224,313,Brooklyn,26,0,26,4,6.5,0.0,0.0
3188718,2820,WEST   35 STREET,11224,313,Brooklyn,23,0,23,5,4.6,0.0,0.0
3188722,2832,WEST   35 STREET,11224,313,Brooklyn,14,0,14,4,3.5,0.0,0.0
3188725,2842,WEST   35 STREET,11224,313,Brooklyn,176,0,176,4,44.0,0.0,0.0
3188869,2807,MERMAID AVENUE,11224,313,Brooklyn,27,0,27,4,6.8,0.0,0.0
3189039,2846,WEST   17 STREET,11224,313,Brooklyn,35,0,35,4,8.8,0.0,0.0
3189068,1607,MERMAID AVENUE,11224,313,Brooklyn,20,4,24,3,8.0,0.0,0.0
3189127,2827,WEST   15 STREET,11224,313,Brooklyn,21,0,21,5,4.2,0.0,0.0
3189192,4807,SURF AVENUE,11224,313,Brooklyn,22,0,22,4,5.5,0.0,0.0
3189295,4035,ATLANTIC AVENUE,11224,313,Brooklyn,47,5,52,5,10.4,0.0,0.0
3189546,2126,MERMAID AVENUE,11224,313,Brooklyn,58,0,58,4,14.5,0.0,0.0
3189547,2124,MERMAID AVENUE,11224,313,Brooklyn,26,0,26,5,5.2,0.0,0.0
3189558,1904,MERMAID AVENUE,11224,313,Brooklyn,38,0,38,3,12.7,0.0,0.0
3189575,1718,MERMAID AVENUE,11224,313,Brooklyn,35,0,35,7,5.0,0.0,0.0
3189602,1412,MERMAID AVENUE,11224,313,Brooklyn,102,2,104,6,17.3,0.0,0.0
3189631,3024,WEST 23 STREET,11224,313,Brooklyn,56,0,56,10,5.6,0.0,0.0
3190174,169,AVENUE T,11223,311,Brooklyn,73,0,73,4,18.3,0.0,0.0
3190528,1942,EAST 8 STREET,11223,315,Brooklyn,59,0,59,6,9.8,0.0,0.0
3190539,1984,EAST 8 STREET,11223,315,Brooklyn,16,0,16,4,4.0,0.0,0.0
3191210,195,AVENUE U,11223,311,Brooklyn,18,0,18,4,4.5,0.0,0.0
3192125,2097,EAST    7 STREET,11223,315,Brooklyn,20,0,20,6,3.3,0.0,0.0
3192620,2151,WEST    5 STREET,11223,315,Brooklyn,13,0,13,3,4.3,0.0,0.0
3192671,320,AVENUE U,11223,315,Brooklyn,9,0,9,3,3.0,0.0,0.0
3192767,2143,WEST STREET,11223,315,Brooklyn,20,0,20,4,5.0,0.0,0.0
3192817,2115,EAST 1 STREET,11223,315,Brooklyn,173,0,173,3,57.7,0.0,0.0
3192866,420,AVENUE U,11223,315,Brooklyn,12,0,12,4,3.0,0.0,0.0
3193094,2102,EAST 8 STREET,11223,315,Brooklyn,29,2,31,4,7.8,0.0,0.0
3193186,902,AVENUE U,11223,315,Brooklyn,73,0,73,4,18.3,0.0,0.0
3193994,2280,EAST 7 STREET,11223,315,Brooklyn,48,0,48,6,8.0,0.0,0.0
3194499,314,AVENUE W,11223,315,Brooklyn,9,0,9,3,3.0,0.0,0.0
3194557,2314,EAST 1 STREET,11223,315,Brooklyn,11,0,11,3,3.7,0.0,0.0
3194728,2411,EAST 3 STREET,11223,315,Brooklyn,148,0,148,70,2.1,0.0,0.0
3194770,14,BOULEVARD COURT,11223,315,Brooklyn,13,0,13,3,4.3,0.0,0.0
3195081,2412,WEST 1 STREET,11223,315,Brooklyn,49,1,50,7,7.1,0.0,0.0
3195205,388,AVENUE X,11223,315,Brooklyn,174,1,175,73,2.4,0.0,0.0
3195252,410,AVENUE X,11223,315,Brooklyn,98,2,100,45,2.2,0.0,0.0
3195357,444,AVENUE X,11223,315,Brooklyn,106,1,107,50,2.1,0.0,0.0
3195863,510,AVENUE Y,11223,313,Brooklyn,23,0,23,3,7.7,0.0,0.0
3196384,277,NEPTUNE AVENUE,11235,313,Brooklyn,51,0,51,5,10.2,0.0,0.0
3196387,283,NEPTUNE AVENUE,11235,313,Brooklyn,210,0,210,5,42.0,0.0,0.0
3196431,225,NEPTUNE AVENUE,11235,313,Brooklyn,29,0,29,5,5.8,0.0,0.0
3196511,193,NEPTUNE AVENUE,11235,313,Brooklyn,21,0,21,5,4.2,0.0,0.0
3196529,717,BRIGHTON    8 COURT,11235,313,Brooklyn,68,1,69,3,23.0,0.0,0.0
3196537,714,BANNER AVENUE,11235,313,Brooklyn,32,0,32,4,8.0,0.0,0.0
3197902,2355,CONEY ISLAND AVENUE,11223,315,Brooklyn,16,1,17,4,4.3,0.0,0.0
3198180,2061,EAST 16 STREET,11229,315,Brooklyn,112,0,112,46,2.4,0.0,0.0
3198712,2079,EAST 26 STREET,11229,315,Brooklyn,18,0,18,5,3.6,0.0,0.0
3199498,2132,EAST 14 STREET,11229,315,Brooklyn,10,0,10,3,3.3,0.0,0.0
3199694,2101,EAST 18 STREET,11229,315,Brooklyn,26,1,27,4,6.8,0.0,0.0
3199831,2583,OCEAN AVENUE,11229,315,Brooklyn,33,0,33,4,8.3,0.0,0.0
3200861,1714,AVENUE V,11229,315,Brooklyn,77,0,77,6,12.8,0.0,0.0
3204413,2909,OCEAN AVENUE,11235,315,Brooklyn,111,4,115,55,2.1,0.0,0.0
3204985,1721,VOORHIES AVENUE,11235,315,Brooklyn,21,0,21,6,3.5,0.0,0.0
3205707,1287,OCEAN AVENUE,11230,314,Brooklyn,102,1,103,48,2.1,0.0,0.0
3205715,2004,GLENWOOD ROAD,11210,314,Brooklyn,179,0,179,23,7.8,0.0,0.0
3205858,1490,FLATBUSH AVENUE,11210,314,Brooklyn,25,0,25,4,6.3,0.0,0.0
3206027,3413,AVENUE H,11210,317,Brooklyn,129,0,129,64,2.0,0.0,0.0
3206171,1003,EAST   37 STREET,11210,317,Brooklyn,28,0,28,3,9.3,0.0,0.0
3207263,1791,NEW YORK AVENUE,11210,318,Brooklyn,55,0,55,15,3.7,0.0,0.0
3207351,1075,EAST   35 STREET,11210,318,Brooklyn,110,0,110,16,6.9,0.0,0.0
3207878,2458,NOSTRAND AVENUE,11210,314,Brooklyn,165,0,165,5,33.0,0.0,0.0
3207887,2389,NOSTRAND AVENUE,11210,318,Brooklyn,109,0,109,24,4.5,0.0,0.0
3208200,1155,EAST 35 STREET,11210,318,Brooklyn,164,4,168,38,4.4,0.0,0.0
3208648,3000,AVENUE K,11210,318,Brooklyn,17,2,19,4,4.8,0.0,0.0
3208652,3008,AVENUE K,11210,318,Brooklyn,30,0,30,5,6.0,0.0,0.0
3210501,1479,EAST 34 STREET,11234,318,Brooklyn,25,0,25,4,6.3,0.0,0.0
3210512,3418,KINGS HIGHWAY,11234,318,Brooklyn,11,0,11,3,3.7,0.0,0.0
3211623,1544,EAST   34 STREET,11234,318,Brooklyn,10,0,10,3,3.3,0.0,0.0
3211948,3801,AVENUE P,11234,318,Brooklyn,25,0,25,3,8.3,0.0,0.0
3216841,1115,EAST   58 STREET,11234,318,Brooklyn,20,0,20,3,6.7,0.0,0.0
3217542,1495,EAST   46 STREET,11234,318,Brooklyn,142,13,155,8,19.4,0.0,0.0
3219247,3842,FLATLANDS AVENUE,11234,318,Brooklyn,10,1,11,3,3.7,0.0,0.0
3219565,2086,FLATBUSH AVENUE,11234,318,Brooklyn,17,5,22,3,7.3,0.0,0.0
3219951,5019,AVENUE N,11234,318,Brooklyn,29,0,29,3,9.7,0.0,0.0
3220086,1552,EAST   53 STREET,11234,318,Brooklyn,23,0,23,3,7.7,0.0,0.0
3220999,1787,EAST   51 STREET,11234,318,Brooklyn,75,0,75,3,25.0,0.0,0.0
3222110,748,EAST   53 STREET,11203,317,Brooklyn,96,0,96,3,32.0,0.0,0.0
3224089,644,EAST   89 STREET,11236,318,Brooklyn,66,1,67,4,16.8,0.0,0.0
3224132,1106,REMSEN AVENUE,11236,318,Brooklyn,185,1,186,17,10.9,0.0,0.0
3224502,8410,GLENWOOD ROAD,11236,318,Brooklyn,73,0,73,3,24.3,0.0,0.0
3224552,736,EAST   86 STREET,11236,318,Brooklyn,17,0,17,3,5.7,0.0,0.0
3224602,740,EAST   88 STREET,11236,318,Brooklyn,9,1,10,3,3.3,0.0,0.0
3225584,8111,AVENUE K,11236,318,Brooklyn,0,9,9,3,3.0,0.0,0.0
3228176,720,EAST 91 STREET,11236,317,Brooklyn,57,1,58,3,19.3,0.0,0.0
3228202,9122,AVENUE B,11236,317,Brooklyn,25,0,25,3,8.3,0.0,0.0
3228529,934,EAST 92 STREET,11236,318,Brooklyn,31,0,31,4,7.8,0.0,0.0
3228530,936,EAST 92 STREET,11236,318,Brooklyn,32,6,38,4,9.5,0.0,0.0
3228689,888,EAST 96 STREET,11236,318,Brooklyn,148,5,153,32,4.8,0.0,0.0
3228697,903,EAST 95 STREET,11236,318,Brooklyn,75,1,76,3,25.3,0.0,0.0
3231607,1396,EAST 92 STREET,11236,318,Brooklyn,101,0,101,3,33.7,0.0,0.0
3233305,10801,SEAVIEW AVENUE,11236,318,Brooklyn,24,1,25,5,5.0,0.0,0.0
3244850,3039,BRIGHTON 4 STREET,11235,313,Brooklyn,119,3,122,8,15.3,0.0,0.0
3244879,3029,BRIGHTON    5 STREET,11235,313,Brooklyn,9,0,9,3,3.0,0.0,0.0
3245306,3119,CONEY ISLAND AVENUE,11235,313,Brooklyn,17,0,17,3,5.7,0.0,0.0
3245309,1014,OCEAN VIEW AVENUE,11235,313,Brooklyn,15,0,15,4,3.8,0.0,0.0
3245425,105,BRIGHTON 11 STREET,11235,313,Brooklyn,227,6,233,6,38.8,0.0,0.0
3246962,2766,EAST   16 STREET,11235,315,Brooklyn,30,0,30,6,5.0,0.0,0.0
3247010,3348,SHORE PARKWAY,11235,315,Brooklyn,8,1,9,3,3.0,0.0,0.0
3247910,2826,BRAGG STREET,11235,315,Brooklyn,9,0,9,3,3.0,0.0,0.0
3247936,3191,EMMONS AVENUE,11235,315,Brooklyn,79,1,80,36,2.2,0.0,0.0
3251312,103,MALCOLM X BOULEVARD,11221,303,Brooklyn,0,10,10,3,3.3,0.0,0.0
3251794,99,GRATTAN STREET,11237,301,Brooklyn,23,0,23,6,3.8,0.0,0.0
3252595,409,NEW JERSEY AVENUE,11207,305,Brooklyn,16,0,16,3,5.3,0.0,0.0
3252596,407,NEW JERSEY AVENUE,11207,305,Brooklyn,16,0,16,3,5.3,0.0,0.0
3252666,542,WILLIAMS AVENUE,11207,305,Brooklyn,31,0,31,6,5.2,0.0,0.0
3252785,293,SCHENCK AVENUE,11207,305,Brooklyn,14,0,14,3,4.7,0.0,0.0
3255180,119,QUINCY STREET,11216,303,Brooklyn,20,1,21,4,5.3,0.0,0.0
3256325,130,NORTH    3 STREET,11249,301,Brooklyn,43,0,43,3,14.3,0.0,0.0
3256647,644,NEW YORK AVENUE,11203,309,Brooklyn,9,0,9,3,3.0,0.0,0.0
3258893,646,NEW YORK AVENUE,11203,309,Brooklyn,42,0,42,3,14.0,0.0,0.0
3258936,945,  59 STREET,11219,312,Brooklyn,23,0,23,4,5.8,0.0,0.0
3259312,762,CLASSON AVENUE,11238,308,Brooklyn,31,0,31,7,4.4,0.0,0.0
3259370,5,PULASKI STREET,11206,303,Brooklyn,18,0,18,3,6.0,0.0,0.0
3259442,159,MILTON STREET,11222,301,Brooklyn,38,0,38,8,4.8,0.0,0.0
3259609,1186,NOSTRAND AVENUE,11225,309,Brooklyn,38,0,38,3,12.7,0.0,0.0
3259664,53,HART STREET,11206,303,Brooklyn,29,0,29,7,4.1,0.0,0.0
3319508,65,SOUTH    9 STREET,11249,301,Brooklyn,13,0,13,3,4.3,0.0,0.0
3319734,310,NEW LOTS AVENUE,11207,305,Brooklyn,9,0,9,3,3.0,0.0,0.0
3320721,8809,21 AV,11214,311,Brooklyn,28,0,28,3,9.3,0.0,0.0
3321187,2729,WEST   16 STREET,11224,313,Brooklyn,16,2,18,3,6.0,0.0,0.0
3321243,249,METROPOLITAN AVENUE,11211,301,Brooklyn,27,0,27,8,3.4,0.0,0.0
3321435,1035,MANHATTAN AVENUE,11222,301,Brooklyn,43,1,44,6,7.3,0.0,0.0
3321454,177,HURON STREET,11222,301,Brooklyn,89,1,90,6,15.0,0.0,0.0
3321505,917,MANHATTAN AVENUE,11222,301,Brooklyn,21,0,21,3,7.0,0.0,0.0
3321703,2879,WEST   17 STREET,11224,313,Brooklyn,30,0,30,4,7.5,0.0,0.0
3321834,2930,WEST   30 STREET,11224,313,Brooklyn,390,5,395,181,2.2,0.0,0.0
3322218,300,TOMPKINS AVENUE,11216,303,Brooklyn,30,1,31,7,4.4,0.0,0.0
3322225,477,GATES AVE,11216,303,Brooklyn,114,1,115,36,3.2,0.0,0.0
3322232,531,GATES AVENUE,11216,303,Brooklyn,14,0,14,4,3.5,0.0,0.0
3322233,529A,GATES AVENUE,11216,303,Brooklyn,47,0,47,4,11.8,0.0,0.0
3322521,368,  87 STREET,11209,310,Brooklyn,113,0,113,16,7.1,0.0,0.0
3322522,364,87 ST,11209,310,Brooklyn,69,0,69,16,4.3,0.0,0.0
3323164,1799,NOSTRAND AVENUE,11226,317,Brooklyn,108,0,108,5,21.6,0.0,0.0
3323680,99,HERKIMER STREET,11216,303,Brooklyn,96,0,96,15,6.4,0.0,0.0
3324211,98,ELLERY STREET,11206,303,Brooklyn,19,0,19,6,3.2,0.0,0.0
3324413,332,ST JOHNS PLACE,11238,308,Brooklyn,261,1,262,30,8.7,0.0,0.0
3324414,285,LINCOLN PLACE,11238,308,Brooklyn,123,0,123,29,4.2,0.0,0.0
3324491,5902,5 AVENUE,11220,307,Brooklyn,54,0,54,5,10.8,0.0,0.0
3324579,99,ALBANY AVENUE,11213,308,Brooklyn,12,0,12,4,3.0,0.0,0.0
3324649,1159,EASTERN PARKWAY,11213,308,Brooklyn,52,0,52,16,3.3,0.0,0.0
3324741,161,SOUTH    9 STREET,11211,301,Brooklyn,3,9,12,4,3.0,0.0,0.0
3324821,109,NORTH    7 STREET,11249,301,Brooklyn,52,0,52,8,6.5,0.0,0.0
3324843,216,NORTH    8 STREET,11211,301,Brooklyn,17,1,18,3,6.0,0.0,0.0
3324999,986,GREENE AVENUE,11221,303,Brooklyn,221,3,224,20,11.2,0.0,0.0
3325000,982,GREENE AVENUE,11221,303,Brooklyn,314,0,314,16,19.6,0.0,0.0
3325441,1054,WILLOUGHBY AVENUE,11221,304,Brooklyn,19,0,19,6,3.2,0.0,0.0
3325548,325,STOCKHOLM STREET,11237,304,Brooklyn,27,0,27,6,4.5,0.0,0.0
3325864,129,GRAHAM AVENUE,11206,301,Brooklyn,18,25,43,6,7.2,0.0,0.0
3326008,255,BERGEN STREET,11217,302,Brooklyn,55,2,57,16,3.6,0.0,0.0
3326104,14,JUDGE ST,11211,301,Brooklyn,41,0,41,7,5.9,0.0,0.0
3326365,1573,BUSHWICK AVENUE,11207,304,Brooklyn,89,3,92,6,15.3,0.0,0.0
3327301,2915,CLARENDON ROAD,11226,317,Brooklyn,153,1,154,4,38.5,0.0,0.0
3327303,1167,FLATBUSH AVE,11226,314,Brooklyn,42,0,42,12,3.5,0.0,0.0
3327323,1310,FLATBUSH AVENUE,11210,314,Brooklyn,12,0,12,4,3.0,0.0,0.0
3327327,1204,OCEAN AVENUE,11230,314,Brooklyn,129,1,130,22,5.9,0.0,0.0
3327328,1192,OCEAN AVENUE,11230,314,Brooklyn,216,0,216,20,10.8,0.0,0.0
3327329,1198,OCEAN AVENUE,11230,314,Brooklyn,69,0,69,16,4.3,0.0,0.0
3327450,5709,  13 AVENUE,11219,312,Brooklyn,9,0,9,3,3.0,0.0,0.0
3327728,5510,13TH   AVE,11219,312,Brooklyn,97,2,99,19,5.2,0.0,0.0
3327803,652,BROOKLYN AVENUE,11203,309,Brooklyn,59,0,59,15,3.9,0.0,0.0
3327812,1476,CONEY ISLAND AVENUE,11230,312,Brooklyn,34,0,34,5,6.8,0.0,0.0
3327826,2630,ATLANTIC AVE,11207,305,Brooklyn,19,1,20,4,5.0,0.0,0.0
3327845,316,DEVOE STREET,11211,301,Brooklyn,13,3,16,4,4.0,0.0,0.0
3327894,268,UNION AVENUE,11211,301,Brooklyn,39,0,39,8,4.9,0.0,0.0
3327943,182,GRAHAM AVENUE,11206,301,Brooklyn,52,64,116,4,29.0,0.0,0.0
3327990,791,FLUSHING AVENUE,11206,301,Brooklyn,88,2,90,6,15.0,0.0,0.0
3328084,171,TROUTMAN STREET,11206,304,Brooklyn,13,0,13,3,4.3,0.0,0.0
3328288,1265,ROGERS AVENUE,11226,317,Brooklyn,16,0,16,3,5.3,0.0,0.0
3328472,105,  16 STREET,11215,307,Brooklyn,22,0,22,3,7.3,0.0,0.0
3329533,420,JEFFERSON AVENUE,11221,303,Brooklyn,13,0,13,4,3.3,0.0,0.0
3330879,105,   4 AVENUE,11217,306,Brooklyn,37,1,38,8,4.8,0.0,0.0
3331283,285,EASTERN PARKWAY,11238,308,Brooklyn,71,0,71,17,4.2,0.0,0.0
3331716,371,VAN SICLEN AVENUE,11207,305,Brooklyn,57,4,61,8,7.6,0.0,0.0
3331870,1035,RUTLAND ROAD,11212,317,Brooklyn,49,2,51,4,12.8,0.0,0.0
3331969,558,VERMONT STREET,11207,305,Brooklyn,18,0,18,4,4.5,0.0,0.0
3335584,531,KOSCIUSKO STREET,11221,303,Brooklyn,11,0,11,3,3.7,0.0,0.0
3335972,297,BROADWAY,11211,301,Brooklyn,12,1,13,4,3.3,0.0,0.0
3336214,800,ROGERS AVENUE,11226,317,Brooklyn,51,0,51,3,17.0,0.0,0.0
3336220,851,ROGERS AVENUE,11226,317,Brooklyn,23,2,25,5,5.0,0.0,0.0
3336547,2980,WEST 28 STREET,11224,313,Brooklyn,435,4,439,132,3.3,0.0,0.0
3336657,1080,MANHATTAN AVENUE,11222,301,Brooklyn,13,0,13,4,3.3,0.0,0.0
3337226,476,47TH STREET,11220,307,Brooklyn,37,0,37,5,7.4,0.0,0.0
3337249,5101,   5 AVENUE,11220,307,Brooklyn,65,2,67,4,16.8,0.0,0.0
3337895,2339,PACIFIC STREET,11233,316,Brooklyn,177,0,177,22,8.0,0.0,0.0
3337913,241,RALPH AVENUE,11233,303,Brooklyn,25,0,25,7,3.6,0.0,0.0
3338008,509,HANCOCK STREET,11233,303,Brooklyn,14,0,14,3,4.7,0.0,0.0
3338333,31,OLIVE STREET,11211,301,Brooklyn,25,0,25,3,8.3,0.0,0.0
3338457,159,SUYDAM STREET,11221,304,Brooklyn,31,3,34,7,4.9,0.0,0.0
3338542,666,FLUSHING AVENUE,11206,303,Brooklyn,26,1,27,4,6.8,0.0,0.0
3338652,210,KOSCIUSZKO STREET,11216,303,Brooklyn,110,0,110,51,2.2,0.0,0.0
3338694,1159,BEDFORD AVENUE,11216,303,Brooklyn,20,0,20,3,6.7,0.0,0.0
3339139,538,EAST   86 STREET,11236,318,Brooklyn,10,1,11,3,3.7,0.0,0.0
3339384,79,EAST   18 STREET,11226,314,Brooklyn,37,0,37,6,6.2,0.0,0.0
3339593,1442,EAST   12 STREET,11230,314,Brooklyn,11,1,12,3,4.0,0.0,0.0
3339728,1236,EAST   82 STREET,11236,318,Brooklyn,14,0,14,4,3.5,0.0,0.0
3340280,678,LAFAYETTE AVENUE,11216,303,Brooklyn,0,16,16,3,5.3,0.0,0.0
3340323,1005,EAST   86 STREET,11236,318,Brooklyn,8,1,9,3,3.0,0.0,0.0
3340324,1003,EAST   86 STREET,11236,318,Brooklyn,19,0,19,3,6.3,0.0,0.0
3340331,557,EAST   87 STREET,11236,318,Brooklyn,19,1,20,4,5.0,0.0,0.0
3340422,901,EAST   76 STREET,11236,318,Brooklyn,24,0,24,6,4.0,0.0,0.0
3340424,911,EAST   76 STREET,11236,318,Brooklyn,28,0,28,6,4.7,0.0,0.0
3340425,919,EAST   76 STREET,11236,318,Brooklyn,32,1,33,6,5.5,0.0,0.0
3340630,73,TEHAMA STREET,11218,312,Brooklyn,18,0,18,3,6.0,0.0,0.0
3341351,325,SUMPTER STREET,11233,316,Brooklyn,36,1,37,6,6.2,0.0,0.0
3341494,8602,AVENUE L,11236,318,Brooklyn,35,0,35,4,8.8,0.0,0.0
3341661,636,  11 STREET,11215,306,Brooklyn,19,0,19,3,6.3,0.0,0.0
3341877,440,  49 STREET,11220,307,Brooklyn,26,0,26,8,3.3,0.0,0.0
3341946,50,VERNON AVENUE,11206,303,Brooklyn,0,9,9,3,3.0,0.0,0.0
3341990,272,DIVISION AVENUE,11211,301,Brooklyn,62,0,62,8,7.8,0.0,0.0
3342269,120,GROVE STREET,11221,304,Brooklyn,158,0,158,16,9.9,0.0,0.0
3342410,290,SUMPTER STREET,11233,316,Brooklyn,10,0,10,3,3.3,0.0,0.0
3342448,166,SUMPTER STREET,11233,303,Brooklyn,31,2,33,6,5.5,0.0,0.0
3342525,464,ALABAMA AVENUE,11207,305,Brooklyn,24,0,24,8,3.0,0.0,0.0
3342588,1105,MADISON STREET,11221,304,Brooklyn,139,0,139,18,7.7,0.0,0.0
3342860,65,DOSCHER STREET,11208,305,Brooklyn,12,0,12,3,4.0,0.0,0.0
3342861,67,DOSCHER STREET,11208,305,Brooklyn,17,0,17,3,5.7,0.0,0.0
3342873,442,EUCLID AVENUE,11208,305,Brooklyn,14,0,14,3,4.7,0.0,0.0
3343249,750,ELDERT LANE,11208,305,Brooklyn,17,0,17,5,3.4,0.0,0.0
3343250,762,ELDERT LANE,11208,305,Brooklyn,1650,29,1679,294,5.7,0.0,0.0
3343252,800,ELDERT LANE,11208,305,Brooklyn,1334,0,1334,294,4.5,0.0,0.0
3343253,780,ELDERT LANE,11208,305,Brooklyn,1393,18,1411,300,4.7,0.0,0.0
3343255,725,LINCOLN AVENUE,11208,305,Brooklyn,19,0,19,5,3.8,0.0,0.0
3343256,735,LINCOLN AVENUE,11208,305,Brooklyn,895,17,912,294,3.1,0.0,0.0
3343257,745,LINCOLN AVENUE,11208,305,Brooklyn,39,1,40,5,8.0,0.0,0.0
3343258,755,LINCOLN AVENUE,11208,305,Brooklyn,30,0,30,6,5.0,0.0,0.0
3343260,765,LINCOLN AVENUE,11208,305,Brooklyn,1957,17,1974,294,6.7,0.0,0.0
3343475,168,WEIRFIELD STREET,11221,304,Brooklyn,15,0,15,4,3.8,0.0,0.0
3344031,221,LINDEN BOULEVARD,11226,317,Brooklyn,238,9,247,72,3.4,0.0,0.0
3344586,1499,EAST   46 STREET,11234,318,Brooklyn,111,3,114,8,14.3,0.0,0.0
3345064,336,  64 STREET,11220,310,Brooklyn,14,1,15,4,3.8,0.0,0.0
3345357,422,CHESTER STREET,11212,316,Brooklyn,8,1,9,3,3.0,0.0,0.0
3345511,1095,EAST   72 STREET,11234,318,Brooklyn,10,0,10,3,3.3,0.0,0.0
3345517,1079,EAST   72 STREET,11234,318,Brooklyn,27,0,27,4,6.8,0.0,0.0
3345536,121,QUINCY STREET,11216,303,Brooklyn,36,0,36,10,3.6,0.0,0.0
3345555,730,EAST  103 STREET,11236,318,Brooklyn,32,0,32,4,8.0,0.0,0.0
3345680,2112,CORTELYOU ROAD,11226,314,Brooklyn,15,0,15,4,3.8,0.0,0.0
3346384,446,OCEAN AVENUE,11226,314,Brooklyn,81,0,81,17,4.8,0.0,0.0
3346866,65,EAST   92 STREET,11212,317,Brooklyn,212,2,214,34,6.3,0.0,0.0
3346868,80,EAST   93 STREET,11212,317,Brooklyn,243,3,246,102,2.4,0.0,0.0
3347120,406,EAST   21 STREET,11226,314,Brooklyn,11,0,11,3,3.7,0.0,0.0
3347132,244,SUMPTER STREET,11233,316,Brooklyn,19,0,19,6,3.2,0.0,0.0
3347547,575,GRAND AVENUE,11238,308,Brooklyn,38,0,38,3,12.7,0.0,0.0
3347548,579,GRAND AVENUE,11238,308,Brooklyn,19,0,19,3,6.3,0.0,0.0
3347674,405,ST MARKS AVENUE,11238,308,Brooklyn,10,0,10,3,3.3,0.0,0.0
3348053,329,  18 STREET,11215,307,Brooklyn,34,2,36,6,6.0,0.0,0.0
3348296,236,PULASKI STREET,11206,303,Brooklyn,80,0,80,8,10.0,0.0,0.0
3348366,40,CHRISTOPHER AVENUE,11212,316,Brooklyn,182,1,183,4,45.8,0.0,0.0
3348534,581,GRAND AVENUE,11238,308,Brooklyn,15,0,15,3,5.0,0.0,0.0
3348536,585,GRAND AVENUE,11238,308,Brooklyn,45,0,45,3,15.0,0.0,0.0
3348537,587,GRAND AVENUE,11238,308,Brooklyn,46,0,46,3,15.3,0.0,0.0
3348538,591,GRAND AVENUE,11238,308,Brooklyn,31,0,31,6,5.2,0.0,0.0
3348539,593,GRAND AVENUE,11238,308,Brooklyn,27,0,27,3,9.0,0.0,0.0
3348679,463,BELMONT AVENUE,11207,305,Brooklyn,12,0,12,3,4.0,0.0,0.0
3348808,156,COZINE AVENUE,11207,305,Brooklyn,25,0,25,4,6.3,0.0,0.0
3349066,3410,GLENWOOD ROAD,11210,317,Brooklyn,11,0,11,3,3.7,0.0,0.0
3350169,325,SHEPHERD AVENUE,11208,305,Brooklyn,76,0,76,3,25.3,0.0,0.0
3378134,739,DE KALB AVENUE,11216,303,Brooklyn,35,4,39,8,4.9,0.0,0.0
3378205,1214,EAST   54 STREET,11234,318,Brooklyn,31,0,31,3,10.3,0.0,0.0
3378301,1520,PACIFIC STREET,11213,308,Brooklyn,9,0,9,3,3.0,0.0,0.0
3378382,377,SARATOGA AVENUE,11233,316,Brooklyn,20,0,20,3,6.7,0.0,0.0
3378488,1975,PACIFIC STREET,11233,308,Brooklyn,9,0,9,3,3.0,0.0,0.0
3379434,972,MONTGOMERY STREET,11213,309,Brooklyn,17,0,17,4,4.3,0.0,0.0
3384526,1570,WEST   10 STREET,11204,311,Brooklyn,26,1,27,9,3.0,0.0,0.0
3387609,81,VANDERVEER STREET,11207,304,Brooklyn,43,0,43,3,14.3,0.0,0.0
3387693,175A,CHAUNCEY STREET,11233,303,Brooklyn,11,0,11,3,3.7,0.0,0.0
3388039,774,HERKIMER STREET,11233,303,Brooklyn,133,3,136,3,45.3,0.0,0.0
3388174,972,GATES AVENUE,11221,303,Brooklyn,14,0,14,3,4.7,0.0,0.0
3388205,713,JEROME STREET,11207,305,Brooklyn,21,0,21,3,7.0,0.0,0.0
3388271,127,BLAKE AVENUE,11212,316,Brooklyn,60,1,61,4,15.3,0.0,0.0
3388274,580,NEW JERSEY AVENUE,11207,305,Brooklyn,104,0,104,3,34.7,0.0,0.0
3388276,639,LIVONIA AVENUE,11207,305,Brooklyn,32,0,32,3,10.7,0.0,0.0
3388363,943,HERKIMER STREET,11233,303,Brooklyn,23,0,23,3,7.7,0.0,0.0
3388416,870,KNICKERBOCKER AVENUE,11207,304,Brooklyn,36,1,37,3,12.3,0.0,0.0
3388427,848,BELMONT AVENUE,11208,305,Brooklyn,9,0,9,3,3.0,0.0,0.0
3388429,852,BELMONT AVENUE,11208,305,Brooklyn,9,0,9,3,3.0,0.0,0.0
3388499,1551,DEAN STREET,11213,308,Brooklyn,21,0,21,3,7.0,0.0,0.0
3388520,906,MOTHER GASTON BOULEVARD,11212,316,Brooklyn,10,0,10,3,3.3,0.0,0.0
3388630,306,HART STREET,11206,303,Brooklyn,11,0,11,3,3.7,0.0,0.0
3388822,1568A,PROSPECT PLACE,11233,308,Brooklyn,26,0,26,3,8.7,0.0,0.0
3388827,1568,PROSPECT PLACE,11233,308,Brooklyn,10,0,10,3,3.3,0.0,0.0
3388913,655,CENTRAL AVENUE,11207,304,Brooklyn,29,0,29,3,9.7,0.0,0.0
3388926,586,LIBERTY AVENUE,11207,305,Brooklyn,69,0,69,3,23.0,0.0,0.0
3388972,662,NEW YORK AVENUE,11203,309,Brooklyn,47,1,48,3,16.0,0.0,0.0
3389001,554,  60 STREET,11220,307,Brooklyn,15,0,15,4,3.8,0.0,0.0
3389104,14,RADDE PLACE,11233,316,Brooklyn,22,0,22,3,7.3,0.0,0.0
3389159,2016,STRAUSS STREET,11212,316,Brooklyn,9,0,9,3,3.0,0.0,0.0
3389191,705,FOUNTAIN AVENUE,11208,305,Brooklyn,16,0,16,3,5.3,0.0,0.0
3389204,459,EAST   38 STREET,11203,317,Brooklyn,10,0,10,3,3.3,0.0,0.0
3389252,1770,DEAN STREET,11233,308,Brooklyn,33,0,33,3,11.0,0.0,0.0
3389300,716,NEW LOTS AVENUE,11207,305,Brooklyn,17,0,17,3,5.7,0.0,0.0
3389320,422,AMBER STREET,11208,305,Brooklyn,10,0,10,3,3.3,0.0,0.0
3389331,627,EMERALD STREET,11208,305,Brooklyn,12,0,12,3,4.0,0.0,0.0
3389401,273,HULL STREET,11233,316,Brooklyn,21,0,21,3,7.0,0.0,0.0
3389422,816,DUMONT AVENUE,11207,305,Brooklyn,61,0,61,3,20.3,0.0,0.0
3389494,2135,STRAUSS STREET,11212,316,Brooklyn,8,1,9,3,3.0,0.0,0.0
3389495,108,LIVONIA AVENUE,11212,316,Brooklyn,20,0,20,3,6.7,0.0,0.0
3389499,334,HERZL STREET,11212,316,Brooklyn,13,0,13,3,4.3,0.0,0.0
3389514,264,ESSEX STREET,11208,305,Brooklyn,15,0,15,3,5.0,0.0,0.0
3389618,497,MAPLE STREET,11225,309,Brooklyn,29,0,29,3,9.7,0.0,0.0
3389629,2605,ALBERMARLE ROAD,11226,317,Brooklyn,68,0,68,3,22.7,0.0,0.0
3389633,2802,ALBEMARLE ROAD,11226,317,Brooklyn,40,0,40,3,13.3,0.0,0.0
3389635,75,EAST   28 STREET,11226,317,Brooklyn,13,0,13,3,4.3,0.0,0.0
3389877,1723,DEAN STREET,11213,308,Brooklyn,14,1,15,3,5.0,0.0,0.0
3389911,1507,PARK PLACE,11213,308,Brooklyn,50,0,50,3,16.7,0.0,0.0
3389914,1514,PARK PLACE,11213,308,Brooklyn,18,0,18,3,6.0,0.0,0.0
3389957,1658,PROSPECT PLACE,11233,316,Brooklyn,9,0,9,3,3.0,0.0,0.0
3389996,173,HULL STREET,11233,316,Brooklyn,44,0,44,3,14.7,0.0,0.0
3390013,329A,PULASKI STREET,11206,303,Brooklyn,9,0,9,3,3.0,0.0,0.0
3390026,978,DE KALB AVENUE,11221,303,Brooklyn,14,0,14,3,4.7,0.0,0.0
3390040,188,STUYVESANT AVENUE,11221,303,Brooklyn,9,0,9,3,3.0,0.0,0.0
3390045,907,GATES AVENUE,11221,303,Brooklyn,19,0,19,3,6.3,0.0,0.0
3390058,197,CHAUNCEY STREET,11233,303,Brooklyn,9,0,9,3,3.0,0.0,0.0
3390060,108,MARION STREET,11233,303,Brooklyn,122,0,122,3,40.7,0.0,0.0
3390067,1849,ATLANTIC AVENUE,11233,303,Brooklyn,38,0,38,8,4.8,0.0,0.0
3390069,18,KANE PLACE,11233,303,Brooklyn,26,0,26,3,8.7,0.0,0.0
3390090,173,HART STREET,11206,303,Brooklyn,12,0,12,3,4.0,0.0,0.0
3390112,213,KOSCIUSZKO STREET,11216,303,Brooklyn,11,0,11,3,3.7,0.0,0.0
3390195,397,HERKIMER STREET,11213,303,Brooklyn,9,0,9,3,3.0,0.0,0.0
3390270,71,SUYDAM STREET,11221,304,Brooklyn,9,1,10,3,3.3,0.0,0.0
3390275,556,HART STREET,11221,304,Brooklyn,13,0,13,3,4.3,0.0,0.0
3390319,136,WOODBINE STREET,11221,304,Brooklyn,21,0,21,3,7.0,0.0,0.0
3390372,125,ELDERT STREET,11207,304,Brooklyn,29,1,30,3,10.0,0.0,0.0
3390382,1117,DECATUR STREET,11207,304,Brooklyn,17,0,17,3,5.7,0.0,0.0
3390386,1072,DECATUR STREET,11207,304,Brooklyn,9,0,9,3,3.0,0.0,0.0
3390390,73,COOPER STREET,11207,304,Brooklyn,74,1,75,3,25.0,0.0,0.0
3390430,149,WATKINS STREET,11212,316,Brooklyn,15,0,15,3,5.0,0.0,0.0
3390437,131,WATKINS STREET,11212,316,Brooklyn,12,0,12,3,4.0,0.0,0.0
3390462,311,SHEFFIELD AVENUE,11207,305,Brooklyn,10,0,10,3,3.3,0.0,0.0
3390468,498,VERMONT STREET,11207,305,Brooklyn,12,0,12,3,4.0,0.0,0.0
3390474,542,HINSDALE STREET,11207,305,Brooklyn,45,4,49,3,16.3,0.0,0.0
3390500,2289,PITKIN AVENUE,11207,305,Brooklyn,42,0,42,3,14.0,0.0,0.0
3390509,339,ELTON STREET,11208,305,Brooklyn,17,0,17,3,5.7,0.0,0.0
3390602,1172,SUTTER AVENUE,11208,305,Brooklyn,32,0,32,3,10.7,0.0,0.0
3390686,507,MAPLE STREET,11225,309,Brooklyn,17,0,17,3,5.7,0.0,0.0
3390701,2405,ALBEMARLE ROAD,11226,317,Brooklyn,25,0,25,3,8.3,0.0,0.0
3390745,290,CONKLIN AVENUE,11236,318,Brooklyn,47,0,47,3,15.7,0.0,0.0
3390847,1358,EAST NEW YORK AVENUE,11212,316,Brooklyn,6,3,9,3,3.0,0.0,0.0
3390862,795,FOUNTAIN AVENUE,11208,305,Brooklyn,38,0,38,3,12.7,0.0,0.0
3390883,2517,SNYDER AVENUE,11226,317,Brooklyn,39,0,39,3,13.0,0.0,0.0
3391029,174,KOSCIUSZKO STREET,11216,303,Brooklyn,18,0,18,6,3.0,0.0,0.0
3391057,57,CHESTER STREET,11212,316,Brooklyn,14,0,14,3,4.7,0.0,0.0
3391306,12,COLUMBUS PLACE,11233,303,Brooklyn,22,1,23,3,7.7,0.0,0.0
3391329,227 A,MALCOLM X BOULEVARD,11221,303,Brooklyn,11,3,14,3,4.7,0.0,0.0
3391363,365,ESSEX STREET,11208,305,Brooklyn,12,1,13,3,4.3,0.0,0.0
3391442,916,HOPKINSON AVENUE,11212,316,Brooklyn,45,0,45,3,15.0,0.0,0.0
3391612,1395,SUTTER AVENUE,11208,305,Brooklyn,9,0,9,3,3.0,0.0,0.0
3391633,694,LINCOLN AVENUE,11208,305,Brooklyn,15,0,15,3,5.0,0.0,0.0
3391665,559,BRADFORD STREET,11207,305,Brooklyn,18,0,18,3,6.0,0.0,0.0
3391666,557,BRADFORD STREET,11207,305,Brooklyn,14,0,14,3,4.7,0.0,0.0
3391681,947,HOPKINSON AVENUE,11212,316,Brooklyn,21,0,21,3,7.0,0.0,0.0
3391690,283,POWELL STREET,11212,316,Brooklyn,11,0,11,3,3.7,0.0,0.0
3391704,356,LOGAN STREET,11208,305,Brooklyn,44,1,45,3,15.0,0.0,0.0
3391708,320,EAST   56 STREET,11203,317,Brooklyn,11,1,12,3,4.0,0.0,0.0
3391831,179,MONROE STREET,11216,303,Brooklyn,36,1,37,8,4.6,0.0,0.0
3391847,87,STOCKTON STREET,11206,303,Brooklyn,62,1,63,3,21.0,0.0,0.0
3391894,758,LIVONIA AVENUE,11207,305,Brooklyn,17,0,17,3,5.7,0.0,0.0
3391902,580,VAN SICLEN AVENUE,11207,305,Brooklyn,29,0,29,3,9.7,0.0,0.0
3392208,1048,CRESCENT STREET,11208,305,Brooklyn,9,0,9,3,3.0,0.0,0.0
3392631,147,MANHATTAN AVENUE,11206,301,Brooklyn,19,0,19,6,3.2,0.0,0.0
3392773,427,HERKIMER STREET,11213,303,Brooklyn,106,0,106,3,35.3,0.0,0.0
3392788,73,CONKLIN AVENUE,11236,318,Brooklyn,44,0,44,3,14.7,0.0,0.0
3392970,771,DREW STREET,11208,305,Brooklyn,125,0,125,3,41.7,0.0,0.0
3393226,1355,DECATUR STREET,11237,304,Brooklyn,15,2,17,3,5.7,0.0,0.0
3393268,323,HOPKINSON AVENUE,11233,316,Brooklyn,9,0,9,3,3.0,0.0,0.0
3393271,313,HOPKINSON AVENUE,11233,316,Brooklyn,27,0,27,3,9.0,0.0,0.0
3393277,1554,ST MARK'S AVENUE,11233,316,Brooklyn,16,0,16,3,5.3,0.0,0.0
3393313,2037,STRAUSS STREET,11212,316,Brooklyn,23,0,23,3,7.7,0.0,0.0
3393512,1687,ST JOHN'S PLACE,11233,316,Brooklyn,9,0,9,3,3.0,0.0,0.0
3393519,507,HOWARD AVENUE,11233,316,Brooklyn,21,0,21,3,7.0,0.0,0.0
3393735,10,PATCHEN AVENUE,11221,303,Brooklyn,123,0,123,50,2.5,0.0,0.0
3393782,19,EAST   51 STREET,11203,317,Brooklyn,28,0,28,3,9.3,0.0,0.0
3393929,20,STARR STREET,11221,304,Brooklyn,13,0,13,3,4.3,0.0,0.0
3393970,353,DE WITT AVENUE,11207,305,Brooklyn,9,0,9,3,3.0,0.0,0.0
3394113,152,BAY   11 STREET,11228,311,Brooklyn,13,0,13,3,4.3,0.0,0.0
3394235,794A,LOGAN STREET,11208,305,Brooklyn,14,0,14,3,4.7,0.0,0.0
3394396,177,BUFFALO AVENUE,11213,308,Brooklyn,10,0,10,3,3.3,0.0,0.0
3394975,9708,KINGS HIGHWAY,11212,317,Brooklyn,12,0,12,3,4.0,0.0,0.0
3396016,1357,DECATUR STREET,11237,304,Brooklyn,3,7,10,3,3.3,0.0,0.0
3396273,403,ST MARK'S AVENUE,11238,308,Brooklyn,12,0,12,3,4.0,0.0,0.0
3396274,409,ST MARK'S AVENUE,11238,308,Brooklyn,52,0,52,3,17.3,0.0,0.0
3396275,397,ST MARK'S AVENUE,11238,308,Brooklyn,24,0,24,3,8.0,0.0,0.0
3396276,401,ST MARK'S AVENUE,11238,308,Brooklyn,32,0,32,3,10.7,0.0,0.0
3396277,411,ST MARK'S AVENUE,11238,308,Brooklyn,64,0,64,3,21.3,0.0,0.0
3396300,637,ST MARK'S AVENUE,11216,308,Brooklyn,106,3,109,30,3.6,0.0,0.0
3396444,92,TROY AVENUE,11213,308,Brooklyn,22,1,23,3,7.7,0.0,0.0
3396783,174,SKILLMAN AVENUE,11211,301,Brooklyn,32,2,34,3,11.3,0.0,0.0
3397655,1997,OCEAN AVENUE,11230,314,Brooklyn,36,0,36,12,3.0,0.0,0.0
3397831,56,COURT STREET,11201,302,Brooklyn,37,2,39,11,3.5,0.0,0.0
3397925,209,EAST   55 STREET,11203,317,Brooklyn,174,7,181,5,36.2,0.0,0.0
3398127,766,HERKIMER STREET,11233,303,Brooklyn,62,0,62,3,20.7,0.0,0.0
3398130,237,SUMPTER STREET,11233,316,Brooklyn,28,0,28,4,7.0,0.0,0.0
3398258,396,LEFFERTS AVENUE,11225,309,Brooklyn,12,1,13,4,3.3,0.0,0.0
3398653,556,WATKINS STREET,11212,316,Brooklyn,29,0,29,8,3.6,0.0,0.0
3398657,211,LOTT AVENUE,11212,316,Brooklyn,63,0,63,8,7.9,0.0,0.0
3398658,219,LOTT AVENUE,11212,316,Brooklyn,26,0,26,8,3.3,0.0,0.0
3398659,547,OSBORN STREET,11212,316,Brooklyn,33,0,33,8,4.1,0.0,0.0
3399222,1593,PARK PLACE,11233,308,Brooklyn,26,0,26,4,6.5,0.0,0.0
3399513,183,CHAUNCEY STREET,11233,303,Brooklyn,49,0,49,3,16.3,0.0,0.0
3402323,695,ELDERT LANE,11208,305,Brooklyn,10,0,10,3,3.3,0.0,0.0
3402330,134,CRYSTAL STREET,11208,305,Brooklyn,15,0,15,3,5.0,0.0,0.0
3405301,1124,LORING AVENUE,11208,305,Brooklyn,11,0,11,3,3.7,0.0,0.0
3410381,2141,BRIGHAM STREET,11229,315,Brooklyn,9,0,9,3,3.0,0.0,0.0
3411039,215,LOTT AVENUE,11212,316,Brooklyn,26,1,27,8,3.4,0.0,0.0
3413707,1346,MYRTLE AVENUE,11221,304,Brooklyn,23,0,23,3,7.7,0.0,0.0
3418132,343,KNICKERBOCKER AVENUE,11237,304,Brooklyn,24,0,24,4,6.0,0.0,0.0
3418348,542,EAST   87 STREET,11236,318,Brooklyn,12,0,12,3,4.0,0.0,0.0
3418399,1660,BROADWAY,11207,316,Brooklyn,39,3,42,3,14.0,0.0,0.0
3421352,730,FLATBUSH AVENUE,11226,314,Brooklyn,108,1,109,6,18.2,0.0,0.0
3421640,487,GEORGIA AVENUE,11207,305,Brooklyn,218,2,220,84,2.6,0.0,0.0
3422218,315,JEROME STREET,11207,305,Brooklyn,12,0,12,3,4.0,0.0,0.0
3423160,509,EAST   56 STREET,11203,317,Brooklyn,43,9,52,3,17.3,0.0,0.0
3424877,187,JOHNSON AVENUE,11206,301,Brooklyn,46,0,46,8,5.8,0.0,0.0
3427041,682,ROCKAWAY AVENUE,11212,316,Brooklyn,19,0,19,6,3.2,0.0,0.0
3427153,795,FOUNTAIN AVENUE,11208,305,Brooklyn,38,0,38,3,12.7,0.0,0.0
3427282,1742,NOSTRAND AVENUE,11226,317,Brooklyn,31,2,33,4,8.3,0.0,0.0
3427283,1740,NOSTRAND AVENUE,11226,317,Brooklyn,116,1,117,4,29.3,0.0,0.0
3427284,1744,NOSTRAND AVENUE,11226,317,Brooklyn,84,0,84,4,21.0,0.0,0.0
3428515,668,SNEDIKER AVENUE,11207,305,Brooklyn,17,0,17,3,5.7,0.0,0.0
3429713,2077,NOSTRAND AVENUE,11210,317,Brooklyn,39,2,41,4,10.3,0.0,0.0
4000237,10-32,49 AVENUE,11101,402,Queens,49,7,56,6,9.3,0.0,0.0
4000490,11-21,47 ROAD,11101,402,Queens,241,0,241,6,40.2,0.0,0.0
4001196,48-04,SKILLMAN AVENUE,11104,402,Queens,87,0,87,4,21.8,0.0,0.0
4001249,41-15,46 STREET,11104,402,Queens,194,1,195,96,2.0,0.0,0.0
4001686,39-27,44 STREET,11104,402,Queens,16,0,16,3,5.3,0.0,0.0
4002200,50-68,43 STREET,11377,402,Queens,14,1,15,3,5.0,0.0,0.0
4002459,43-14,42 STREET,11104,402,Queens,66,0,66,6,11.0,0.0,0.0
4002479,43-23,40 STREET,11104,402,Queens,229,1,230,73,3.2,0.0,0.0
4002499,43-08,40 STREET,11104,402,Queens,280,0,280,71,3.9,0.0,0.0
4002529,45-31,41 STREET,11104,402,Queens,26,0,26,6,4.3,0.0,0.0
4002549,45-55,40 STREET,11104,402,Queens,36,0,36,6,6.0,0.0,0.0
4002605,45-34,40 STREET,11104,402,Queens,119,0,119,6,19.8,0.0,0.0
4002631,45-26,  39 PLACE,11104,402,Queens,30,0,30,10,3.0,0.0,0.0
4002772,47-01,  39 STREET,11104,402,Queens,126,4,130,56,2.3,0.0,0.0
4002959,50-14,41 STREET,11104,402,Queens,12,0,12,3,4.0,0.0,0.0
4003256,47-41,37 STREET,11101,402,Queens,31,0,31,3,10.3,0.0,0.0
4003575,53-24,35 STREET,11101,402,Queens,14,5,19,6,3.2,0.0,0.0
4003608,34-20,BRADLEY AVENUE,11101,402,Queens,12,0,12,4,3.0,0.0,0.0
4003853,34-19,9 STREET,11106,401,Queens,62,1,63,4,15.8,0.0,0.0
4004016,35-49,CRESCENT STREET,11106,401,Queens,37,0,37,6,6.2,0.0,0.0
4004340,36-01,VERNON BOULEVARD,11106,401,Queens,25,0,25,7,3.6,0.0,0.0
4004934,40-29,23 STREET,11101,401,Queens,203,2,205,8,25.6,0.0,0.0
4005530,11-44,WELLING COURT,11102,401,Queens,24,0,24,7,3.4,0.0,0.0
4005712,30-90,14 STREET,11102,401,Queens,66,0,66,17,3.9,0.0,0.0
4005856,31-25,14 STREET,11106,401,Queens,19,0,19,3,6.3,0.0,0.0
4005928,14-26,30 DRIVE,11102,401,Queens,75,0,75,5,15.0,0.0,0.0
4005937,14-46,30 DRIVE,11102,401,Queens,9,0,9,3,3.0,0.0,0.0
4005973,14-16,30 ROAD,11102,401,Queens,42,0,42,6,7.0,0.0,0.0
4006111,14-15,ASTORIA BOULEVARD,11102,401,Queens,11,0,11,3,3.7,0.0,0.0
4006216,23-35,29 AVENUE,11102,401,Queens,393,28,421,19,22.2,0.0,0.0
4006271,23-22,29 AVENUE,11102,401,Queens,27,1,28,6,4.7,0.0,0.0
4006372,21-22,31 AVENUE,11106,401,Queens,23,0,23,6,3.8,0.0,0.0
4006621,23-30,  31 ROAD,11106,401,Queens,165,0,165,20,8.3,0.0,0.0
4007210,33-14,29 STREET,11106,401,Queens,25,0,25,8,3.1,0.0,0.0
4007278,34-30,28 STREET,11106,401,Queens,43,0,43,6,7.2,0.0,0.0
4007355,34-02,  30 STREET,11106,401,Queens,106,2,108,45,2.4,0.0,0.0
4007628,30-42,30 STREET,11102,401,Queens,37,0,37,8,4.6,0.0,0.0
4007855,36-27,30 STREET,11106,401,Queens,21,7,28,6,4.7,0.0,0.0
4007874,36-30,31 STREET,11106,401,Queens,40,1,41,8,5.1,0.0,0.0
4007879,36-23,30 STREET,11106,401,Queens,25,0,25,6,4.2,0.0,0.0
4007978,35-23,30 STREET,11106,401,Queens,11,0,11,3,3.7,0.0,0.0
4008170,34-34,32 STREET,11106,401,Queens,57,2,59,4,14.8,0.0,0.0
4008196,32-20,34 AVENUE,11106,401,Queens,60,2,62,18,3.4,0.0,0.0
4008345,32-42,33 STREET,11106,401,Queens,125,1,126,60,2.1,0.0,0.0
4008443,31-24,33 STREET,11106,401,Queens,70,0,70,6,11.7,0.0,0.0
4008480,30-33,31 STREET,11102,401,Queens,9,0,9,3,3.0,0.0,0.0
4008490,30-16,32 STREET,11102,401,Queens,9,0,9,3,3.0,0.0,0.0
4008510,30-86,32 STREET,11102,401,Queens,153,0,153,40,3.8,0.0,0.0
4008708,25-18,33 STREET,11102,401,Queens,19,0,19,6,3.2,0.0,0.0
4008788,32-62,34 STREET,11106,401,Queens,22,0,22,5,4.4,0.0,0.0
4008969,31-02,35 STREET,11106,401,Queens,79,3,82,6,13.7,0.0,0.0
4009175,28-52,35 STREET,11103,401,Queens,65,0,65,6,10.8,0.0,0.0
4009353,25-29,34 STREET,11103,401,Queens,49,0,49,6,8.2,0.0,0.0
4009356,25-19,34 STREET,11103,401,Queens,21,0,21,6,3.5,0.0,0.0
4009463,25-92,36 STREET,11103,401,Queens,14,0,14,3,4.7,0.0,0.0
4009796,31-11,35 STREET,11106,401,Queens,18,0,18,6,3.0,0.0,0.0
4010122,25-70,37 STREET,11103,401,Queens,58,0,58,16,3.6,0.0,0.0
4010240,25-87,38 STREET,11103,401,Queens,8,6,14,3,4.7,0.0,0.0
4010283,25-44,STEINWAY STREET,11103,401,Queens,1,18,19,4,4.8,0.0,0.0
4010411,32-14,STEINWAY STREET,11103,401,Queens,11,1,12,4,3.0,0.0,0.0
4010750,28-07,38 STREET,11103,401,Queens,35,0,35,8,4.4,0.0,0.0
4010919,34-29,41 STREET,11101,401,Queens,19,0,19,6,3.2,0.0,0.0
4010968,34-09,42 STREET,11101,401,Queens,19,0,19,6,3.2,0.0,0.0
4011186,31-19,41 STREET,11103,401,Queens,15,0,15,4,3.8,0.0,0.0
4011936,30-24,43 STREET,11103,401,Queens,50,0,50,10,5.0,0.0,0.0
4012019,30-60,44 STREET,11103,401,Queens,69,4,73,6,12.2,0.0,0.0
4012033,43-04,30 AVENUE,11103,401,Queens,48,0,48,6,8.0,0.0,0.0
4012230,25-85,  43 STREET,11103,401,Queens,6,5,11,3,3.7,0.0,0.0
4012306,34-17,43 STREET,11101,401,Queens,26,1,27,6,4.5,0.0,0.0
4012330,34-01,44 STREET,11101,401,Queens,118,9,127,48,2.6,0.0,0.0
4012346,32-69,44 STREET,11103,401,Queens,20,0,20,4,5.0,0.0,0.0
4012396,32-64,  45 STREET,11103,401,Queens,19,0,19,5,3.8,0.0,0.0
4012599,30-87,44 STREET,11103,401,Queens,21,0,21,6,3.5,0.0,0.0
4013055,32-02,47 STREET,11103,401,Queens,128,7,135,63,2.1,0.0,0.0
4013138,32-28,48 STREET,11103,401,Queens,61,0,61,6,10.2,0.0,0.0
4013143,32-40,48 STREET,11103,401,Queens,25,2,27,6,4.5,0.0,0.0
4013626,32-43,48 STREET,11103,401,Queens,47,0,47,6,7.8,0.0,0.0
4013637,32-15,48 STREET,11103,401,Queens,24,0,24,6,4.0,0.0,0.0
4015391,22-36,41 STREET,11105,401,Queens,15,0,15,4,3.8,0.0,0.0
4015406,40-15,23 AVENUE,11105,401,Queens,25,4,29,3,9.7,0.0,0.0
4015564,41-20,20 AVENUE,11105,401,Queens,33,0,33,4,8.3,0.0,0.0
4015710,38-18,23 AVENUE,11105,401,Queens,70,0,70,17,4.1,0.0,0.0
4016087,20-20,STEINWAY STREET,11105,401,Queens,10,0,10,3,3.3,0.0,0.0
4016611,35-19,DITMARS BOULEVARD,11105,401,Queens,30,0,30,4,7.5,0.0,0.0
4017038,22-72,35 STREET,11105,401,Queens,64,0,64,6,10.7,0.0,0.0
4017216,23-81,32 STREET,11105,401,Queens,0,11,11,3,3.7,0.0,0.0
4017327,24-01,31 STREET,11102,401,Queens,20,1,21,7,3.0,0.0,0.0
4017935,24-49,27 STREET,11102,401,Queens,35,3,38,9,4.2,0.0,0.0
4018104,23-47,  26 STREET,11105,401,Queens,20,0,20,3,6.7,0.0,0.0
4018162,22-69,27 STREET,11105,401,Queens,42,0,42,6,7.0,0.0,0.0
4018755,25-18,23 AVENUE,11105,401,Queens,12,0,12,3,4.0,0.0,0.0
4020339,18-21,DITMARS BOULEVARD,11105,401,Queens,35,0,35,6,5.8,0.0,0.0
4020442,25-58,  18 STREET,11102,401,Queens,62,2,64,7,9.1,0.0,0.0
4020448,25-45,14 PLACE,11102,401,Queens,11,0,11,3,3.7,0.0,0.0
4020653,4-35,  27 AVENUE,11102,401,Queens,74,0,74,6,12.3,0.0,0.0
4023672,23-17,93 STREET,11369,403,Queens,29,0,29,3,9.7,0.0,0.0
4025822,80-01,32 AVENUE,11370,403,Queens,14,0,14,3,4.7,0.0,0.0
4026759,78-10,32 AVENUE,11370,403,Queens,19,0,19,3,6.3,0.0,0.0
4026866,80-02,32 AVENUE,11370,403,Queens,18,1,19,3,6.3,0.0,0.0
4027160,34-26,  62 STREET,11377,402,Queens,14,0,14,3,4.7,0.0,0.0
4027230,64-17,35 AVENUE,11377,402,Queens,26,0,26,3,8.7,0.0,0.0
4027360,34-11,58 STREET,11377,402,Queens,30,5,35,4,8.8,0.0,0.0
4027810,61-01,39 AVENUE,11377,402,Queens,174,0,174,81,2.1,0.0,0.0
4027985,37-64,  64 STREET,11377,402,Queens,31,0,31,6,5.2,0.0,0.0
4028222,39-23,56 STREET,11377,402,Queens,15,0,15,3,5.0,0.0,0.0
4028405,63-10,39 AVENUE,11377,402,Queens,16,0,16,4,4.0,0.0,0.0
4028428,53-31,SKILLMAN AVENUE,11377,402,Queens,20,0,20,6,3.3,0.0,0.0
4028465,40-08,57 STREET,11377,402,Queens,55,5,60,5,12.0,0.0,0.0
4028890,34-14,73 STREET,11372,403,Queens,9,0,9,3,3.0,0.0,0.0
4028911,34-57,72 STREET,11372,403,Queens,171,0,171,36,4.8,0.0,0.0
4028944,34-57,73 STREET,11372,403,Queens,149,3,152,55,2.8,0.0,0.0
4029505,71-11,  37 AVENUE,11372,403,Queens,139,3,142,53,2.7,0.0,0.0
4029506,71-05,37 AVENUE,11372,403,Queens,121,0,121,54,2.2,0.0,0.0
4029551,35-23,72 STREET,11372,403,Queens,25,1,26,6,4.3,0.0,0.0
4029558,35-60,74 STREET,11372,403,Queens,116,3,119,57,2.1,0.0,0.0
4029676,35-63,80 STREET,11372,403,Queens,514,2,516,88,5.9,0.0,0.0
4029761,37-02,72 STREET,11372,403,Queens,176,2,178,50,3.6,0.0,0.0
4029843,37-45,75 STREET,11372,403,Queens,35,0,35,4,8.8,0.0,0.0
4029858,37-36,76 STREET,11372,403,Queens,14,0,14,3,4.7,0.0,0.0
4029938,37-58,  79 STREET,11372,403,Queens,22,1,23,3,7.7,0.0,0.0
4029987,37-02,81 STREET,11372,403,Queens,114,0,114,39,2.9,0.0,0.0
4029989,37-30,81 STREET,11372,403,Queens,157,0,157,32,4.9,0.0,0.0
4030033,37-25,81 STREET,11372,403,Queens,370,0,370,59,6.3,0.0,0.0
4030206,39-11,65 PLACE,11377,402,Queens,23,0,23,6,3.8,0.0,0.0
4030423,40-10,  73 STREET,11377,404,Queens,9,0,9,3,3.0,0.0,0.0
4030627,41-31,71 STREET,11377,402,Queens,31,0,31,3,10.3,0.0,0.0
4030743,41-24,52 STREET,11377,402,Queens,20,0,20,6,3.3,0.0,0.0
4030773,41-31,52 STREET,11377,402,Queens,54,0,54,6,9.0,0.0,0.0
4030789,41-10,53 STREET,11377,402,Queens,32,0,32,6,5.3,0.0,0.0
4030796,41-26,53 STREET,11377,402,Queens,34,0,34,6,5.7,0.0,0.0
4030809,41-29,53 STREET,11377,402,Queens,57,0,57,6,9.5,0.0,0.0
4030826,41-18,54 STREET,11377,402,Queens,43,5,48,6,8.0,0.0,0.0
4031124,40-24,58 STREET,11377,402,Queens,0,9,9,3,3.0,0.0,0.0
4031383,58-44,43 AVENUE,11377,402,Queens,35,0,35,6,5.8,0.0,0.0
4032703,25-56,98 STREET,11369,403,Queens,17,0,17,3,5.7,0.0,0.0
4032886,94-20,ASTORIA BOULEVARD,11369,403,Queens,162,0,162,38,4.3,0.0,0.0
4032967,26-39,96 STREET,11369,403,Queens,21,1,22,4,5.5,0.0,0.0
4033091,30-53,82 STREET,11370,403,Queens,37,0,37,6,6.2,0.0,0.0
4033733,31-39,82 STREET,11370,403,Queens,15,0,15,3,5.0,0.0,0.0
4033959,31-30,89 STREET,11369,403,Queens,9,0,9,3,3.0,0.0,0.0
4034861,32-50,93 STREET,11369,403,Queens,122,0,122,39,3.1,0.0,0.0
4035143,33-54,83 STREET,11372,403,Queens,156,3,159,29,5.5,0.0,0.0
4035144,33-53,82 STREET,11372,403,Queens,194,2,196,29,6.8,0.0,0.0
4035147,33-17,82 STREET,11372,403,Queens,65,0,65,11,5.9,0.0,0.0
4035514,83-02,  34 AVENUE,11372,403,Queens,114,1,115,40,2.9,0.0,0.0
4035515,34-10,84 STREET,11372,403,Queens,82,6,88,41,2.1,0.0,0.0
4035680,89-02,34 AVENUE,11372,403,Queens,341,2,343,108,3.2,0.0,0.0
4035718,34-22,92 STREET,11372,403,Queens,11,0,11,3,3.7,0.0,0.0
4035855,35-65,86 STREET,11372,403,Queens,180,5,185,47,3.9,0.0,0.0
4036097,35-64,93 STREET,11372,403,Queens,76,0,76,3,25.3,0.0,0.0
4036123,93-06,35 AVENUE,11372,403,Queens,23,1,24,6,4.0,0.0,0.0
4036162,35-05,94 STREET,11372,403,Queens,260,2,262,72,3.6,0.0,0.0
4036189,35-51,95 STREET,11372,403,Queens,132,0,132,57,2.3,0.0,0.0
4036308,37-37,88 STREET,11372,403,Queens,176,1,177,60,3.0,0.0,0.0
4036343,37-23,89 STREET,11372,403,Queens,19,0,19,4,4.8,0.0,0.0
4036432,92-16,  37 AVENUE,11372,403,Queens,31,1,32,3,10.7,0.0,0.0
4036436,37-24,93 STREET,11372,403,Queens,7,8,15,3,5.0,0.0,0.0
4036741,75-23,BROADWAY,11373,404,Queens,61,0,61,7,8.7,0.0,0.0
4036976,41-44,76 STREET,11373,404,Queens,103,3,106,51,2.1,0.0,0.0
4037014,41-63,76 STREET,11373,404,Queens,13,0,13,3,4.3,0.0,0.0
4037025,41-15,76 STREET,11373,404,Queens,7,2,9,3,3.0,0.0,0.0
4037271,42-41,KETCHAM STREET,11373,404,Queens,9,2,11,3,3.7,0.0,0.0
4037375,41-36,GLEANE STREET,11373,404,Queens,30,0,30,10,3.0,0.0,0.0
4037494,83-40,BRITTON AVENUE,11373,404,Queens,139,2,141,69,2.0,0.0,0.0
4038296,78-13,  46 AVENUE,11373,404,Queens,8,4,12,3,4.0,0.0,0.0
4038368,81-02,45 AVENUE,11373,404,Queens,9,2,11,3,3.7,0.0,0.0
4038793,40-26,BENHAM STREET,11373,404,Queens,105,1,106,3,35.3,0.0,0.0
4039069,40-34,ASKE STREET,11373,404,Queens,17,0,17,3,5.7,0.0,0.0
4039107,41-25,CASE STREET,11373,404,Queens,358,6,364,109,3.3,0.0,0.0
4039623,94-01,40 DRIVE,11373,404,Queens,14,0,14,3,4.7,0.0,0.0
4039630,94-16,40 ROAD,11373,404,Queens,0,9,9,3,3.0,0.0,0.0
4039938,91-18,43 AVENUE,11373,404,Queens,38,0,38,8,4.8,0.0,0.0
4039963,93-38,43 AVENUE,11373,404,Queens,22,0,22,6,3.7,0.0,0.0
4040047,45-12,JUNCTION BOULEVARD,11368,404,Queens,13,0,13,3,4.3,0.0,0.0
4040203,40-69,JUNCTION BOULEVARD,11368,404,Queens,56,0,56,4,14.0,0.0,0.0
4040209,40-57,JUNCTION BOULEVARD,11368,404,Queens,76,5,81,4,20.3,0.0,0.0
4040260,97-12,40 ROAD,11368,404,Queens,19,0,19,3,6.3,0.0,0.0
4040293,40-19,99 STREET,11368,404,Queens,125,0,125,21,6.0,0.0,0.0
4040412,97-28,41 AVENUE,11368,404,Queens,21,0,21,4,5.3,0.0,0.0
4040456,97-17,43 AVENUE,11368,404,Queens,54,0,54,3,18.0,0.0,0.0
4040788,101-01,46 AVENUE,11368,404,Queens,13,0,13,4,3.3,0.0,0.0
4041195,25-19,CURTIS STREET,11369,403,Queens,11,0,11,3,3.7,0.0,0.0
4041774,31-44,103 STREET,11369,403,Queens,44,0,44,6,7.3,0.0,0.0
4041950,101-04,  32 AVENUE,11369,403,Queens,17,0,17,5,3.4,0.0,0.0
4042211,107-13,NORTHERN BOULEVARD,11368,403,Queens,8,1,9,3,3.0,0.0,0.0
4042425,33-44,98 STREET,11368,403,Queens,20,1,21,4,5.3,0.0,0.0
4042482,99-04,NORTHERN BOULEVARD,11368,403,Queens,11,0,11,3,3.7,0.0,0.0
4042526,100-13,34 AVENUE,11368,403,Queens,9,0,9,3,3.0,0.0,0.0
4042555,33-36, 102 STREET,11368,403,Queens,54,0,54,6,9.0,0.0,0.0
4042782,108-02,NORTHERN BOULEVARD,11368,403,Queens,13,0,13,4,3.3,0.0,0.0
4043013,34-13,99 STREET,11368,403,Queens,21,0,21,3,7.0,0.0,0.0
4043212,99-07,37 AVENUE,11368,403,Queens,34,0,34,3,11.3,0.0,0.0
4043261,35-35,100 STREET,11368,403,Queens,22,0,22,3,7.3,0.0,0.0
4043285,35-22, 102 STREET,11368,403,Queens,26,0,26,6,4.3,0.0,0.0
4043309,102-14,35 AVENUE,11368,403,Queens,10,0,10,3,3.3,0.0,0.0
4043432,34-02,106 STREET,11368,403,Queens,66,0,66,17,3.9,0.0,0.0
4043564,34-11,107 STREET,11368,403,Queens,24,0,24,3,8.0,0.0,0.0
4043565,34-05, 108 STREET,11368,403,Queens,69,7,76,6,12.7,0.0,0.0
4044071,100-22,37 AVENUE,11368,403,Queens,18,0,18,4,4.5,0.0,0.0
4044305,37-52,104 STREET,11368,403,Queens,21,0,21,3,7.0,0.0,0.0
4044353,101-14,39 AVENUE,11368,403,Queens,81,0,81,7,11.6,0.0,0.0
4044412,105-04,37 AVENUE,11368,403,Queens,19,1,20,6,3.3,0.0,0.0
4044557,104-32,38 AVENUE,11368,403,Queens,23,0,23,6,3.8,0.0,0.0
4044688,37-17,108 STREET,11368,403,Queens,32,3,35,7,5.0,0.0,0.0
4044766,108-60,38 AVENUE,11368,403,Queens,25,0,25,4,6.3,0.0,0.0
4044767,108-62,38 AVENUE,11368,403,Queens,14,0,14,4,3.5,0.0,0.0
4044788,108-51,39 AVENUE,11368,403,Queens,28,0,28,4,7.0,0.0,0.0
4044893,112-37,  38 AVENUE,11368,403,Queens,25,0,25,8,3.1,0.0,0.0
4044993,39-06,114 STREET,11368,403,Queens,286,2,288,70,4.1,0.0,0.0
4045197,87-01,51 AVENUE,11373,404,Queens,232,11,243,4,60.8,0.0,0.0
4045842,90-11,53 AVENUE,11373,404,Queens,26,2,28,3,9.3,0.0,0.0
4047640,54-37, 101 STREET,11368,404,Queens,25,0,25,5,5.0,0.0,0.0
4047646,54-13,101 STREET,11368,404,Queens,17,0,17,3,5.7,0.0,0.0
4048120,104-08,MARTENSE AVENUE,11368,404,Queens,9,0,9,3,3.0,0.0,0.0
4048311,57-40,WALDRON STREET,11368,404,Queens,12,0,12,3,4.0,0.0,0.0
4048357,57-31,108 STREET,11368,404,Queens,48,0,48,5,9.6,0.0,0.0
4048548,40-15, 102 STREET,11368,404,Queens,96,0,96,6,16.0,0.0,0.0
4048662,102-14,46 AVENUE,11368,404,Queens,14,0,14,3,4.7,0.0,0.0
4048752,102-43,CORONA AVENUE,11368,404,Queens,159,0,159,41,3.9,0.0,0.0
4048859,104-44,42 AVENUE,11368,404,Queens,61,0,61,4,15.3,0.0,0.0
4048896,104-31,43 AVENUE,11368,404,Queens,14,0,14,3,4.7,0.0,0.0
4049271,108-39,42 AVENUE,11368,404,Queens,47,0,47,5,9.4,0.0,0.0
4049310,42-04,111 STREET,11368,404,Queens,146,0,146,7,20.9,0.0,0.0
4049391,43-11,108 STREET,11368,404,Queens,12,0,12,4,3.0,0.0,0.0
4049517,108-20,48 AVENUE,11368,404,Queens,143,3,146,6,24.3,0.0,0.0
4049656,108-03,  51 AVENUE,11368,404,Queens,21,0,21,5,4.2,0.0,0.0
4051264,102-50,  67 ROAD,11375,406,Queens,9,0,9,3,3.0,0.0,0.0
4051944,62-63,110 STREET,11375,406,Queens,32,0,32,4,8.0,0.0,0.0
4052072,63-69,110 STREET,11375,406,Queens,36,0,36,4,9.0,0.0,0.0
4052074,63-61,110 STREET,11375,406,Queens,40,0,40,6,6.7,0.0,0.0
4052764,75-41,113 STREET,11375,406,Queens,29,0,29,6,4.8,0.0,0.0
4052772,75-34,GRAND CENTRL PARKWAY,11375,406,Queens,18,0,18,3,6.0,0.0,0.0
4052773,75-36, 113 PLACE,11375,406,Queens,11,0,11,3,3.7,0.0,0.0
4052871,47-47,46 STREET,11377,402,Queens,49,1,50,6,8.3,0.0,0.0
4052883,46-05,48 AVENUE,11377,402,Queens,21,3,24,5,4.8,0.0,0.0
4053027,48-16,46 STREET,11377,402,Queens,145,0,145,20,7.3,0.0,0.0
4053043,45-15,50 AVENUE,11377,402,Queens,41,0,41,9,4.6,0.0,0.0
4053064,47-10,48 AVENUE,11377,402,Queens,73,0,73,15,4.9,0.0,0.0
4056211,67-14,49 AVENUE,11377,402,Queens,0,10,10,3,3.3,0.0,0.0
4057123,51-20,CODWISE PLACE,11373,404,Queens,36,0,36,3,12.0,0.0,0.0
4058022,53-02,74 STREET,11373,405,Queens,9,0,9,3,3.0,0.0,0.0
4059192,60-24,54 PLACE,11378,405,Queens,33,0,33,4,8.3,0.0,0.0
4059273,60-58,55 STREET,11378,405,Queens,22,4,26,4,6.5,0.0,0.0
4059278,60-76,55 STREET,11378,405,Queens,7,2,9,3,3.0,0.0,0.0
4059299,54-33,METROPOLITAN AVENUE,11385,405,Queens,23,0,23,6,3.8,0.0,0.0
4061285,60-65,60 ROAD,11378,405,Queens,10,0,10,3,3.3,0.0,0.0
4063850,72-38,CALDWELL AVENUE,11378,405,Queens,9,0,9,3,3.0,0.0,0.0
4065483,85-08,57 ROAD,11373,404,Queens,7,2,9,3,3.0,0.0,0.0
4069615,63-36,WOODHAVEN BOULEVARD,11374,405,Queens,30,2,32,3,10.7,0.0,0.0
4069616,84-53,DANA COURT,11379,405,Queens,120,45,165,37,4.5,0.0,0.0
4071501,73-19,METROPOLITAN AVENUE,11379,405,Queens,44,0,44,4,11.0,0.0,0.0
4072173,65-75,BOOTH STREET,11374,406,Queens,18,0,18,3,6.0,0.0,0.0
4072465,63-86,WETHEROLE STREET,11374,406,Queens,0,26,26,3,8.7,0.0,0.0
4072918,63-101,ALDERTON STREET,11374,406,Queens,19,0,19,3,6.3,0.0,0.0
4079514,118-65,METROPOLITAN AVENUE,11415,409,Queens,110,1,111,53,2.1,0.0,0.0
4079570,81-74,LEFFERTS BOULEVARD,11415,409,Queens,20,2,22,6,3.7,0.0,0.0
4080139,83-55,AUSTIN STREET,11415,409,Queens,157,3,160,43,3.7,0.0,0.0
4080239,55-40,METROPOLITAN AVENUE,11385,405,Queens,16,0,16,4,4.0,0.0,0.0
4080248,2207,HARMAN STREET,11385,405,Queens,62,0,62,12,5.2,0.0,0.0
4080406,21-21,GROVE STREET,11385,405,Queens,10,0,10,3,3.3,0.0,0.0
4080468,20-35,HIMROD STREET,11385,405,Queens,65,0,65,4,16.3,0.0,0.0
4080578,502,GRANDVIEW AVE,11385,405,Queens,14,0,14,3,4.7,0.0,0.0
4080581,508,GRANDVIEW AVENUE,11385,405,Queens,16,0,16,4,4.0,0.0,0.0
4080980,18-79,TROUTMAN STREET,11385,405,Queens,22,5,27,6,4.5,0.0,0.0
4081239,413,ONDERDONK AVENUE,11385,405,Queens,27,1,28,6,4.7,0.0,0.0
4081261,410,WOODWARD AVENUE,11385,405,Queens,29,0,29,6,4.8,0.0,0.0
4081272,18-65,HIMROD STREET,11385,405,Queens,14,0,14,4,3.5,0.0,0.0
4081289,18-76,HIMROD STREET,11385,405,Queens,29,0,29,6,4.8,0.0,0.0
4081603,276,ONDERDONK AVENUE,11385,405,Queens,22,0,22,4,5.5,0.0,0.0
4081840,17-08,STANHOPE STREET,11385,405,Queens,10,0,10,3,3.3,0.0,0.0
4081912,1818,HARMAN STREET,11385,405,Queens,29,1,30,6,5.0,0.0,0.0
4081953,1723,HARMAN STREET,11385,405,Queens,40,0,40,6,6.7,0.0,0.0
4081984,1715,GREENE AVENUE,11385,405,Queens,18,0,18,6,3.0,0.0,0.0
4081989,503,SENECA AVENUE,11385,405,Queens,19,0,19,6,3.2,0.0,0.0
4082047,1724,GREENE AVENUE,11385,405,Queens,27,0,27,6,4.5,0.0,0.0
4082096,17-25,MENAHAN STREET,11385,405,Queens,38,0,38,6,6.3,0.0,0.0
4082098,17-21,MENAHAN STREET,11385,405,Queens,27,0,27,6,4.5,0.0,0.0
4082387,1673,PALMETTO STREET,11385,405,Queens,26,0,26,6,4.3,0.0,0.0
4082388,1671,PALMETTO STREET,11385,405,Queens,79,0,79,6,13.2,0.0,0.0
4082412,1662,WOODBINE STREET,11385,405,Queens,23,0,23,6,3.8,0.0,0.0
4082418,16-74,WOODBINE STREET,11385,405,Queens,32,0,32,6,5.3,0.0,0.0
4082422,1682,WOODBINE STREET,11385,405,Queens,33,0,33,6,5.5,0.0,0.0
4082462,17-14,LINDEN STREET,11385,405,Queens,87,0,87,6,14.5,0.0,0.0
4082568,1708,PALMETTO STREET,11385,405,Queens,62,0,62,6,10.3,0.0,0.0
4082610,1726,WOODBINE STREET,11385,405,Queens,33,0,33,6,5.5,0.0,0.0
4082628,1711,MADISON STREET,11385,405,Queens,49,0,49,6,8.2,0.0,0.0
4082634,717,SENECA AVENUE,11385,405,Queens,24,0,24,6,4.0,0.0,0.0
4082635,715,SENECA AVENUE,11385,405,Queens,16,0,16,3,5.3,0.0,0.0
4082667,755,SENECA AVENUE,11385,405,Queens,45,0,45,6,7.5,0.0,0.0
4082673,1820,WOODBINE STREET,11385,405,Queens,27,1,28,6,4.7,0.0,0.0
4082686,18-19,MADISON STREET,11385,405,Queens,23,0,23,6,3.8,0.0,0.0
4082698,17-16,MADISON STREET,11385,405,Queens,25,0,25,6,4.2,0.0,0.0
4082716,17-17,PUTNAM AVENUE,11385,405,Queens,116,1,117,6,19.5,0.0,0.0
4082719,1711,PUTNAM AVENUE,11385,405,Queens,25,1,26,6,4.3,0.0,0.0
4082723,1703,PUTNAM AVENUE,11385,405,Queens,25,0,25,6,4.2,0.0,0.0
4082750,1719,CORNELIA STREET,11385,405,Queens,28,0,28,6,4.7,0.0,0.0
4082783,1819,PUTNAM AVENUE,11385,405,Queens,42,3,45,6,7.5,0.0,0.0
4082797,1829,CORNELIA STREET,11385,405,Queens,92,0,92,6,15.3,0.0,0.0
4082799,18-25,CORNELIA STREET,11385,405,Queens,23,1,24,6,4.0,0.0,0.0
4082800,1823,CORNELIA STREET,11385,405,Queens,18,0,18,6,3.0,0.0,0.0
4082891,18-64,LINDEN STREET,11385,405,Queens,23,0,23,3,7.7,0.0,0.0
4082921,689,ONDERDONK AVENUE,11385,405,Queens,23,1,24,4,6.0,0.0,0.0
4082925,681,ONDERDONK AVENUE,11385,405,Queens,25,0,25,6,4.2,0.0,0.0
4082966,18-70,PALMETTO STREET,11385,405,Queens,103,0,103,6,17.2,0.0,0.0
4082990,18-58,WOODBINE STREET,11385,405,Queens,23,0,23,6,3.8,0.0,0.0
4082992,18-62,WOODBINE STREET,11385,405,Queens,72,0,72,6,12.0,0.0,0.0
4083017,1853,MADISON STREET,11385,405,Queens,42,0,42,6,7.0,0.0,0.0
4083029,18-70,MADISON STREET,11385,405,Queens,21,0,21,6,3.5,0.0,0.0
4083034,1880,MADISON STREET,11385,405,Queens,38,0,38,6,6.3,0.0,0.0
4083037,788,WOODWARD AVENUE,11385,405,Queens,18,0,18,4,4.5,0.0,0.0
4083053,791,ONDERDONK AVENUE,11385,405,Queens,23,0,23,7,3.3,0.0,0.0
4083064,1872,PUTNAM AVENUE,11385,405,Queens,21,0,21,6,3.5,0.0,0.0
4083084,18-59,CORNELIA STREET,11385,405,Queens,18,0,18,6,3.0,0.0,0.0
4083113,878,WOODWARD AVENUE,11385,405,Queens,48,0,48,6,8.0,0.0,0.0
4083118,867,ONDERDONK AVENUE,11385,405,Queens,22,0,22,6,3.7,0.0,0.0
4083204,70-02,FOREST AVENUE,11385,405,Queens,44,0,44,6,7.3,0.0,0.0
4083246,675,WOODWARD AVENUE,11385,405,Queens,11,1,12,4,3.0,0.0,0.0
4083268,715,WOODWARD AVENUE,11385,405,Queens,10,0,10,3,3.3,0.0,0.0
4083353,813,WOODWARD AVENUE,11385,405,Queens,11,2,13,3,4.3,0.0,0.0
4083383,851,WOODWARD AVENUE,11385,405,Queens,13,0,13,4,3.3,0.0,0.0
4083411,2055,GATES AVENUE,11385,405,Queens,41,0,41,6,6.8,0.0,0.0
4083426,20-26,GATES AVENUE,11385,405,Queens,24,0,24,6,4.0,0.0,0.0
4083448,20-37,PALMETTO STREET,11385,405,Queens,19,0,19,6,3.2,0.0,0.0
4083475,6-75,GRANDVIEW AVENUE,11385,405,Queens,26,0,26,8,3.3,0.0,0.0
4083478,2010,PALMETTO STREET,11385,405,Queens,19,2,21,6,3.5,0.0,0.0
4083667,64-07,FOREST AVENUE,11385,405,Queens,21,0,21,4,5.3,0.0,0.0
4084061,59-38,CATALPA AVENUE,11385,405,Queens,10,0,10,3,3.3,0.0,0.0
4084184,60-40,PUTNAM AVENUE,11385,405,Queens,29,0,29,3,9.7,0.0,0.0
4084224,60-47,68 AVENUE,11385,405,Queens,23,0,23,5,4.6,0.0,0.0
4084539,63-09,60 PLACE,11385,405,Queens,12,0,12,3,4.0,0.0,0.0
4084881,60-62,PALMETTO STREET,11385,405,Queens,14,2,16,3,5.3,0.0,0.0
4084951,60-11,MADISON STREET,11385,405,Queens,27,0,27,6,4.5,0.0,0.0
4085243,60-88,69 AVENUE,11385,405,Queens,16,0,16,3,5.3,0.0,0.0
4085304,60-79,71 AVENUE,11385,405,Queens,10,0,10,3,3.3,0.0,0.0
4085308,60-71,71 AVENUE,11385,405,Queens,9,0,9,3,3.0,0.0,0.0
4085406,1648,MADISON STREET,11385,405,Queens,23,0,23,6,3.8,0.0,0.0
4085455,16-70,PUTNAM AVENUE,11385,405,Queens,17,0,17,4,4.3,0.0,0.0
4085466,1671,CORNELIA STREET,11385,405,Queens,30,0,30,6,5.0,0.0,0.0
4085566,9-03,WYCKOFF AVENUE,11385,405,Queens,62,0,62,4,15.5,0.0,0.0
4085636,10-03,WYCKOFF AVENUE,11385,405,Queens,17,2,19,6,3.2,0.0,0.0
4085730,16-23,NORMAN STREET,11385,405,Queens,11,0,11,3,3.7,0.0,0.0
4085753,1062,CYPRESS AVENUE,11385,405,Queens,0,14,14,3,4.7,0.0,0.0
4086027,1052,SENECA AVENUE,11385,405,Queens,31,3,34,5,6.8,0.0,0.0
4086057,1728,SUMMERFIELD STREET,11385,405,Queens,45,0,45,4,11.3,0.0,0.0
4086240,993,SENECA AVENUE,11385,405,Queens,39,0,39,5,7.8,0.0,0.0
4086250,18-10,CENTRE STREET,11385,405,Queens,21,0,21,6,3.5,0.0,0.0
4086251,18-12,CENTRE STREET,11385,405,Queens,19,4,23,6,3.8,0.0,0.0
4086275,18-19,GEORGE STREET,11385,405,Queens,82,1,83,6,13.8,0.0,0.0
4086286,18-10,GEORGE STREET,11385,405,Queens,68,3,71,6,11.8,0.0,0.0
4086290,1818,GEORGE STREET,11385,405,Queens,42,1,43,6,7.2,0.0,0.0
4086294,18-26,GEORGE STREET,11385,405,Queens,21,0,21,6,3.5,0.0,0.0
4086338,72-18,FOREST AVENUE,11385,405,Queens,11,1,12,4,3.0,0.0,0.0
4086621,75-01,60 LANE,11385,405,Queens,14,0,14,3,4.7,0.0,0.0
4086979,74-25,62 STREET,11385,405,Queens,15,0,15,3,5.0,0.0,0.0
4087181,74-02,65 STREET,11385,405,Queens,13,0,13,4,3.3,0.0,0.0
4087679,61-14,PALMETTO STREET,11385,405,Queens,67,0,67,6,11.2,0.0,0.0
4087701,61-43,WOODBINE STREET,11385,405,Queens,31,5,36,8,4.5,0.0,0.0
4087722,61-30,WOODBINE STREET,11385,405,Queens,49,0,49,8,6.1,0.0,0.0
4087890,61-42,MADISON STREET,11385,405,Queens,30,1,31,8,3.9,0.0,0.0
4087896,64-06,MADISON STREET,11385,405,Queens,93,0,93,6,15.5,0.0,0.0
4087902,64-24,MADISON STREET,11385,405,Queens,58,0,58,6,9.7,0.0,0.0
4087906,64-36,MADISON STREET,11385,405,Queens,24,0,24,6,4.0,0.0,0.0
4088015,68-01,FRESH POND ROAD,11385,405,Queens,25,0,25,7,3.6,0.0,0.0
4088184,69-23,62 STREET,11385,405,Queens,39,0,39,3,13.0,0.0,0.0
4088356,71-17,FRESH POND ROAD,11385,405,Queens,26,0,26,6,4.3,0.0,0.0
4088484,70-14,66 STREET,11385,405,Queens,77,0,77,6,12.8,0.0,0.0
4088508,70-15,65 PLACE,11385,405,Queens,66,4,70,6,11.7,0.0,0.0
4088612,70-33,66 STREET,11385,405,Queens,25,0,25,6,4.2,0.0,0.0
4088613,70-29,  66 STREET,11385,405,Queens,30,1,31,6,5.2,0.0,0.0
4089731,70-20,CENTRAL AVENUE,11385,405,Queens,33,0,33,3,11.0,0.0,0.0
4089994,71-47,MYRTLE AVENUE,11385,405,Queens,18,0,18,4,4.5,0.0,0.0
4090121,72-51,65 PLACE,11385,405,Queens,25,0,25,6,4.2,0.0,0.0
4090360,72-14,69 PLACE,11385,405,Queens,47,0,47,6,7.8,0.0,0.0
4091419,75-12,METROPOLITAN AVENUE,11379,405,Queens,18,0,18,3,6.0,0.0,0.0
4091487,67-39,  75 STREET,11379,405,Queens,73,4,77,16,4.8,0.0,0.0
4091640,68-04,79 STREET,11379,405,Queens,12,0,12,4,3.0,0.0,0.0
4093677,82-03,MYRTLE AVENUE,11385,405,Queens,32,0,32,3,10.7,0.0,0.0
4094964,81-33,MARGARET PLACE,11385,406,Queens,11,1,12,3,4.0,0.0,0.0
4096900,11-21,COLLEGE POINT BOULEVARD,11356,407,Queens,28,0,28,3,9.3,0.0,0.0
4096945,13-27,COLLEGE POINT BOULEVARD,11356,407,Queens,34,0,34,4,8.5,0.0,0.0
4098140,116-10,14 ROAD,11356,407,Queens,195,1,196,6,32.7,0.0,0.0
4098150,118-20,14 ROAD,11356,407,Queens,21,0,21,6,3.5,0.0,0.0
4098355,123-17,18 AVENUE,11356,407,Queens,28,5,33,6,5.5,0.0,0.0
4098374,15-24,124 STREET,11356,407,Queens,31,1,32,6,5.3,0.0,0.0
4098910,18-48,126 STREET,11356,407,Queens,9,0,9,3,3.0,0.0,0.0
4099171,20-10,121 STREET,11356,407,Queens,9,0,9,3,3.0,0.0,0.0
4099219,20-23,COLLEGE POINT BOULEVARD,11356,407,Queens,20,0,20,3,6.7,0.0,0.0
4104819,145-05,21 AVENUE,11357,407,Queens,19,0,19,4,4.8,0.0,0.0
4106212,150-16,14 AVENUE,11357,407,Queens,19,1,20,4,5.0,0.0,0.0
4112107,139-09,34 ROAD,11354,407,Queens,115,0,115,54,2.1,0.0,0.0
4112263,37-33,COLLEGE POINT BOULEVARD,11354,407,Queens,224,0,224,61,3.7,0.0,0.0
4112565,140-75,34 AVENUE,11354,407,Queens,17,0,17,3,5.7,0.0,0.0
4113027,34-15,PARSONS BOULEVARD,11354,407,Queens,774,5,779,175,4.5,0.0,0.0
4113204,35-17,146 STREET,11354,407,Queens,191,0,191,17,11.2,0.0,0.0
4113683,144-41,ROOSEVELT AVENUE,11354,407,Queens,172,0,172,20,8.6,0.0,0.0
4113842,144-40,ROOSEVELT AVENUE,11354,407,Queens,66,0,66,21,3.1,0.0,0.0
4114715,144-03,BARCLAY AVENUE,11355,407,Queens,96,3,99,49,2.0,0.0,0.0
4115083,132-30 A,MAPLE AVENUE,11355,407,Queens,15,0,15,3,5.0,0.0,0.0
4117057,140-71,ASH AVENUE,11355,407,Queens,191,1,192,48,4.0,0.0,0.0
4117141,140-70,ASH AVENUE,11355,407,Queens,159,4,163,47,3.5,0.0,0.0
4120369,158-17,SANFORD AVENUE,11358,407,Queens,83,0,83,20,4.2,0.0,0.0
4121703,160-04,SANFORD AVENUE,11358,407,Queens,55,0,55,12,4.6,0.0,0.0
4122089,149-64,ELM AVENUE,11355,407,Queens,26,0,26,3,8.7,0.0,0.0
4128021,53-29,196 STREET,11365,411,Queens,19,0,19,3,6.3,0.0,0.0
4141525,153-61,HORACE HARDING EXPRESSWAY,11367,407,Queens,33,0,33,3,11.0,0.0,0.0
4146285,59-46,156 STREET,11355,407,Queens,12,0,12,3,4.0,0.0,0.0
4146409,59-44,159 STREET,11365,407,Queens,18,0,18,3,6.0,0.0,0.0
4146984,61-44,164 STREET,11365,408,Queens,14,0,14,3,4.7,0.0,0.0
4149045,61-54,FRESH MEADOW LANE,11365,408,Queens,35,1,36,5,7.2,0.0,0.0
4167438,89-45,237 STREET,11426,413,Queens,9,0,9,3,3.0,0.0,0.0
4182676,85-49,96 STREET,11421,409,Queens,173,2,175,16,10.9,0.0,0.0
4183454,88-44,  85 STREET,11421,409,Queens,21,0,21,4,5.3,0.0,0.0
4183980,87-05,89 AVENUE,11421,409,Queens,77,0,77,20,3.9,0.0,0.0
4184178,91-47,88 ROAD,11421,409,Queens,75,0,75,37,2.0,0.0,0.0
4184186,89-18,JAMAICA AVENUE,11421,409,Queens,26,2,28,4,7.0,0.0,0.0
4184664,74-03,ROCKAWAY BOULEVARD,11421,409,Queens,31,0,31,3,10.3,0.0,0.0
4187127,80-10,95 AVENUE,11416,409,Queens,50,0,50,3,16.7,0.0,0.0
4187538,95-26,92 STREET,11416,409,Queens,24,0,24,3,8.0,0.0,0.0
4187586,94-32,94 STREET,11416,409,Queens,24,0,24,3,8.0,0.0,0.0
4188364,88-12,97 AVENUE,11416,409,Queens,45,0,45,3,15.0,0.0,0.0
4188721,77-16,101 AVENUE,11416,409,Queens,55,1,56,5,11.2,0.0,0.0
4190793,90-02,LIBERTY AVENUE,11417,410,Queens,85,0,85,6,14.2,0.0,0.0
4190960,92-18,LIBERTY AVENUE,11417,410,Queens,12,0,12,3,4.0,0.0,0.0
4190991,93-02,LIBERTY AVENUE,11417,410,Queens,30,1,31,4,7.8,0.0,0.0
4191315,86-35,98 ST,11421,409,Queens,12,0,12,4,3.0,0.0,0.0
4191439,86-22, 102 STREET,11418,409,Queens,24,0,24,6,4.0,0.0,0.0
4191450,86-11,101 STREET,11418,409,Queens,22,0,22,3,7.3,0.0,0.0
4192275,110-97,85 AVENUE,11418,409,Queens,16,0,16,3,5.3,0.0,0.0
4192694,113-17,JAMAICA AVENUE,11418,409,Queens,34,0,34,4,8.5,0.0,0.0
4192753,119-21,METROPOLITAN AVENUE,11415,409,Queens,168,2,170,60,2.8,0.0,0.0
4193773,86-40,123 STREET,11418,409,Queens,18,0,18,6,3.0,0.0,0.0
4193774,86-44,123 STREET,11418,409,Queens,35,0,35,6,5.8,0.0,0.0
4193776,86-41, 122 STREET,11418,409,Queens,10,0,10,3,3.3,0.0,0.0
4193851,86-50,125 STREET,11418,409,Queens,67,0,67,5,13.4,0.0,0.0
4193931,126-11,JAMAICA AVENUE,11418,409,Queens,9,0,9,3,3.0,0.0,0.0
4194629,87-11,107 STREET,11418,409,Queens,21,0,21,6,3.5,0.0,0.0
4194885,112-02,JAMAICA AVENUE,11418,409,Queens,10,2,12,4,3.0,0.0,0.0
4195049,87-86,116 STREET,11418,409,Queens,99,0,99,44,2.3,0.0,0.0
4195168,91-10,104 STREET,11418,409,Queens,9,0,9,3,3.0,0.0,0.0
4195541,110-01,ATLANTIC AVENUE,11418,409,Queens,23,0,23,3,7.7,0.0,0.0
4195674,113-13,ATLANTIC AVENUE,11418,409,Queens,29,4,33,6,5.5,0.0,0.0
4196103,87-55,124 STREET,11418,409,Queens,12,0,12,4,3.0,0.0,0.0
4196186,87-14,129 STREET,11418,409,Queens,107,0,107,41,2.6,0.0,0.0
4196420,134-36,JAMAICA AVENUE,11418,409,Queens,20,0,20,4,5.0,0.0,0.0
4196439,116-18,89 AVENUE,11418,409,Queens,34,0,34,3,11.3,0.0,0.0
4196729,126-20,89 AVENUE,11418,409,Queens,28,0,28,4,7.0,0.0,0.0
4196745,127-06,89 AVENUE,11418,409,Queens,14,0,14,3,4.7,0.0,0.0
4196827,91-17, 130 STREET,11418,409,Queens,13,0,13,4,3.3,0.0,0.0
4196877,89-42, 134 STREET,11418,409,Queens,14,2,16,3,5.3,0.0,0.0
4197733,103-07, 101 AVENUE,11416,409,Queens,13,0,13,3,4.3,0.0,0.0
4197778,97-51,104 STREET,11416,409,Queens,29,0,29,8,3.6,0.0,0.0
4197915,108-07,101 AVENUE,11419,409,Queens,23,0,23,5,4.6,0.0,0.0
4198132,95-18, 114 STREET,11419,409,Queens,14,0,14,3,4.7,0.0,0.0
4198154,113-07,101 AVENUE,11419,409,Queens,33,0,33,6,5.5,0.0,0.0
4198157,113-01,101 AVENUE,11419,409,Queens,17,0,17,5,3.4,0.0,0.0
4198843,112-02,101 AVENUE,11419,409,Queens,18,0,18,5,3.6,0.0,0.0
4199039,101-17,115 STREET,11419,409,Queens,21,0,21,4,5.3,0.0,0.0
4199463,94-30,VAN WYCK EXPRESSWAY,11419,409,Queens,42,0,42,6,7.0,0.0,0.0
4199563,117-19,101 AVENUE,11419,409,Queens,31,1,32,5,6.4,0.0,0.0
4199599,119-04,95 AVENUE,11419,409,Queens,24,1,25,4,6.3,0.0,0.0
4199655,119-15, 101 AVENUE,11419,409,Queens,12,0,12,4,3.0,0.0,0.0
4199767,121-05, 101 AVENUE,11419,409,Queens,49,1,50,3,16.7,0.0,0.0
4200757,101-66, 125 STREET,11419,409,Queens,56,0,56,16,3.5,0.0,0.0
4200826,126-10,101 AVENUE,11419,409,Queens,16,0,16,3,5.3,0.0,0.0
4200897,127-30, 101 AVENUE,11419,409,Queens,15,1,16,3,5.3,0.0,0.0
4201360,103-62, 103 STREET,11417,410,Queens,14,0,14,4,3.5,0.0,0.0
4201756,103-35, 109 STREET,11419,410,Queens,22,0,22,4,5.5,0.0,0.0
4201951,115-11,LIBERTY AVENUE,11419,410,Queens,23,0,23,4,5.8,0.0,0.0
4203404,107-56,113 STREET,11419,410,Queens,16,0,16,3,5.3,0.0,0.0
4204122,104-15, 116 STREET,11419,410,Queens,14,10,24,6,4.0,0.0,0.0
4205553,120-11,109 AVENUE,11420,410,Queens,92,4,96,36,2.7,0.0,0.0
4206395,87-53, 138 STREET,11435,408,Queens,31,0,31,3,10.3,0.0,0.0
4207101,148-03,  88 AVENUE,11435,412,Queens,41,0,41,6,6.8,0.0,0.0
4207119,148-47,88 AVENUE,11435,412,Queens,9,0,9,3,3.0,0.0,0.0
4207125,148-05,88 AVENUE,11435,412,Queens,45,2,47,7,6.7,0.0,0.0
4207304,87-51, 143 STREET,11435,408,Queens,40,0,40,3,13.3,0.0,0.0
4207759,141-31,84 DRIVE,11435,408,Queens,13,0,13,3,4.3,0.0,0.0
4207842,141-46,PERSHING CRESCENT,11435,408,Queens,24,0,24,3,8.0,0.0,0.0
4208956,88-14,161 STREET,11432,412,Queens,23,2,25,5,5.0,0.0,0.0
4209023,88-50, 162 STREET,11432,412,Queens,44,0,44,4,11.0,0.0,0.0
4209034,88-40,163 STREET,11432,412,Queens,29,0,29,5,5.8,0.0,0.0
4209039,88-50,163 STREET,11432,412,Queens,15,0,15,4,3.8,0.0,0.0
4209197,162-19,86 ROAD,11432,408,Queens,10,3,13,3,4.3,0.0,0.0
4209577,89-29,163 STREET,11432,412,Queens,264,2,266,96,2.8,0.0,0.0
4209705,169-07,JAMAICA AVENUE,11432,412,Queens,12,0,12,4,3.0,0.0,0.0
4209722,90-38,170 STREET,11432,412,Queens,254,22,276,41,6.7,0.0,0.0
4209776,89-17, 170 STREET,11432,412,Queens,21,0,21,7,3.0,0.0,0.0
4209831,88-30,172 STREET,11432,412,Queens,8,3,11,3,3.7,0.0,0.0
4209845,91-17, 172 STREET,11432,412,Queens,55,1,56,16,3.5,0.0,0.0
4210239,88-22,172 STREET,11432,412,Queens,53,0,53,12,4.4,0.0,0.0
4210407,87-40, 165 STREET,11432,408,Queens,349,17,366,119,3.1,0.0,0.0
4210634,85-53, 164 STREET,11432,408,Queens,9,0,9,3,3.0,0.0,0.0
4210908,84-72, 169 STREET,11432,408,Queens,17,0,17,3,5.7,0.0,0.0
4214143,95-15,BRISBIN STREET,11435,412,Queens,45,1,46,3,15.3,0.0,0.0
4214154,95-30,LIVERPOOL STREET,11435,412,Queens,21,0,21,3,7.0,0.0,0.0
4214220,97-18,CRESSKILL PLACE,11435,412,Queens,16,0,16,4,4.0,0.0,0.0
4214828,144-30, 106 AVENUE,11435,412,Queens,18,0,18,3,6.0,0.0,0.0
4215009,146-37,106 AVENUE,11435,412,Queens,12,0,12,3,4.0,0.0,0.0
4215496,107-01,LIVERPOOL STREET,11435,412,Queens,11,0,11,3,3.7,0.0,0.0
4215723,106-38,156 STREET,11433,412,Queens,22,1,23,3,7.7,0.0,0.0
4215747,106-43,156 STREET,11433,412,Queens,45,1,46,4,11.5,0.0,0.0
4215812,106-44,NEW YORK BOULEVARD,11433,412,Queens,29,0,29,3,9.7,0.0,0.0
4215815,106-52,GUY R BREWER BOULEVARD,11433,412,Queens,9,0,9,3,3.0,0.0,0.0
4215826,107-21,SUTPHIN BOULEVARD,11435,412,Queens,44,1,45,3,15.0,0.0,0.0
4215881,150-24,YATES ROAD,11433,412,Queens,27,0,27,3,9.0,0.0,0.0
4216178,108-02,GUY R BREWER BOULEVARD,11433,412,Queens,13,0,13,3,4.3,0.0,0.0
4216184,108-14,GUY R BREWER BOULEVARD,11433,412,Queens,25,0,25,3,8.3,0.0,0.0
4216293,163-19,107 AVENUE,11433,412,Queens,32,0,32,6,5.3,0.0,0.0
4216341,104-55, 164 STREET,11433,412,Queens,10,0,10,3,3.3,0.0,0.0
4218561,108-42,171 PLACE,11433,412,Queens,36,2,38,3,12.7,0.0,0.0
4221242,114-28,FARMERS BOULEVARD,11412,412,Queens,39,0,39,5,7.8,0.0,0.0
4222362,88-73,193 STREET,11423,412,Queens,132,1,133,62,2.1,0.0,0.0
4222594,88-08,197 STREET,11423,412,Queens,95,0,95,31,3.1,0.0,0.0
4223968,196-23,POMPEII AVENUE,11423,408,Queens,22,1,23,3,7.7,0.0,0.0
4228942,216-01,HILLSIDE AVENUE,11427,413,Queens,24,0,24,8,3.0,0.0,0.0
4231511,193-12,JAMAICA AVENUE,11423,412,Queens,32,0,32,5,6.4,0.0,0.0
4232788,99-04 A, 212 STREET,11429,413,Queens,64,0,64,5,12.8,0.0,0.0
4236276,114-25,FARMERS BOULEVARD,11412,412,Queens,20,0,20,3,6.7,0.0,0.0
4238528,201-07,LINDEN BOULEVARD,11412,412,Queens,22,0,22,3,7.3,0.0,0.0
4238800,212-06,99 AVENUE,11429,413,Queens,19,0,19,4,4.8,0.0,0.0
4245178,89-09,133 AVENUE,11417,410,Queens,34,0,34,6,5.7,0.0,0.0
4245194,89-03,133 AVENUE,11417,410,Queens,24,0,24,6,4.0,0.0,0.0
4245581,87-10,PITKIN AVENUE,11417,410,Queens,17,0,17,4,4.3,0.0,0.0
4246275,149-02,85 STREET,11414,410,Queens,34,0,34,11,3.1,0.0,0.0
4246654,149-05,88 STREET,11414,410,Queens,66,0,66,3,22.0,0.0,0.0
4247476,155-40,  79 STREET,11414,410,Queens,66,0,66,3,22.0,0.0,0.0
4247482,155-45,78 STREET,11414,410,Queens,10,0,10,3,3.3,0.0,0.0
4247813,106-16,ROCKAWAY BOULEVARD,11417,410,Queens,11,0,11,3,3.7,0.0,0.0
4248602,137-05,CROSS BAY BOULEVARD,11417,410,Queens,11,0,11,3,3.7,0.0,0.0
4249499,109-21,LEFFERTS BOULEVARD,11420,410,Queens,24,0,24,3,8.0,0.0,0.0
4249672,124-12,109 AVENUE,11420,410,Queens,18,0,18,4,4.5,0.0,0.0
4250165,111-07,ROCKAWAY BOULEVARD,11420,410,Queens,10,1,11,3,3.7,0.0,0.0
4250468,111-33,LEFFERTS BOULEVARD,11420,410,Queens,29,0,29,3,9.7,0.0,0.0
4250477,111-15,LEFFERTS BOULEVARD,11420,410,Queens,9,0,9,3,3.0,0.0,0.0
4251984,119-05,ROCKAWAY BOULEVARD,11420,410,Queens,16,0,16,3,5.3,0.0,0.0
4253004,127-07,ROCKAWAY BOULEVARD,11420,410,Queens,22,0,22,3,7.3,0.0,0.0
4256245,132-01,135 AVENUE,11420,410,Queens,32,0,32,3,10.7,0.0,0.0
4257342,127-02,135 AVENUE,11420,410,Queens,12,0,12,3,4.0,0.0,0.0
4257343,127-04,135 AVENUE,11420,410,Queens,1,14,15,3,5.0,0.0,0.0
4258025,145-42,LAKEWOOD AVENUE,11435,412,Queens,33,0,33,3,11.0,0.0,0.0
4258065,108-44,LIVERPOOL STREET,11435,412,Queens,36,0,36,3,12.0,0.0,0.0
4258220,146-42,LAKEWOOD AVENUE,11435,412,Queens,37,0,37,5,7.4,0.0,0.0
4258288,109-05,LIVERPOOL STREET,11435,412,Queens,11,0,11,3,3.7,0.0,0.0
4258323,109-18A,SUTPHIN BOULEVARD,11435,412,Queens,14,0,14,4,3.5,0.0,0.0
4258999,113-08,SUTPHIN BOULEVARD,11435,412,Queens,15,1,16,3,5.3,0.0,0.0
4259579,114-54,SUTPHIN BOULEVARD,11434,412,Queens,45,1,46,3,15.3,0.0,0.0
4260906,117-28,SUTPHIN BOULEVARD,11434,412,Queens,19,0,19,3,6.3,0.0,0.0
4263340,157-03,BRINKERHOFF AVENUE,11433,412,Queens,21,0,21,3,7.0,0.0,0.0
4264188,115-09,SUTPHIN BOULEVARD,11434,412,Queens,68,0,68,3,22.7,0.0,0.0
4264224,115-47,SUTPHIN BOULEVARD,11434,412,Queens,25,1,26,3,8.7,0.0,0.0
4264633,116-19,SUTPHIN BOULEVARD,11434,412,Queens,22,0,22,4,5.5,0.0,0.0
4264793,116-65,SUTPHIN BOULEVARD,11434,412,Queens,16,0,16,3,5.3,0.0,0.0
4264795,116-59,SUTPHIN BOULEVARD,11434,412,Queens,24,0,24,3,8.0,0.0,0.0
4265299,121-19,SUTPHIN BOULEVARD,11434,412,Queens,154,0,154,3,51.3,0.0,0.0
4267203,114-05,170 STREET,11434,412,Queens,154,1,155,77,2.0,0.0,0.0
4268570,172-02,LINDEN BOULEVARD,11434,412,Queens,13,0,13,3,4.3,0.0,0.0
4269973,178-20,SELOVER ROAD,11434,412,Queens,72,0,72,3,24.0,0.0,0.0
4274489,224-12,LINDEN BOULEVARD,11411,413,Queens,16,0,16,3,5.3,0.0,0.0
4280037,216-25,136 ROAD,11413,413,Queens,38,0,38,3,12.7,0.0,0.0
4297822,13-96,BEACH CHANNEL DRIVE,11691,414,Queens,135,21,156,3,52.0,0.0,0.0
4297912,12-60,CENTRAL AVENUE,11691,414,Queens,10,1,11,3,3.7,0.0,0.0
4298035,11-27,NAMEOKE AVENUE,11691,414,Queens,79,0,79,17,4.6,0.0,0.0
4298237,16,SCOTT GADELL PLACE,11691,414,Queens,22,0,22,6,3.7,0.0,0.0
4298239,20,SCOTT A GADELL PLACE,11691,414,Queens,53,0,53,6,8.8,0.0,0.0
4298333,608,BEACH 19 STREET,11691,414,Queens,37,0,37,4,9.3,0.0,0.0
4298336,18-15,EVERDELL AVENUE,11691,414,Queens,75,1,76,25,3.0,0.0,0.0
4298338,18-14,GATEWAY BOULEVARD,11691,414,Queens,11,0,11,3,3.7,0.0,0.0
4299005,12-03,FRISCO AVENUE,11691,414,Queens,19,0,19,6,3.2,0.0,0.0
4299521,13-51,BEACH CHANNEL DRIVE,11691,414,Queens,18,0,18,3,6.0,0.0,0.0
4299613,13-21,MC BRIDE STREET,11691,414,Queens,16,0,16,4,4.0,0.0,0.0
4300258,10-40,MC BRIDE STREET,11691,414,Queens,9,0,9,3,3.0,0.0,0.0
4300277,10-26,GIPSON STREET,11691,414,Queens,9,0,9,3,3.0,0.0,0.0
4300323,11-28,DICKENS STREET,11691,414,Queens,49,0,49,3,16.3,0.0,0.0
4300951,24-15,BEACH CHANNEL DRIVE,11691,414,Queens,64,0,64,5,12.8,0.0,0.0
4300980,536,BEACH 22 STREET,11691,414,Queens,106,1,107,46,2.3,0.0,0.0
4301493,310,BEACH   32 STREET,11691,414,Queens,34,1,35,9,3.9,0.0,0.0
4301494,314,BEACH   32 STREET,11691,414,Queens,12,0,12,4,3.0,0.0,0.0
4301495,318,BEACH   32 STREET,11691,414,Queens,26,0,26,5,5.2,0.0,0.0
4301510,28-15,DEERFIELD ROAD,11691,414,Queens,24,0,24,5,4.8,0.0,0.0
4301745,32-05,LEWMAY ROAD,11691,414,Queens,18,0,18,6,3.0,0.0,0.0
4301945,175,BEACH 60 STREET,11692,414,Queens,29,0,29,3,9.7,0.0,0.0
4301997,320,BEACH 67 STREET,11692,414,Queens,96,11,107,3,35.7,0.0,0.0
4301999,342,BEACH 67 STREET,11692,414,Queens,31,0,31,3,10.3,0.0,0.0
4302000,344,BEACH 67 STREET,11692,414,Queens,33,1,34,4,8.5,0.0,0.0
4302001,348,BEACH 67 STREET,11692,414,Queens,15,0,15,3,5.0,0.0,0.0
4302022,67-03,BEACH CHANNEL DRIVE,11692,414,Queens,57,0,57,3,19.0,0.0,0.0
4302024,341,BEACH 67 STREET,11692,414,Queens,19,0,19,3,6.3,0.0,0.0
4302247,460,BEACH 45 STREET,11691,414,Queens,14,0,14,3,4.7,0.0,0.0
4302667,535,BEACH 66 STREET,11692,414,Queens,91,0,91,3,30.3,0.0,0.0
4302671,523,BEACH 66 STREET,11692,414,Queens,11,0,11,3,3.7,0.0,0.0
4302672,519,BEACH 66 STREET,11692,414,Queens,62,1,63,3,21.0,0.0,0.0
4302674,511,BEACH 66 STREET,11692,414,Queens,20,0,20,3,6.7,0.0,0.0
4302836,435,BEACH 66 STREET,11692,414,Queens,21,0,21,3,7.0,0.0,0.0
4302837,431,BEACH 66 STREET,11692,414,Queens,24,0,24,3,8.0,0.0,0.0
4302839,423,BEACH 66 STREET,11692,414,Queens,19,1,20,3,6.7,0.0,0.0
4303059,536,BEACH 72 STREET,11692,414,Queens,10,0,10,3,3.3,0.0,0.0
4303155,69-25,GOUVERNEUR AVENUE,11692,414,Queens,31,1,32,3,10.7,0.0,0.0
4303164,70-04,BEACH CHANNEL DRIVE,11692,414,Queens,2,9,11,3,3.7,0.0,0.0
4303311,357,BEACH 70 STREET,11692,414,Queens,103,0,103,5,20.6,0.0,0.0
4303312,353,BEACH 70 STREET,11692,414,Queens,15,0,15,4,3.8,0.0,0.0
4303697,2-25,BEACH   99 STREET,11694,414,Queens,16,0,16,4,4.0,0.0,0.0
4303749,110-02,ROCKAWAY BEACH BOULEVARD,11694,414,Queens,32,0,32,3,10.7,0.0,0.0
4303861,189,BEACH 112 STREET,11694,414,Queens,48,0,48,7,6.9,0.0,0.0
4304800,117-07,ROCKAWAY BEACH BOULEVARD,11694,414,Queens,24,4,28,7,4.0,0.0,0.0
4305045,135,BEACH 124 STREET,11694,414,Queens,96,1,97,3,32.3,0.0,0.0
4305730,4-03,BEACH  138 STREET,11694,414,Queens,10,0,10,3,3.3,0.0,0.0
4307481,76-76,  47 AVENUE,11373,404,Queens,13,0,13,3,4.3,0.0,0.0
4307625,34-51, 106 STREET,11368,403,Queens,10,0,10,3,3.3,0.0,0.0
4307682,55-28,  98 STREET,11368,404,Queens,19,0,19,6,3.2,0.0,0.0
4307890,63-41, 110 STREET,11375,406,Queens,285,2,287,4,71.8,0.0,0.0
4307892,63-31, 110 STREET,11375,406,Queens,28,0,28,6,4.7,0.0,0.0
4308250,67-01,SELFRIDGE STREET,11375,406,Queens,10,0,10,3,3.3,0.0,0.0
4310388,76-07, 160 STREET,11366,408,Queens,39,1,40,4,10.0,0.0,0.0
4311376,20-74,STEINWAY STREET,11105,401,Queens,34,0,34,8,4.3,0.0,0.0
4311469,137-28,CENTREVILLE STREET,11417,410,Queens,45,0,45,3,15.0,0.0,0.0
4312469,74-15, 101 AVENUE,11416,409,Queens,195,0,195,41,4.8,0.0,0.0
4314570,57-48,VAN DOREN STREET,11368,404,Queens,37,0,37,5,7.4,0.0,0.0
4314622,52-84,  74 STREET,11373,405,Queens,25,0,25,3,8.3,0.0,0.0
4314836,160-10,  75 ROAD,11366,408,Queens,28,0,28,4,7.0,0.0,0.0
4314837,160-28,  75 ROAD,11366,408,Queens,47,0,47,4,11.8,0.0,0.0
4430268,58-43,PENROD STREET,11368,404,Queens,22,0,22,3,7.3,0.0,0.0
4430362,160-04,  75 ROAD,11366,408,Queens,23,0,23,3,7.7,0.0,0.0
4430586,37-10,GREENPOINT AVENUE,11101,402,Queens,10,0,10,3,3.3,0.0,0.0
4430587,104-28,ALSTYNE AVENUE,11368,404,Queens,20,0,20,3,6.7,0.0,0.0
4430612,44-74,  21 STREET,11101,402,Queens,59,2,61,20,3.0,0.0,0.0
4430844,14-24,ASTORIA BOULEVARD,11102,401,Queens,48,1,49,3,16.3,0.0,0.0
4431084,24-26,  29 STREET,11102,401,Queens,43,0,43,9,4.8,0.0,0.0
4431085,24-30,  29 STREET,11102,401,Queens,50,0,50,9,5.6,0.0,0.0
4431346,41-28,  55 STREET,11377,402,Queens,47,0,47,12,3.9,0.0,0.0
4431347,41-34,55 STREET,11377,402,Queens,40,0,40,13,3.1,0.0,0.0
4431358,34-46,  91 STREET,11372,403,Queens,170,0,170,54,3.1,0.0,0.0
4431389,95-15,NORTHERN BOULEVARD,11372,403,Queens,114,0,114,14,8.1,0.0,0.0
4431424,34-19,  90 STREET,11372,403,Queens,146,0,146,54,2.7,0.0,0.0
4431446,42-63,HAMPTON STREET,11373,404,Queens,15,1,16,3,5.3,0.0,0.0
4431670,102-10,LARUE AVENUE,11368,404,Queens,14,0,14,3,4.7,0.0,0.0
4431719,42-60,COLDEN STREET,11355,407,Queens,53,0,53,8,6.6,0.0,0.0
4431721,55-07REAR, 103 STREET,11368,404,Queens,16,0,16,4,4.0,0.0,0.0
4431833,105-26,OTIS AVENUE,11368,404,Queens,12,0,12,3,4.0,0.0,0.0
4434423,70-19,  60 LANE,11385,405,Queens,13,0,13,4,3.3,0.0,0.0
4435250,110-02, 153 STREET,11433,412,Queens,32,0,32,3,10.7,0.0,0.0
4435529,36-14, 109 STREET,11368,403,Queens,14,0,14,4,3.5,0.0,0.0
4435807,1-73,BEACH   91 STREET,11693,414,Queens,21,0,21,6,3.5,0.0,0.0
4436115,410,BEACH   25 STREET,11691,414,Queens,35,0,35,4,8.8,0.0,0.0
4436122,10-36,BAY   30 STREET,11691,414,Queens,45,0,45,6,7.5,0.0,0.0
4436123,29-03,BESSEMUND AVENUE,11691,414,Queens,54,0,54,18,3.0,0.0,0.0
4436125,10-01,HARTMAN LANE,11691,414,Queens,98,0,98,29,3.4,0.0,0.0
4436126,10-02,BAY   30 STREET,11691,414,Queens,84,1,85,20,4.3,0.0,0.0
4436172,13-83,MC BRIDE STREET,11691,414,Queens,10,2,12,3,4.0,0.0,0.0
4440187,153-32,  73 AVENUE,11367,408,Queens,47,1,48,12,4.0,0.0,0.0
4440188,153-15,  75 AVENUE,11367,408,Queens,42,0,42,12,3.5,0.0,0.0
4441184,41-46,  68 STREET,11377,402,Queens,18,0,18,4,4.5,0.0,0.0
4442351,21-16,  35 STREET,11105,401,Queens,79,1,80,39,2.1,0.0,0.0
4442363,21-05,  33 STREET,11105,401,Queens,105,0,105,39,2.7,0.0,0.0
4442366,75-52,GRAND CENTRAL PARKWAY,11375,406,Queens,12,0,12,3,4.0,0.0,0.0
4443867,153-05,HORACE HARDING EXPRESSWAY,11367,407,Queens,24,0,24,6,4.0,0.0,0.0
4445058,108-47,  50 AVENUE,11368,404,Queens,13,0,13,3,4.3,0.0,0.0
4446254,57-04,VAN HORN STREET,11373,404,Queens,36,1,37,3,12.3,0.0,0.0
4447510,69-18,  38 AVENUE,11377,402,Queens,10,0,10,3,3.3,0.0,0.0
4448147,104-08, 150 STREET,11435,412,Queens,64,2,66,5,13.2,0.0,0.0
4448164,150-42,  75 AVENUE,11367,408,Queens,102,0,102,12,8.5,0.0,0.0
4448166,150-41,  75 ROAD,11367,408,Queens,59,0,59,12,4.9,0.0,0.0
4448168,75-06, 153 STREET,11367,408,Queens,100,0,100,12,8.3,0.0,0.0
4448563,47-02,  45 STREET,11377,402,Queens,75,0,75,24,3.1,0.0,0.0
4449418,25-06, 120 STREET,11354,407,Queens,11,0,11,3,3.7,0.0,0.0
4449505,95-17,NORTHERN BOULEVARD,11372,403,Queens,74,1,75,14,5.4,0.0,0.0
4449512,35-02,  95 STREET,11372,403,Queens,219,1,220,72,3.1,0.0,0.0
4449539,71-15,PARK AVENUE,11365,408,Queens,22,0,22,3,7.3,0.0,0.0
4449615,99-65,  64 ROAD,11374,406,Queens,198,5,203,66,3.1,0.0,0.0
4449712,307,BEACH   66 STREET,11692,414,Queens,58,0,58,3,19.3,0.0,0.0
4449713,309,BEACH   66 STREET,11692,414,Queens,24,0,24,3,8.0,0.0,0.0
4449714,311,BEACH   66 STREET,11692,414,Queens,38,0,38,3,12.7,0.0,0.0
4449715,315,BEACH   66 STREET,11692,414,Queens,23,0,23,3,7.7,0.0,0.0
4449872,39-04, 112 STREET,11368,403,Queens,11,0,11,3,3.7,0.0,0.0
4450435,90-39, 179 PLACE,11432,412,Queens,47,1,48,10,4.8,0.0,0.0
4450436,90-37, 179 PLACE,11432,412,Queens,50,0,50,10,5.0,0.0,0.0
4451444,147-51,  72 ROAD,11367,408,Queens,92,0,92,12,7.7,0.0,0.0
4451448,147-07,  72 ROAD,11367,408,Queens,64,1,65,12,5.4,0.0,0.0
4451449,147-53,  72 DRIVE,11367,408,Queens,58,0,58,12,4.8,0.0,0.0
4451451,147-08,  72 ROAD,11367,408,Queens,221,0,221,12,18.4,0.0,0.0
4451455,147-48,  72 ROAD,11367,408,Queens,48,0,48,12,4.0,0.0,0.0
4451461,147-39,  73 AVENUE,11367,408,Queens,65,0,65,11,5.9,0.0,0.0
4451504,72-31, 150 STREET,11367,408,Queens,40,2,42,12,3.5,0.0,0.0
4451506,72-22, 153 STREET,11367,408,Queens,48,0,48,12,4.0,0.0,0.0
4451508,150-15,  72 DRIVE,11367,408,Queens,43,0,43,12,3.6,0.0,0.0
4451510,150-42,  72 DRIVE,11367,408,Queens,48,0,48,12,4.0,0.0,0.0
4451511,150-46,  72 DRIVE,11367,408,Queens,42,0,42,12,3.5,0.0,0.0
4451514,150-41,  73 AVENUE,11367,408,Queens,88,0,88,12,7.3,0.0,0.0
4451515,150-45,  73 AVENUE,11367,408,Queens,138,0,138,12,11.5,0.0,0.0
4451522,150-40,  73 AVENUE,11367,408,Queens,162,0,162,12,13.5,0.0,0.0
4451531,73-12, 153 STREET,11367,408,Queens,43,0,43,12,3.6,0.0,0.0
4451533,150-24,  75 AVENUE,11367,408,Queens,40,0,40,12,3.3,0.0,0.0
4451534,150-48,  75 AVENUE,11367,408,Queens,42,0,42,12,3.5,0.0,0.0
4451605,71-12, 164 STREET,11365,408,Queens,17,0,17,3,5.7,0.0,0.0
4451913,217-19,HILLSIDE AVENUE,11427,413,Queens,13,0,13,3,4.3,0.0,0.0
4452602,211-01 A,HILLSIDE AVENUE,11427,408,Queens,15,0,15,3,5.0,0.0,0.0
4454854,159-07,HILLSIDE AVENUE,11432,408,Queens,26,0,26,4,6.5,0.0,0.0
4454929,14-29, 116 STREET,11356,407,Queens,13,3,16,4,4.0,0.0,0.0
4455120,36-03, 191 STREET,11358,411,Queens,28,0,28,4,7.0,0.0,0.0
4455123,36-21, 191 STREET,11358,411,Queens,50,1,51,4,12.8,0.0,0.0
4455124,36-25, 191 STREET,11358,411,Queens,23,0,23,4,5.8,0.0,0.0
4455126,36-29, 191 STREET,11358,411,Queens,18,0,18,4,4.5,0.0,0.0
4455127,191-07,  37 AVENUE,11358,411,Queens,18,0,18,4,4.5,0.0,0.0
4455128,191-11,  37 AVENUE,11358,411,Queens,17,0,17,4,4.3,0.0,0.0
4455530,72-45, 153 STREET,11367,408,Queens,66,1,67,12,5.6,0.0,0.0
4455536,72-49, 153 STREET,11367,408,Queens,55,0,55,12,4.6,0.0,0.0
4455537,72-26,KISSENA BOULEVARD,11367,408,Queens,52,0,52,12,4.3,0.0,0.0
4455539,153-10,  75 AVENUE,11367,408,Queens,46,0,46,12,3.8,0.0,0.0
4455540,153-28,  75 AVENUE,11367,408,Queens,65,0,65,12,5.4,0.0,0.0
4455542,153-50,  75 AVENUE,11367,408,Queens,60,0,60,12,5.0,0.0,0.0
4455545,75-10,KISSENA BOULEVARD,11367,408,Queens,74,0,74,12,6.2,0.0,0.0
4455546,160-30,  76 AVENUE,11366,408,Queens,15,0,15,4,3.8,0.0,0.0
4457382,101-68, 126 STREET,11419,409,Queens,45,0,45,3,15.0,0.0,0.0
4457407,172-23,JAMAICA AVENUE,11432,412,Queens,42,0,42,4,10.5,0.0,0.0
4457458,107-04, 150 STREET,11435,412,Queens,100,0,100,13,7.7,0.0,0.0
4457491,109-45,GUY R BREWER BOULEVARD,11433,412,Queens,23,0,23,7,3.3,0.0,0.0
4457682,188-05,LINDEN BOULEVARD,11412,412,Queens,14,4,18,3,6.0,0.0,0.0
4457803,328,BEACH   89 STREET,11693,414,Queens,12,0,12,4,3.0,0.0,0.0
4458726,88-49, 162 STREET,11432,412,Queens,15,0,15,3,5.0,0.0,0.0
4458767,22-29,DIX AVENUE,11691,414,Queens,179,1,180,27,6.7,0.0,0.0
4458768,22-37,DIX AVENUE,11691,414,Queens,117,0,117,26,4.5,0.0,0.0
4459154,324,BEACH   66 STREET,11692,414,Queens,12,0,12,3,4.0,0.0,0.0
4459157,328,BEACH   66 STREET,11692,414,Queens,16,0,16,3,5.3,0.0,0.0
4461910,58-08,VAN HORN STREET,11373,404,Queens,21,2,23,3,7.7,0.0,0.0
4462714,88-07,  53 AVENUE,11373,404,Queens,23,0,23,3,7.7,0.0,0.0
4462770,60-55,  55 STREET,11378,405,Queens,12,0,12,3,4.0,0.0,0.0
4462872,136-33,  35 AVENUE,11354,407,Queens,6,7,13,3,4.3,0.0,0.0
4463347,87-18, 168 PLACE,11432,408,Queens,37,1,38,4,9.5,0.0,0.0
4463449,222,BEACH   29 STREET,11691,414,Queens,13,0,13,3,4.3,0.0,0.0
4463483,42-31,ELBERTSON STREET,11373,404,Queens,9,0,9,3,3.0,0.0,0.0
4463894,31-08,SEAGIRT AVENUE,11691,414,Queens,14,0,14,3,4.7,0.0,0.0
4463895,31-10,SEAGIRT AVENUE,11691,414,Queens,9,0,9,3,3.0,0.0,0.0
4463897,31-16,SEAGIRT AVENUE,11691,414,Queens,42,0,42,3,14.0,0.0,0.0
4518469,94-48,MAGNOLIA COURT,11417,410,Queens,9,0,9,3,3.0,0.0,0.0
4518516,2-26,BEACH   98 STREET,11694,414,Queens,14,0,14,3,4.7,0.0,0.0
4525148,102-45,JAMAICA AVENUE,11418,409,Queens,57,0,57,6,9.5,0.0,0.0
4525899,88-20, 179 PLACE,11432,412,Queens,10,0,10,3,3.3,0.0,0.0
4529833,228,BEACH   32 STREET,11691,414,Queens,12,0,12,3,4.0,0.0,0.0
4529834,230,BEACH   32 STREET,11691,414,Queens,28,0,28,3,9.3,0.0,0.0
4530254,14-19,BEACH CHANNEL DRIVE,11691,414,Queens,27,1,28,3,9.3,0.0,0.0
4530274,229,BEACH   31 STREET,11691,414,Queens,23,0,23,3,7.7,0.0,0.0
4530462,142-47,HOR HARDING EXPRESSWAY SR NORT,11367,407,Queens,17,0,17,3,5.7,0.0,0.0
4530865,22-11, 119 STREET,11356,407,Queens,12,0,12,3,4.0,0.0,0.0
4530958,97-58, 108 STREET,11419,409,Queens,9,0,9,3,3.0,0.0,0.0
4530980,168-47,  93 AVENUE,11433,412,Queens,16,0,16,3,5.3,0.0,0.0
4531161,2-15,BEACH   96 STREET,11693,414,Queens,21,0,21,3,7.0,0.0,0.0
4531243,100-19,  41 AVENUE,11368,404,Queens,10,0,10,3,3.3,0.0,0.0
4531347,93-17GAR, 197 STREET,11423,412,Queens,41,0,41,3,13.7,0.0,0.0
4531390,19-11,NEW HAVEN AVENUE,11691,414,Queens,26,0,26,3,8.7,0.0,0.0
4531394,14-07,CHANDLER STREET,11691,414,Queens,11,0,11,3,3.7,0.0,0.0
4531395,14-05,CHANDLER STREET,11691,414,Queens,26,0,26,3,8.7,0.0,0.0
4531406,630,GRASSMERE TERRACE,11691,414,Queens,17,0,17,3,5.7,0.0,0.0
4531408,634,GRASSMERE TERRACE,11691,414,Queens,57,0,57,3,19.0,0.0,0.0
4531443,171,BEACH   60 STREET,11692,414,Queens,9,0,9,3,3.0,0.0,0.0
4531444,169,BEACH   60 STREET,11692,414,Queens,16,1,17,3,5.7,0.0,0.0
4531445,167,BEACH   60 STREET,11692,414,Queens,13,0,13,3,4.3,0.0,0.0
4531450,314,BEACH   86 STREET,11693,414,Queens,10,0,10,3,3.3,0.0,0.0
4531597,95-12GAR,VAN WYCK EXPRESSWAY SR WEST,11419,409,Queens,15,0,15,3,5.0,0.0,0.0
4531605,86-20,KINGSTON PLACE,11432,408,Queens,14,0,14,3,4.7,0.0,0.0
4531693,11-15,MC BRIDE STREET,11691,414,Queens,16,0,16,3,5.3,0.0,0.0
4531696,11-21,MC BRIDE STREET,11691,414,Queens,9,0,9,3,3.0,0.0,0.0
4531776,155-39,  78 STREET,11414,410,Queens,28,0,28,3,9.3,0.0,0.0
4531798,55-05,  98 STREET,11368,404,Queens,15,0,15,3,5.0,0.0,0.0
4532012,35-36,  99 STREET,11368,403,Queens,22,0,22,7,3.1,0.0,0.0
4532092,116-45,FARMERS BOULEVARD,11412,412,Queens,11,1,12,3,4.0,0.0,0.0
4532353,86-68,MIDLAND PARKWAY,11432,408,Queens,65,2,67,3,22.3,0.0,0.0
4532367,155-12, 107 AVENUE,11433,412,Queens,17,0,17,3,5.7,0.0,0.0
4532394,168-64,  93 AVENUE,11433,412,Queens,28,0,28,4,7.0,0.0,0.0
4532529,157,BEACH   26 STREET,11691,414,Queens,23,0,23,3,7.7,0.0,0.0
4532532,149,BEACH   26 STREET,11691,414,Queens,67,0,67,3,22.3,0.0,0.0
4532685,90-23, 175 STREET,11432,412,Queens,22,0,22,3,7.3,0.0,0.0
4532692,173-14,  89 AVENUE,11432,412,Queens,17,0,17,3,5.7,0.0,0.0
4532726,193-11,LINDEN BOULEVARD,11412,412,Queens,84,0,84,3,28.0,0.0,0.0
4532727,193-07,LINDEN BOULEVARD,11412,412,Queens,15,0,15,3,5.0,0.0,0.0
4532728,193-13,LINDEN BOULEVARD,11412,412,Queens,71,0,71,3,23.7,0.0,0.0
4532784,29-23,SEAGIRT AVENUE,11691,414,Queens,22,0,22,3,7.3,0.0,0.0
4532785,29-21,SEAGIRT AVENUE,11691,414,Queens,10,0,10,3,3.3,0.0,0.0
4532791,189,BEACH   29 STREET,11691,414,Queens,13,0,13,3,4.3,0.0,0.0
4532811,141,BEACH   26 STREET,11691,414,Queens,20,0,20,3,6.7,0.0,0.0
4532813,137,BEACH   26 STREET,11691,414,Queens,9,0,9,3,3.0,0.0,0.0
4532814,135,BEACH   26 STREET,11691,414,Queens,24,1,25,3,8.3,0.0,0.0
4532828,1-75,BEACH   91 STREET,11693,414,Queens,21,0,21,3,7.0,0.0,0.0
4532835,22-59,DIX AVENUE,11691,414,Queens,80,1,81,17,4.8,0.0,0.0
4533123,213,BEACH   28 STREET,11691,414,Queens,11,0,11,3,3.7,0.0,0.0
4533127,203,BEACH   28 STREET,11691,414,Queens,31,0,31,3,10.3,0.0,0.0
4533128,215,BEACH   28 STREET,11691,414,Queens,28,0,28,3,9.3,0.0,0.0
4533449,106-05, 155 STREET,11433,412,Queens,16,0,16,3,5.3,0.0,0.0
4533456,541,BEACH   19 STREET,11691,414,Queens,11,0,11,3,3.7,0.0,0.0
4533475,94-32,  45 AVENUE,11373,404,Queens,13,0,13,3,4.3,0.0,0.0
4533592,11-27,MC BRIDE STREET,11691,414,Queens,20,0,20,3,6.7,0.0,0.0
4533677,84-01,LIBERTY AVENUE,11417,409,Queens,9,1,10,3,3.3,0.0,0.0
4534308,311,BEACH   29 STREET,11691,414,Queens,13,2,15,3,5.0,0.0,0.0
4534777,88-22,PONTIAC STREET,11427,413,Queens,12,0,12,3,4.0,0.0,0.0
4534894,22-82,NAMEOKE AVENUE,11691,414,Queens,13,0,13,3,4.3,0.0,0.0
4534917,14-34, 110 STREET,11356,407,Queens,102,9,111,34,3.3,0.0,0.0
4534931,29-41,FAR ROCKAWAY BOULEVARD,11691,414,Queens,29,0,29,3,9.7,0.0,0.0
4534945,29-43A,FAR ROCKAWAY BOULEVARD,11691,414,Queens,42,0,42,3,14.0,0.0,0.0
4535485,90-20,WHITNEY AVENUE,11373,404,Queens,10,0,10,3,3.3,0.0,0.0
4535799,13-05A, 128 STREET,11356,407,Queens,12,0,12,3,4.0,0.0,0.0
4536571,106-42, 156 STREET,11433,412,Queens,11,0,11,3,3.7,0.0,0.0
4536597,164-09, 108 DRIVE,11433,412,Queens,15,0,15,3,5.0,0.0,0.0
4536622,92-08, 175 STREET,11433,412,Queens,26,0,26,4,6.5,0.0,0.0
4536692,133-54,  41 AVENUE,11355,407,Queens,11,0,11,3,3.7,0.0,0.0
4536693,133-60,  41 AVENUE,11355,407,Queens,11,0,11,3,3.7,0.0,0.0
4536759,704,BEACH   19 STREET,11691,414,Queens,10,0,10,3,3.3,0.0,0.0
4536904,37-41,  98 STREET,11368,403,Queens,9,0,9,3,3.0,0.0,0.0
4536999,87-67, 172 STREET,11432,412,Queens,9,0,9,3,3.0,0.0,0.0
4537048,357,BEACH   46 STREET,11691,414,Queens,28,0,28,3,9.3,0.0,0.0
4537062,1886,STARR STREET,11385,405,Queens,12,0,12,3,4.0,0.0,0.0
4537347,145-35,LIBERTY AVENUE,11435,412,Queens,9,0,9,3,3.0,0.0,0.0
4537384,97-03, 191 STREET,11423,412,Queens,31,0,31,3,10.3,0.0,0.0
4537581,91-28, 175 STREET,11432,412,Queens,47,0,47,3,15.7,0.0,0.0
4537605,107-38,PRINCETON STREET,11435,412,Queens,16,0,16,3,5.3,0.0,0.0
4537629,81-17, 102 ROAD,11416,409,Queens,67,4,71,3,23.7,0.0,0.0
4537655,70-05,  67 PLACE,11385,405,Queens,47,0,47,3,15.7,0.0,0.0
4537872,93-04,ATARI LANE,11433,412,Queens,13,0,13,3,4.3,0.0,0.0
4538185,108-17,  43 AVENUE,11368,404,Queens,9,0,9,3,3.0,0.0,0.0
4538440,140-32A,  34 AVENUE,11354,407,Queens,11,0,11,3,3.7,0.0,0.0
4538668,32-17,  58 STREET,11377,401,Queens,9,0,9,3,3.0,0.0,0.0
4538946,102-42,  86 ROAD,11418,409,Queens,10,0,10,3,3.3,0.0,0.0
4539043,91-36, 193 STREET,11423,412,Queens,27,0,27,3,9.0,0.0,0.0
4539295,109-27, 114 STREET,11420,410,Queens,12,0,12,3,4.0,0.0,0.0
4539383,104-61,  39 AVENUE,11368,403,Queens,53,0,53,4,13.3,0.0,0.0
4539400,108-59,  51 AVENUE,11368,404,Queens,19,0,19,4,4.8,0.0,0.0
4539552,101-24,  39 AVENUE,11368,403,Queens,25,0,25,4,6.3,0.0,0.0
4541559,95-10, 118 STREET,11419,409,Queens,23,0,23,3,7.7,0.0,0.0
4547261,27-16,  18 STREET,11102,401,Queens,22,0,22,6,3.7,0.0,0.0
4548210,47-28A,  59 PLACE,11377,402,Queens,11,0,11,3,3.7,0.0,0.0
4548951,106-07,  37 AVENUE,11368,403,Queens,32,0,32,5,6.4,0.0,0.0
4549312,77-07,  60 STREET,11385,405,Queens,18,0,18,3,6.0,0.0,0.0
4561461,43-12, 104 STREET,11368,404,Queens,27,1,28,7,4.0,0.0,0.0
4590303,27-06,SEAGIRT AVENUE,11691,414,Queens,34,0,34,3,11.3,0.0,0.0
4593846,104-10, 150 STREET,11435,412,Queens,25,0,25,5,5.0,0.0,0.0
4594146,80-42,  47 AVENUE,11373,404,Queens,13,0,13,3,4.3,0.0,0.0
4594700,86-19, 116 STREET,11418,409,Queens,26,1,27,3,9.0,0.0,0.0
4594702,86-15, 116 STREET,11418,409,Queens,7,3,10,3,3.3,0.0,0.0
4594998,54-04, 102 STREET,11368,404,Queens,19,1,20,3,6.7,0.0,0.0
4594999,54-06, 102 STREET,11368,404,Queens,15,0,15,3,5.0,0.0,0.0
4595001,54-10, 102 STREET,11368,404,Queens,28,2,30,3,10.0,0.0,0.0
4595261,92-14, 175 STREET,11433,412,Queens,34,0,34,4,8.5,0.0,0.0
4599983,92-12, 175 STREET,11433,412,Queens,138,0,138,4,34.5,0.0,0.0
4602735,4419,ROCKAWAY BEACH BOULEVARD,11691,414,Queens,209,1,210,101,2.1,0.0,0.0
4605201,175-14,  68 AVENUE,11365,408,Queens,45,0,45,3,15.0,0.0,0.0
4607294,205,BEACH   29 STREET,11691,414,Queens,55,0,55,15,3.7,0.0,0.0
4607343,188-21,WOODHULL AVENUE,11423,412,Queens,12,0,12,3,4.0,0.0,0.0
4607927,71-44, 160 STREET,11365,408,Queens,145,0,145,9,16.1,0.0,0.0
4617216,101-17,  37 AVENUE,11368,403,Queens,10,0,10,3,3.3,0.0,0.0
4617249,81-06,DONGAN AVENUE,11373,404,Queens,79,1,80,35,2.3,0.0,0.0
4617749,23-57,  89 STREET,11369,403,Queens,8,2,10,3,3.3,0.0,0.0
4618187,153-18,  73 AVENUE,11367,408,Queens,43,0,43,12,3.6,0.0,0.0
4618191,73-11, 153 STREET,11367,408,Queens,65,0,65,12,5.4,0.0,0.0
4618213,32-28, 108 STREET,11369,403,Queens,29,0,29,3,9.7,0.0,0.0
4618304,60-16,  56 AVENUE,11378,405,Queens,6,3,9,3,3.0,0.0,0.0
4618574,95-52, 112 STREET,11419,409,Queens,9,0,9,3,3.0,0.0,0.0
4618733,107,BEACH   56 PLACE,11692,414,Queens,32,0,32,8,4.0,0.0,0.0
4618856,90-27, 138 PLACE,11435,412,Queens,17,0,17,3,5.7,0.0,0.0
4620145,172-77 A,HIGHLAND AVENUE,11432,408,Queens,17,0,17,3,5.7,0.0,0.0
5000154,17,ST MARKS PLACE,10301,501,Staten Island,25,0,25,3,8.3,0.0,0.0
5000212,440,ST MARKS PLACE,10301,501,Staten Island,12,0,12,4,3.0,0.0,0.0
5000316,298,ST MARKS PLACE,10301,501,Staten Island,119,3,122,10,12.2,0.0,0.0
5000634,43,CURTIS PLACE,10301,501,Staten Island,54,0,54,9,6.0,0.0,0.0
5000752,410,WESTERVELT AVENUE,10301,501,Staten Island,12,1,13,3,4.3,0.0,0.0
5000899,28,LAYTON AVENUE,10301,501,Staten Island,22,0,22,3,7.3,0.0,0.0
5000901,14,LAYTON AVENUE,10301,501,Staten Island,6,3,9,3,3.0,0.0,0.0
5000922,411,JERSEY STREET,10301,501,Staten Island,57,2,59,5,11.8,0.0,0.0
5000991,369,JERSEY STREET,10301,501,Staten Island,158,0,158,16,9.9,0.0,0.0
5000997,136,HENDRICKS AVENUE,10301,501,Staten Island,27,0,27,3,9.0,0.0,0.0
5001042,283 A,JERSEY STREET,10301,501,Staten Island,72,0,72,16,4.5,0.0,0.0
5001077,336 A,JERSEY STREET,10301,501,Staten Island,135,0,135,14,9.6,0.0,0.0
5001157,56,CLEVELAND STREET,10301,501,Staten Island,20,0,20,3,6.7,0.0,0.0
5001233,216 A,JERSEY STREET,10301,501,Staten Island,118,1,119,20,6.0,0.0,0.0
5001253,1,PROSPECT AVENUE,10301,501,Staten Island,17,2,19,4,4.8,0.0,0.0
5001475,514,RICHMOND TERRACE,10301,501,Staten Island,85,0,85,17,5.0,0.0,0.0
5001575,25,HENDERSON AVENUE,10301,501,Staten Island,14,0,14,3,4.7,0.0,0.0
5002498,42,BRIGHTON AVENUE,10301,501,Staten Island,18,0,18,3,6.0,0.0,0.0
5002530,21,STANLEY AVENUE,10301,501,Staten Island,15,0,15,3,5.0,0.0,0.0
5002605,12,CASTLETON AVENUE,10301,501,Staten Island,17,0,17,4,4.3,0.0,0.0
5004904,52,BRITTON STREET,10310,501,Staten Island,53,0,53,4,13.3,0.0,0.0
5005889,167,MYRTLE AVENUE,10310,501,Staten Island,27,0,27,4,6.8,0.0,0.0
5013235,661,BAY STREET,10304,501,Staten Island,45,9,54,4,13.5,0.0,0.0
5013401,279,VAN DUZER STREET,10304,501,Staten Island,31,0,31,6,5.2,0.0,0.0
5013689,115,WRIGHT STREET,10304,501,Staten Island,50,0,50,3,16.7,0.0,0.0
5013752,83,THOMPSON STREET,10304,501,Staten Island,44,0,44,4,11.0,0.0,0.0
5013755,89,THOMPSON STREET,10304,501,Staten Island,22,0,22,4,5.5,0.0,0.0
5013764,660,BAY STREET,10304,501,Staten Island,15,0,15,4,3.8,0.0,0.0
5013778,91,BROAD STREET,10304,501,Staten Island,39,0,39,6,6.5,0.0,0.0
5014053,209,BROAD STREET,10304,501,Staten Island,12,1,13,4,3.3,0.0,0.0
5014286,77,OSGOOD AVENUE,10304,501,Staten Island,103,0,103,4,25.8,0.0,0.0
5014382,207,TARGEE STREET,10304,501,Staten Island,17,1,18,3,6.0,0.0,0.0
5014517,84,ST PAULS AVENUE,10301,501,Staten Island,39,0,39,9,4.3,0.0,0.0
5014733,200,VICTORY BOULEVARD,10301,501,Staten Island,55,1,56,17,3.3,0.0,0.0
5023714,70,PARK AVENUE,10302,501,Staten Island,57,0,57,16,3.6,0.0,0.0
5023776,1918,RICHMOND TERRACE,10302,501,Staten Island,36,0,36,4,9.0,0.0,0.0
5023870,137,HEBERTON AVENUE,10302,501,Staten Island,159,0,159,28,5.7,0.0,0.0
5024787,457,PORT RICHMOND AVENUE,10302,501,Staten Island,12,0,12,3,4.0,0.0,0.0
5026617,244,HOOKER PLACE,10303,501,Staten Island,13,0,13,4,3.3,0.0,0.0
5027565,180,VAN PELT AVENUE,10303,501,Staten Island,13,1,14,4,3.5,0.0,0.0
5028191,147,SOUTH AVENUE,10303,501,Staten Island,12,1,13,4,3.3,0.0,0.0
5028262,201,SOUTH AVENUE,10303,501,Staten Island,10,0,10,3,3.3,0.0,0.0
5028394,3240,RICHMOND TERRACE,10303,501,Staten Island,29,0,29,4,7.3,0.0,0.0
5039677,3,LAMPED LOOP,10314,502,Staten Island,12,0,12,3,4.0,0.0,0.0
5042410,8,NORWOOD AVENUE,10304,501,Staten Island,16,0,16,3,5.3,0.0,0.0
5042457,50,TOWNSEND AVENUE,10304,501,Staten Island,42,1,43,10,4.3,0.0,0.0
5049417,194,SEAVIEW AVENUE,10305,502,Staten Island,93,0,93,15,6.2,0.0,0.0
5050439,70,MC LAUGHLIN STREET,10305,502,Staten Island,9,0,9,3,3.0,0.0,0.0
5091955,461,MEDINA STREET,10306,503,Staten Island,25,0,25,8,3.1,0.0,0.0
5104017,301,SOUTH AVENUE,10303,501,Staten Island,24,0,24,8,3.0,0.0,0.0
5106084,190,NORTH RAILROAD AVE,10304,502,Staten Island,59,0,59,12,4.9,0.0,0.0
5106203,166,ST MARYS AVENUE,10305,501,Staten Island,52,0,52,6,8.7,0.0,0.0
5106237,260,PARKHILL AVENUE,10304,501,Staten Island,307,13,320,132,2.4,0.0,0.0
5106868,251,BROAD STREET,10304,501,Staten Island,96,0,96,3,32.0,0.0,0.0
5108495,247 A,JERSEY STREET,10301,501,Staten Island,63,1,64,15,4.3,0.0,0.0
5109183,1288,RICHMOND AVENUE,10314,501,Staten Island,100,0,100,40,2.5,0.0,0.0
5113002,225 A,JERSEY STREET,10301,501,Staten Island,76,0,76,16,4.8,0.0,0.0
5116727,140,PARKHILL AVENUE,10304,501,Staten Island,567,0,567,132,4.3,0.0,0.0
5117027,227,VANDERBILT AVENUE,10304,501,Staten Island,22,2,24,4,6.0,0.0,0.0
5149978,69,THOMPSON STREET,10304,501,Staten Island,15,0,15,5,3.0,0.0,0.0
5151359,1924,RICHMOND TERRACE,10302,501,Staten Island,91,1,92,6,15.3,0.0,0.0
5151387,148,HENDRICKS AVENUE,10301,501,Staten Island,40,0,40,13,3.1,0.0,0.0
5152983,71,THOMPSON STREET,10304,501,Staten Island,23,0,23,5,4.6,0.0,0.0
5158863,160,ARLO ROAD,10301,501,Staten Island,12,2,14,4,3.5,0.0,0.0
5171833,88,LAYTON AVENUE,10301,501,Staten Island,16,0,16,3,5.3,0.0,0.0
