Bin,House Number,Street Name,Zip,Community Board,Borough Name,Block,Lot,LONGITUDE_POINT_X,LATITUDE_POINT_Y
1000032,20,BEAVER STREET,10004,101,Manhattan,11,10,-74.01229,40.70482
1001038,120,CEDAR STREET,10006,101,Manhattan,52,10,-74.01265,40.7095
1001057,94A,GREENWICH STREET,10006,101,Manhattan,53,40,-74.0138,40.70816
1001490,160,CHAMBERS STREET,10007,101,Manhattan,137,25,-74.01037,40.71581
1001511,13,HUDSON STREET,10013,101,Manhattan,141,1,-74.00939,40.71646
1002171,8,BEACH STREET,10013,101,Manhattan,190,39,-74.0062,40.72012
1002178,239,WEST BROADWAY,10013,101,Manhattan,191,11,-74.00578,40.71949
1002317,380,BROADWAY,10013,101,Manhattan,195,1,-74.00259,40.71793
1002642,111,MOTT STREET,10013,102,Manhattan,205,23,-73.99757,40.71761
1002653,123,MULBERRY STREET,10013,102,Manhattan,206,17,-73.99825,40.71796
1002977,23,GREENE STREET,10013,102,Manhattan,229,32,-74.00284,40.72126
1003278,125,MADISON STREET,10002,103,Manhattan,275,1,-73.99393,40.71254
1003303,47,MARKET STREET,10002,103,Manhattan,276,25,-73.99457,40.71197
1003431,19,HENRY STREET,10002,103,Manhattan,280,55,-73.9969,40.71293
1003500,54,EAST BROADWAY,10002,103,Manhattan,281,25,-73.99551,40.71381
1003535,105,EAST BROADWAY,10002,103,Manhattan,282,25,-73.99309,40.7136
1003708,217,HENRY STREET,10002,103,Manhattan,286,5,-73.98665,40.71387
1003724,251,EAST BROADWAY,10002,103,Manhattan,286,25,-73.98576,40.71421
1003802,42,CANAL STREET,10002,103,Manhattan,294,25,-73.9915,40.71463
1004043,31,ESSEX STREET,10002,103,Manhattan,310,30,-73.98986,40.71598
1004117,175,STANTON STREET,10002,103,Manhattan,344,150,-73.98428,40.71996
1004353,24,AVENUE C,10009,103,Manhattan,372,6,-73.98061,40.72126
1004360,298,EAST 3 STREET,10009,103,Manhattan,372,22,-73.97961,40.721
1004747,133,AVENUE C,10009,103,Manhattan,391,35,-73.97847,40.72503
1004749,129,AVENUE C,10009,103,Manhattan,391,37,-73.97854,40.72493
1005095,106,AVENUE B,10009,103,Manhattan,402,36,-73.98154,40.72498
1005111,519,EAST 6 STREET,10009,103,Manhattan,402,56,-73.9828,40.72521
1005206,512,EAST 13 STREET,10009,103,Manhattan,406,12,-73.98029,40.72924
1005450,73,ORCHARD STREET,10002,103,Manhattan,413,50,-73.99076,40.71761
1005492,127,ALLEN STREET,10002,103,Manhattan,415,32,-73.99041,40.72
1005493,125,ALLEN STREET,10002,103,Manhattan,415,33,-73.99044,40.71993
1005755,110,E 1ST ST,10009,103,Manhattan,429,47,-73.98671,40.7228
1005814,91,EAST    7 STREET,10009,103,Manhattan,435,1,-73.98544,40.72697
1005992,440,EAST 13 STREET,10009,103,Manhattan,440,28,-73.98164,40.7298
1006021,219,AVENUE A,10009,103,Manhattan,441,32,-73.98086,40.73019
1006339,119,1 AVENUE,10003,103,Manhattan,449,36,-73.98585,40.72727
1006573,84,EAST    4 STREET,10003,103,Manhattan,459,28,-73.98975,40.7262
1006594,75,2 AVENUE,10003,103,Manhattan,460,39,-73.98954,40.72659
1006595,73,2 AVENUE,10003,103,Manhattan,460,40,-73.98954,40.72652
1006853,204,EAST   13 STREET,10003,103,Manhattan,468,11,-73.98737,40.73226
1006931,115,ELIZABETH STREET,10013,102,Manhattan,470,24,-73.9958,40.71918
1006932,113,ELIZABETH STREET,10013,102,Manhattan,470,25,-73.99583,40.71911
1006984,375,BROOME STREET,10013,102,Manhattan,471,41,-73.99641,40.72005
1007074,62,GRAND STREET,10013,102,Manhattan,475,32,-74.00326,40.72237
1007176,18 R,SPRING STREET,10012,102,Manhattan,479,190,-73.99509,40.7211
1007254,442,BROOME STREET,10013,102,Manhattan,484,28,-74.00005,40.72203
1007481,24,PRINCE STREET,10012,102,Manhattan,493,16,-73.99465,40.72269
1007535,51,SPRING STREET,10012,102,Manhattan,495,42,-73.99641,40.72211
1007859,262,ELIZABETH STREET,10012,102,Manhattan,507,18,-73.99342,40.7239
1008199,4,BLEECKER STREET,10012,102,Manhattan,521,73,-73.99271,40.72523
1008252,108,WEST HOUSTON STREET,10012,102,Manhattan,525,25,-74.00055,40.72756
1008319,182,BLEECKER STREET,10012,102,Manhattan,526,58,-74.00108,40.7289
1008746,119,MAC DOUGAL STREET,10012,102,Manhattan,543,21,-74.00038,40.73032
1009447,49,W 8TH ST,10011,102,Manhattan,572,68,-73.99853,40.73341
1009735,282,HUDSON STREET,10013,102,Manhattan,579,1,-74.0074,40.72528
1010074,319,6 AVENUE,10014,102,Manhattan,589,34,-74.0018,40.73111
1010197,82,CHRISTOPHER STREET,10014,102,Manhattan,591,48,-74.00362,40.73334
1010281,16,GAY STREET,10014,102,Manhattan,593,47,-74.00051,40.73368
1010282,14,GAY STREET,10014,102,Manhattan,593,48,-74.00056,40.73365
1010584,107,WEST 11 STREET,10011,102,Manhattan,607,49,-73.99858,40.73577
1011161,200,WEST 10 STREET,10014,102,Manhattan,619,62,-74.00381,40.73392
1012162,69,HORATIO STREET,10014,102,Manhattan,643,64,-74.00702,40.73894
1012354,225,10 AVENUE,10011,104,Manhattan,695,35,-74.00423,40.74807
1012580,167,   9 AVENUE,10011,104,Manhattan,717,43,-74.00304,40.74463
1012805,406,WEST 25 STREET,10001,104,Manhattan,722,45,-74.00105,40.74781
1012864,461,WEST   35 STREET,10001,104,Manhattan,733,1,-73.99828,40.75522
1012879,454,WEST 36 STREET,10018,104,Manhattan,733,66,-73.99783,40.75547
1013323,332,WEST 22 STREET,10011,104,Manhattan,745,55,-74.00051,40.74503
1013653,352,WEST 39 STREET,10018,104,Manhattan,762,68,-73.9937,40.75618
1013726,215,WEST   14 STREET,10011,104,Manhattan,764,30,-74.00025,40.73912
1013980,152,7 AVENUE,10011,104,Manhattan,769,34,-73.99765,40.74186
1014260,211,WEST 28 STREET,10001,105,Manhattan,778,33,-73.9939,40.7477
1014295,208,WEST 30 STREET,10001,105,Manhattan,779,49,-73.99325,40.74857
1014788,209,7 AVENUE,10011,104,Manhattan,798,1,-73.99583,40.7434
1015015,763,6 AVENUE,10010,104,Manhattan,801,40,-73.99191,40.74458
1015054,154,WEST 27 STREET,10001,105,Manhattan,802,71,-73.99313,40.74608
1015092,136,WEST 28 STREET,10001,105,Manhattan,803,60,-73.99223,40.74652
1015635,35,WEST 26 STREET,10010,105,Manhattan,828,13,-73.99022,40.74454
1015760,13,WEST 29 STREET,10001,105,Manhattan,831,26,-73.98782,40.74596
1015810,23,WEST 31 STREET,10001,105,Manhattan,833,27,-73.98711,40.74727
1016906,45,EAST 28 STREET,10016,105,Manhattan,858,34,-73.98439,40.74369
1017216,32,EAST 38 STREET,10016,106,Manhattan,867,47,-73.98046,40.74977
1018023,294,3 AVENUE,10010,106,Manhattan,878,42,-73.98357,40.73872
1018206,127,EAST 28 STREET,10016,105,Manhattan,884,16,-73.98274,40.74298
1019640,227,EAST 21 STREET,10010,106,Manhattan,902,19,-73.98265,40.73719
1019835,244,EAST 26 STREET,10010,106,Manhattan,906,34,-73.98002,40.7398
1020443,346,EAST 18 STREET,10003,106,Manhattan,923,39,-73.98138,40.73388
1021883,339,EAST 33 STREET,10016,106,Manhattan,939,24,-73.97456,40.7436
1024941,325,WEST 42 STREET,10036,104,Manhattan,1033,19,-73.99085,40.75799
1025018,334,WEST 46 STREET,10036,104,Manhattan,1036,47,-73.98938,40.76015
1025065,330,WEST   47 STREET,10036,104,Manhattan,1037,50,-73.98917,40.76088
1025089,343,WEST 47 STREET,10036,104,Manhattan,1038,11,-73.9892,40.76138
1025159,338,WEST 49 STREET,10019,104,Manhattan,1039,55,-73.98863,40.76229
1025237,359,WEST 52 STREET,10019,104,Manhattan,1043,9,-73.98705,40.76457
1025396,345,WEST 53 STREET,10019,104,Manhattan,1044,10,-73.98657,40.76511
1026461,410,WEST 46 STREET,10036,104,Manhattan,1055,40,-73.99166,40.76111
1026472,460,WEST 46 STREET,10036,104,Manhattan,1055,61,-73.99343,40.76198
1026589,439,WEST 48 STREET,10036,104,Manhattan,1058,11,-73.99159,40.76318
1026614,420,WEST 49 STREET,10019,104,Manhattan,1058,43,-73.99053,40.76308
1026668,738,10 AVENUE,10019,104,Manhattan,1060,3,-73.99137,40.76479
1026669,740,10 AVENUE,10019,104,Manhattan,1060,4,-73.99133,40.76486
1026733,462,WEST 52 STREET,10019,104,Manhattan,1061,61,-73.99068,40.76572
1026970,665,10 AVENUE,10036,104,Manhattan,1075,35,-73.99355,40.76276
1026974,524,WEST 47 STREET,10036,104,Manhattan,1075,44,-73.99436,40.76306
1029766,114,WEST 71 STREET,10023,107,Manhattan,1142,38,-73.98004,40.77681
1029874,167,WEST 71 STREET,10023,107,Manhattan,1143,7,-73.98134,40.77784
1029936,103,WEST 72 STREET,10023,107,Manhattan,1144,31,-73.97896,40.7778
1029937,260,COLUMBUS AVENUE,10023,107,Manhattan,1144,7502,-73.97885,40.77775
1029964,104,WEST 73 STREET,10023,107,Manhattan,1144,134,-73.97876,40.77804
1030102,155,WEST 74 STREET,10023,107,Manhattan,1146,106,-73.97989,40.77985
1030171,169,WEST 76 STREET,10023,107,Manhattan,1148,6,-73.97904,40.78115
1030428,230,WEST 72 STREET,10023,107,Manhattan,1163,49,-73.98326,40.77899
1030918,226,WEST 79 STREET,10024,107,Manhattan,1170,45,-73.97958,40.78336
1031291,501,COLUMBUS AVENUE,10024,107,Manhattan,1198,1,-73.97272,40.78517
1031334,68,WEST 85 STREET,10024,107,Manhattan,1198,59,-73.97221,40.78536
1031446,59,WEST 87 STREET,10024,107,Manhattan,1201,5,-73.97103,40.78713
1031538,24,WEST 89 STREET,10024,107,Manhattan,1202,141,-73.96894,40.78741
1031551,53,WEST 89 STREET,10024,107,Manhattan,1203,12,-73.96959,40.78817
1031558,33,WEST 89 STREET,10024,107,Manhattan,1203,20,-73.96895,40.7879
1031735,34,WEST 96 STREET,10025,107,Manhattan,1209,46,-73.96606,40.79194
1032069,460,COLUMBUS AVENUE,10024,107,Manhattan,1213,29,-73.97422,40.7841
1032108,487,AMSTERDAM AVENUE,10024,107,Manhattan,1214,4,-73.97592,40.78589
1032117,137,WEST 83 STREET,10024,107,Manhattan,1214,18,-73.97476,40.78528
1032123,162,WEST 84 STREET,10024,107,Manhattan,1214,61,-73.97576,40.78614
1032214,142,WEST 87 STREET,10024,107,Manhattan,1217,49,-73.97331,40.78759
1032782,488,AMSTERDAM AVENUE,10024,107,Manhattan,1231,33,-73.97649,40.78621
1033649,698,AMSTERDAM AVENUE,10025,107,Manhattan,1241,35,-73.97176,40.79271
1033650,200,WEST 94 STREET,10025,107,Manhattan,1241,36,-73.9717,40.79278
1034063,317,WEST 88 STREET,10024,107,Manhattan,1250,122,-73.97757,40.79072
1034191,320,WEST 96 STREET,10025,107,Manhattan,1253,86,-73.97432,40.79541
1034825,19,WEST 55 STREET,10019,105,Manhattan,1271,25,-73.97588,40.76232
1036204,148,EAST 46 STREET,10017,106,Manhattan,1300,146,-73.97366,40.75352
1038231,245,EAST 49 STREET,10017,106,Manhattan,1323,20,-73.96945,40.75469
1038249,939,2 AVENUE,10022,106,Manhattan,1323,128,-73.96888,40.75483
1038476,981,2 AVENUE,10022,106,Manhattan,1325,31,-73.96794,40.75615
1038541,224,EAST 53 STREET,10022,106,Manhattan,1326,38,-73.96852,40.75709
1038763,840,2 AVENUE,10017,106,Manhattan,1337,50,-73.97066,40.75145
1039480,312,EAST 50 STREET,10022,106,Manhattan,1342,47,-73.96809,40.75445
1039640,312,EAST 51 STREET,10022,106,Manhattan,1343,145,-73.96748,40.75505
1041247,32,EAST 68 STREET,10065,108,Manhattan,1382,149,-73.96699,40.76884
1044030,1433,2 AVENUE,10021,108,Manhattan,1429,26,-73.95737,40.77063
1044213,338,EAST 61 STREET,10065,108,Manhattan,1435,32,-73.96178,40.76092
1045161,1460,2 AVENUE,10075,108,Manhattan,1451,3,-73.95602,40.77149
1045225,1496,2 AVENUE,10075,108,Manhattan,1452,49,-73.95535,40.77244
1045252,355,EAST   78 STREET,10075,108,Manhattan,1453,23,-73.95342,40.77188
1046008,1490,1 AVENUE,10075,108,Manhattan,1472,49,-73.95309,40.77132
1046666,23,EAST 81 STREET,10028,108,Manhattan,1493,7506,-73.96149,40.77802
1047577,164,EAST   82 STREET,10028,108,Manhattan,1510,45,-73.95685,40.7764
1048093,168,EAST   89 STREET,10128,108,Manhattan,1517,42,-73.9533,40.78082
1048126,1600,3 AVENUE,10128,108,Manhattan,1518,39,-73.95252,40.78139
1048678,206,EAST 83 STREET,10028,108,Manhattan,1528,44,-73.95503,40.77646
1048684,203,EAST 82 STREET,10028,108,Manhattan,1528,104,-73.95529,40.77621
1048874,201,EAST 89 STREET,10128,108,Manhattan,1535,1,-73.95218,40.78071
1048897,1737,2 AVENUE,10128,108,Manhattan,1535,27,-73.95027,40.78038
1049830,354,    EAST 81ST STREET,10028,108,Manhattan,1543,130,-73.95227,40.77368
1049960,321,EAST 84 STREET,10028,108,Manhattan,1547,11,-73.95158,40.77634
1050205,1748,   2 AVENUE,10128,108,Manhattan,1554,1,-73.94907,40.78104
1050251,325,EAST   92 STREET,10128,108,Manhattan,1555,15,-73.94752,40.78133
1050333,315,EAST 95 STREET,10128,108,Manhattan,1558,11,-73.94644,40.78333
1050481,453,EAST 83 STREET,10028,108,Manhattan,1563,121,-73.94884,40.77435
1050606,400,EAST 88 STREET,10128,108,Manhattan,1567,45,-73.94822,40.77796
1050727,411,EAST 90 STREET,10128,108,Manhattan,1570,9,-73.94656,40.77928
1051189,517,EAST 83 STREET,10028,108,Manhattan,1580,12,-73.94735,40.77372
1051413,100,LENOX AVENUE,10026,110,Manhattan,1599,1,-73.94969,40.80131
1051582,1622,MADISON AVENUE,10029,111,Manhattan,1614,16,-73.94865,40.79524
1051591,18,EAST 109 STREET,10029,111,Manhattan,1614,62,-73.94888,40.79562
1051606,8,EAST  110 STREET,10029,111,Manhattan,1615,60,-73.94845,40.79627
1051650,54,EAST 116 STREET,10029,111,Manhattan,1621,49,-73.94459,40.79957
1051657,14,EAST  116 STREET,10029,111,Manhattan,1621,64,-73.94578,40.80006
1051658,12,EAST 116 STREET,10029,111,Manhattan,1621,65,-73.94585,40.8001
1051659,10,EAST 116 STREET,10029,111,Manhattan,1621,66,-73.94593,40.80013
1051662,1411,5 AVENUE,10029,111,Manhattan,1621,71,-73.94637,40.80026
1051691,1674,PARK AVENUE,10035,111,Manhattan,1623,40,-73.94272,40.80067
1051786,111,EAST  100 STREET,10029,111,Manhattan,1628,6,-73.94976,40.78897
1051802,195,EAST 100 STREET,10029,111,Manhattan,1628,32,-73.94783,40.78816
1051847,177,EAST 101 STREET,10029,111,Manhattan,1629,30,-73.94746,40.78883
1051860,116,EAST 102 STREET,10029,111,Manhattan,1629,64,-73.949,40.78979
1051876,105,EAST  102 STREET,10029,111,Manhattan,1630,3,-73.9492,40.79037
1051901,126,EAST 103 STREET,10029,111,Manhattan,1630,61,-73.94834,40.79034
1051903,122,EAST 103 STREET,10029,111,Manhattan,1630,65,-73.94865,40.79047
1051904,118,EAST  103 STREET,10029,111,Manhattan,1630,67,-73.94878,40.79053
1051936,166,EAST 104 STREET,10029,111,Manhattan,1631,48,-73.94683,40.79052
1051955,151,EAST 104 STREET,10029,111,Manhattan,1632,22,-73.94694,40.79094
1051956,155,EAST 104 STREET,10029,111,Manhattan,1632,23,-73.94672,40.79097
1051978,150,EAST 105 STREET,10029,111,Manhattan,1632,51,-73.94658,40.79127
1051997,175,EAST 105 STREET,10029,111,Manhattan,1633,32,-73.94554,40.7913
1052063,1700,LEXINGTON AVENUE,10029,111,Manhattan,1634,117,-73.94626,40.79269
1052100,181,EAST 107 STREET,10029,111,Manhattan,1635,132,-73.94455,40.79264
1052176,1783,LEXINGTON AVENUE,10029,111,Manhattan,1638,21,-73.94397,40.795
1052187,162,EAST 111 STREET,10029,111,Manhattan,1638,48,-73.9436,40.79504
1052200,160,EAST 111 STREET,10029,111,Manhattan,1638,148,-73.94366,40.79507
1052203,171,EAST  111 STREET,10029,111,Manhattan,1639,29,-73.94305,40.7953
1052247,171,EAST 115 STREET,10029,111,Manhattan,1643,29,-73.9412,40.79778
1052270,112,EAST  116 STREET,10029,111,Manhattan,1643,65,-73.94268,40.79876
1052271,110,EAST  116 STREET,10029,111,Manhattan,1643,7502,-73.94276,40.7988
1052272,108,EAST 116 STREET,10029,111,Manhattan,1643,7501,-73.94283,40.79883
1052303,2134,3 AVENUE,10035,111,Manhattan,1644,36,-73.94004,40.7984
1052344,175,EAST 117 STREET,10035,111,Manhattan,1645,29,-73.94017,40.79914
1052375,1865,2 AVENUE,10029,111,Manhattan,1646,7501,-73.9473,40.78453
1052403,212,EAST 105 STREET,10029,111,Manhattan,1654,141,-73.94459,40.7904
1052463,245,EAST 110 STREET,10029,111,Manhattan,1660,19,-73.94102,40.79362
1052486,253,EAST 110 STREET,10029,111,Manhattan,1660,120,-73.94088,40.79353
1052506,232,EAST 112 STREET,10029,111,Manhattan,1661,35,-73.9407,40.79464
1052530,233,EAST 115 STREET,10029,111,Manhattan,1665,16,-73.93911,40.79693
1052532,237,EAST 115 STREET,10029,111,Manhattan,1665,18,-73.93895,40.79686
1052533,239,EAST 115 STREET,10029,111,Manhattan,1665,21,-73.93883,40.79681
1052534,241,EAST 115 STREET,10029,111,Manhattan,1665,22,-73.9387,40.79676
1052583,2263,2 AVENUE,10035,111,Manhattan,1666,21,-73.9379,40.79731
1052594,212,EAST 117 STREET,10035,111,Manhattan,1666,41,-73.939,40.79816
1052623,2291 1/2,   2 AVENUE,10035,111,Manhattan,1667,25,-73.93736,40.79816
1052774,312,EAST 106 STREET,10029,111,Manhattan,1677,44,-73.94176,40.79003
1052818,310,EAST 109 STREET,10029,111,Manhattan,1680,48,-73.94057,40.79212
1052837,2121,1 AVENUE,10029,111,Manhattan,1681,23,-73.93886,40.79177
1052840,2127,1 AVENUE,10029,111,Manhattan,1681,26,-73.93872,40.79196
1052854,347,EAST 109 STREET,10029,111,Manhattan,1681,123,-73.93895,40.79193
1052863,2158,2 AVENUE,10029,111,Manhattan,1682,50,-73.93991,40.79352
1052869,2168,2 AVENUE,10029,111,Manhattan,1683,4,-73.93963,40.79398
1052873,311,EAST 111 STREET,10029,111,Manhattan,1683,8,-73.93916,40.79366
1052882,2165,1 AVENUE,10029,111,Manhattan,1683,30,-73.93763,40.79346
1052883,344,EAST  112 STREET,10029,111,Manhattan,1683,31,-73.93795,40.79348
1052892,2172,2 AVENUE,10029,111,Manhattan,1683,51,-73.93954,40.79411
1052896,304,EAST 112 STREET,10029,111,Manhattan,1683,149,-73.93935,40.79407
1052897,2240,2 AVENUE,10029,111,Manhattan,1687,1,-73.93792,40.7963
1052920,340,EAST 116 STREET,10029,111,Manhattan,1687,35,-73.93642,40.79612
1052923,324,EAST  116 STREET,10029,111,Manhattan,1687,40,-73.93683,40.79629
1052924,322,EAST 116 STREET,10029,111,Manhattan,1687,41,-73.93689,40.79632
1052928,310,EAST 116 STREET,10029,111,Manhattan,1687,45,-73.93724,40.79647
1052930,306,EAST 116 STREET,10029,111,Manhattan,1687,47,-73.93743,40.79654
1052934,305,EAST 115 STREET,10029,111,Manhattan,1687,104,-73.93769,40.79633
1052973,2274,2 AVENUE,10035,111,Manhattan,1688,50,-73.93709,40.79743
1052993,2294,2 AVENUE,10035,111,Manhattan,1689,50,-73.93666,40.79803
1053007,411,EAST 114 STREET,10029,111,Manhattan,1708,7,-73.93555,40.79461
1053008,413,EAST 114 STREET,10029,111,Manhattan,1708,8,-73.93543,40.79456
1053009,417,EAST 114 STREET,10029,111,Manhattan,1708,10,-73.93533,40.79452
1053010,419,EAST 114 STREET,10029,111,Manhattan,1708,11,-73.93525,40.79448
1053011,421,EAST 114 STREET,10029,111,Manhattan,1708,12,-73.93517,40.79445
1053025,434,EAST 115 STREET,10029,111,Manhattan,1708,34,-73.9348,40.79462
1053056,432,EAST 116 STREET,10029,111,Manhattan,1709,35,-73.93438,40.79526
1053060,416,EAST 116 STREET,10029,111,Manhattan,1709,40,-73.93483,40.79545
1053069,412,EAST  116 STREET,10029,111,Manhattan,1709,142,-73.93497,40.79551
1053077,415,EAST  116 STREET,10029,111,Manhattan,1710,9,-73.93449,40.79592
1053109,413,EAST 117 STREET,10035,111,Manhattan,1711,7,-73.93412,40.7966
1053170,320,PLEASANT AVENUE,10035,111,Manhattan,1716,1,-73.93227,40.79572
1053177,83,WEST 118 STREET,10026,110,Manhattan,1717,5,-73.94806,40.8033
1053181,73,WEST 118 STREET,10026,110,Manhattan,1717,9,-73.94774,40.80316
1053182,71,WEST  118 STREET,10026,110,Manhattan,1717,10,-73.94766,40.80313
1053183,69,WEST  118 STREET,10026,110,Manhattan,1717,11,-73.94758,40.80309
1053212,54,WEST 119 STREET,10026,110,Manhattan,1717,57,-73.94701,40.80317
1053218,74,WEST 119 STREET,10026,110,Manhattan,1717,65,-73.94762,40.80343
1053234,91,WEST 119 STREET,10026,110,Manhattan,1718,5,-73.94759,40.80392
1053292,81,WEST 119 STREET,10026,110,Manhattan,1718,108,-73.94731,40.80381
1053297,49,WEST 119 STREET,10026,110,Manhattan,1718,119,-73.94644,40.80344
1053322,15,WEST 120 STREET,10027,110,Manhattan,1720,9,-73.94684,40.80442
1053364,11,MT MORRIS PARK WEST,10027,110,Manhattan,1720,51,-73.94589,40.80473
1053367,14,MT MORRIS PARK WEST,10027,110,Manhattan,1720,54,-73.94579,40.80492
1053388,242,LENOX AVENUE,10027,110,Manhattan,1721,2,-73.9464,40.80583
1053397,3,WEST 122 STREET,10027,110,Manhattan,1721,7501,-73.94565,40.80557
1053398,22,MOUNT MORRIS PARK WEST,10027,110,Manhattan,1721,14,-73.94544,40.80542
1053420,23,WEST 123 STREET,10027,110,Manhattan,1721,41,-73.94571,40.80641
1053464,2010,5 AVENUE,10035,110,Manhattan,1722,37,-73.94281,40.80619
1053476,52,WEST  125 STREET,10027,110,Manhattan,1722,57,-73.94426,40.80695
1053615,65,WEST 127 STREET,10027,110,Manhattan,1725,9,-73.9435,40.80888
1053651,38,WEST 128 STREET,10027,110,Manhattan,1725,55,-73.94267,40.80885
1053660,70,WEST 128 STREET,10027,110,Manhattan,1725,69,-73.94379,40.8094
1053698,2,WEST 129 STREET,10027,110,Manhattan,1726,39,-73.94083,40.80896
1053715,33,WEST 128 STREET,10027,110,Manhattan,1726,122,-73.94204,40.80908
1053773,69,WEST 130 STREET,10037,110,Manhattan,1728,6,-73.94243,40.81087
1053821,8,WEST 131 STREET,10037,110,Manhattan,1728,143,-73.94038,40.81034
1053837,35,WEST 131 STREET,10037,110,Manhattan,1729,19,-73.94089,40.81105
1053909,19,WEST 137 STREET,10037,110,Manhattan,1735,22,-73.93793,40.81482
1053946,1,EAST 118 STREET,10035,111,Manhattan,1745,1,-73.94515,40.80194
1054019,4,EAST  125 STREET,10035,111,Manhattan,1749,66,-73.94192,40.80594
1054042,77,EAST 125 STREET,10035,111,Manhattan,1750,31,-73.9395,40.80556
1054067,18,EAST 126 STREET,10035,111,Manhattan,1750,65,-73.9411,40.80656
1054095,51,EAST 126 STREET,10035,111,Manhattan,1751,29,-73.93921,40.80626
1054125,14,EAST 127 STREET,10035,111,Manhattan,1751,66,-73.94076,40.80723
1054178,2024,MADISON AVENUE,10035,111,Manhattan,1753,16,-73.93935,40.80794
1054196,42,EAST 129 STREET,10035,111,Manhattan,1753,51,-73.93864,40.80796
1054207,2081,5 AVENUE,10035,111,Manhattan,1753,102,-73.94043,40.80842
1054246,2056,MADISON AVENUE,10035,111,Manhattan,1754,58,-73.93864,40.80891
1054249,20,EAST 130 STREET,10037,111,Manhattan,1754,62,-73.93909,40.80897
1054270,2050,MADISON AVENUE,10035,111,Manhattan,1754,156,-73.93873,40.80879
1054296,64,EAST 131 STREET,10037,111,Manhattan,1755,143,-73.93716,40.80898
1054299,2151,   5 AVENUE,10037,111,Manhattan,1756,4,-73.939,40.81036
1054307,27,EAST 131 STREET,10037,111,Manhattan,1756,14,-73.93805,40.80973
1054321,1948,PARK AVENUE,10037,111,Manhattan,1756,37,-73.9362,40.80939
1054328,2093,MADISON AVENUE,10037,111,Manhattan,1756,50,-73.93727,40.80988
1054342,2153,5 AVENUE,10037,111,Manhattan,1756,72,-73.93895,40.81042
1054350,157,EAST  118 STREET,10035,111,Manhattan,1767,26,-73.93995,40.79987
1054386,149,EAST  121 STREET,10035,111,Manhattan,1770,23,-73.93889,40.80186
1054394,2240,3 AVENUE,10035,111,Manhattan,1770,40,-73.93761,40.8018
1054409,105,EAST  122 STREET,10035,111,Manhattan,1771,6,-73.93969,40.80305
1054448,2026,LEXINGTON AVENUE,10035,111,Manhattan,1772,55,-73.9384,40.80347
1054449,2032,LEXINGTON AVENUE,10035,111,Manhattan,1772,57,-73.9382,40.80362
1054457,154,EAST 124 STREET,10035,111,Manhattan,1772,150,-73.93771,40.80337
1054525,243,EAST 118 STREET,10035,111,Manhattan,1783,19,-73.93732,40.79877
1054529,2305,2 AVENUE,10035,111,Manhattan,1783,23,-73.93695,40.79864
1054530,2309,   2 AVENUE,10035,111,Manhattan,1783,24,-73.93688,40.79872
1054531,2311,   2 AVENUE,10035,111,Manhattan,1783,25,-73.93684,40.79878
1054532,2313,2 AVENUE,10035,111,Manhattan,1783,26,-73.9368,40.79884
1054533,2315,2 AVENUE,10035,111,Manhattan,1783,27,-73.93675,40.7989
1054534,2317,2 AVENUE,10035,111,Manhattan,1783,28,-73.93671,40.79896
1054535,240,EAST  119 STREET,10035,111,Manhattan,1783,29,-73.93709,40.79899
1054553,246,EAST 119 STREET,10035,111,Manhattan,1783,128,-73.93698,40.79892
1054557,251,EAST  119 STREET,10035,111,Manhattan,1784,21,-73.93655,40.79917
1054618,218,EAST 122 STREET,10035,111,Manhattan,1786,41,-73.93648,40.8012
1054640,243,EAST 123 STREET,10035,111,Manhattan,1788,18,-73.93509,40.80193
1054641,247,EAST 123 STREET,10035,111,Manhattan,1788,20,-73.93489,40.80185
1054645,2405,2 AVENUE,10035,111,Manhattan,1788,24,-73.93466,40.8018
1054662,221,EAST 124 STREET,10035,111,Manhattan,1789,10,-73.93526,40.80283
1054710,329,EAST 118 STREET,10035,111,Manhattan,1795,16,-73.93539,40.79795
1054723,348,EAST 119 STREET,10035,111,Manhattan,1795,33,-73.93471,40.79799
1054737,307,EAST 119 STREET,10035,111,Manhattan,1796,6,-73.93574,40.79892
1054750,347,EAST 119 STREET,10035,111,Manhattan,1796,22,-73.93445,40.79838
1054758,348,EAST 120 STREET,10035,111,Manhattan,1796,33,-73.9342,40.79859
1054846,2310,   1 AVENUE,10035,111,Manhattan,1806,49,-73.9339,40.79753
1054858,406,EAST  119 STREET,10035,111,Manhattan,1806,145,-73.93368,40.79763
1054880,2336,1 AVENUE,10035,111,Manhattan,1807,46,-73.9333,40.79834
1054948,143,WEST 111 STREET,10026,110,Manhattan,1821,9,-73.95387,40.79987
1054960,17,ST NICHOLAS AVENUE,10026,110,Manhattan,1821,46,-73.95276,40.7997
1054979,131,WEST 112 STREET,10026,110,Manhattan,1822,11,-73.95332,40.80046
1054981,123,WEST 112 STREET,10026,110,Manhattan,1822,15,-73.95285,40.80014
1054986,100,WEST  113 STREET,10026,110,Manhattan,1822,36,-73.95152,40.80014
1054997,134,WEST 113 STREET,10026,110,Manhattan,1822,54,-73.95307,40.80067
1055010,113,WEST 113 STREET,10026,110,Manhattan,1823,23,-73.95187,40.80066
1055017,71,LENOX AVENUE,10026,110,Manhattan,1823,33,-73.95119,40.80058
1055032,124,WEST 114 STREET,10026,110,Manhattan,1823,58,-73.95288,40.80149
1055052,120,WEST 116 STREET,10026,110,Manhattan,1825,45,-73.95112,40.80231
1055057,1917,7 AVENUE,10026,110,Manhattan,1825,63,-73.95228,40.80286
1055102,207,WEST 111 STREET,10026,110,Manhattan,1827,125,-73.95545,40.80053
1055206,1890,7 AVENUE,10026,110,Manhattan,1830,7503,-73.95355,40.80252
1055237,1900,7 AVENUE,10026,110,Manhattan,1831,29,-73.95328,40.8029
1055306,10,MANHATTAN AVENUE,10025,107,Manhattan,1836,47,-73.96368,40.79516
1055653,21,WEST 106 STREET,10025,107,Manhattan,1842,21,-73.96096,40.79874
1055690,9,WEST 107 STREET,10025,107,Manhattan,1843,26,-73.96007,40.79919
1055826,315,WEST  114 STREET,10026,110,Manhattan,1848,5,-73.95718,40.80372
1055916,111,WEST 104 STREET,10025,107,Manhattan,1859,24,-73.96442,40.79843
1055966,101,WEST 106 STREET,10025,107,Manhattan,1861,29,-73.96307,40.79951
1056486,2647,BROADWAY,10025,107,Manhattan,1872,52,-73.97006,40.79772
1056653,209,WEST  107 STREET,10025,107,Manhattan,1879,23,-73.96601,40.80169
1056655,205,WEST  107 STREET,10025,107,Manhattan,1879,26,-73.96576,40.80159
1056696,249,WEST 109 STREET,10025,107,Manhattan,1881,8,-73.96626,40.80343
1057168,294,RIVERSIDE DRIVE,10025,107,Manhattan,1889,76,-73.97195,40.79934
1057176,315,WEST 102 STREET,10025,107,Manhattan,1890,7,-73.97117,40.79963
1057397,137,WEST 116 STREET,10026,110,Manhattan,1901,14,-73.95116,40.80295
1057399,133,WEST  116 STREET,10026,110,Manhattan,1901,16,-73.95098,40.80287
1057480,131,WEST 118 STREET,10026,110,Manhattan,1903,16,-73.95007,40.80415
1057522,107,WEST 118 STREET,10026,110,Manhattan,1903,125,-73.94932,40.80383
1057532,1987,7 AVENUE,10026,110,Manhattan,1904,3,-73.95055,40.80522
1057534,157,WEST 119 STREET,10026,110,Manhattan,1904,6,-73.95039,40.8051
1057560,197,LENOX AVENUE,10026,110,Manhattan,1904,35,-73.94829,40.80459
1057592,185,LENOX AVENUE,10026,110,Manhattan,1904,130,-73.94849,40.80431
1057598,142,WEST 120 STREET,10027,110,Manhattan,1904,150,-73.94955,40.80507
1057631,103,WEST 120 STREET,10027,110,Manhattan,1905,26,-73.94831,40.80504
1057659,168,WEST 121 STREET,10027,110,Manhattan,1905,62,-73.94997,40.80606
1057675,2021,7 AVENUE,10027,110,Manhattan,1906,1,-73.94975,40.80635
1057747,142,WEST 123 STREET,10027,110,Manhattan,1907,52,-73.94829,40.807
1057803,144,WEST  124 STREET,10027,110,Manhattan,1908,52,-73.94781,40.80762
1057804,146,WEST  124 STREET,10027,110,Manhattan,1908,53,-73.9479,40.80765
1057805,148,WEST 124 STREET,10027,110,Manhattan,1908,54,-73.94798,40.80769
1057923,351,LENOX AVENUE,10027,110,Manhattan,1912,33,-73.94456,40.80965
1057951,100,WEST 129 STREET,10027,110,Manhattan,1913,35,-73.94401,40.81031
1057959,136,WEST 129 STREET,10027,110,Manhattan,1913,49,-73.94522,40.81074
1058117,158,WEST 132 STREET,10027,110,Manhattan,1916,55,-73.94433,40.81281
1058118,162,WEST 132 STREET,10027,110,Manhattan,1916,56,-73.94446,40.81286
1058178,136,WEST  133 STREET,10030,110,Manhattan,1917,47,-73.94325,40.81317
1058220,127,WEST  133 STREET,10030,110,Manhattan,1918,19,-73.94291,40.81352
1058223,121,WEST 133 STREET,10030,110,Manhattan,1918,22,-73.94263,40.81341
1058234,124,WEST 134 STREET,10030,110,Manhattan,1918,50,-73.94303,40.8139
1058263,185,WEST 135 STREET,10030,110,Manhattan,1920,6,-73.94294,40.81529
1058264,179,WEST 135 STREET,10030,110,Manhattan,1920,7,-73.94278,40.81523
1058303,136,WEST 136 STREET,10030,110,Manhattan,1920,147,-73.94187,40.81517
1058312,163,WEST  136 STREET,10030,110,Manhattan,1921,7,-73.94237,40.81587
1058335,531,LENOX AVENUE,10037,110,Manhattan,1921,34,-73.94041,40.81535
1058338,102,WEST  137 STREET,10030,110,Manhattan,1921,37,-73.94056,40.81543
1058341,110,WEST 137 STREET,10030,110,Manhattan,1921,40,-73.94083,40.81554
1058345,124,WEST  137 STREET,10030,110,Manhattan,1921,46,-73.94135,40.81577
1058351,174,WEST 137 STREET,10030,110,Manhattan,1921,55,-73.94202,40.81605
1058352,176,WEST  137 STREET,10030,110,Manhattan,1921,57,-73.94219,40.81612
1058408,2190,8 AVENUE,10026,110,Manhattan,1924,1,-73.95407,40.80571
1058412,279,WEST 118 STREET,10026,110,Manhattan,1924,5,-73.95377,40.8057
1058413,277,WEST 118 STREET,10026,110,Manhattan,1924,6,-73.95368,40.80567
1058415,273,WEST 118 STREET,10026,110,Manhattan,1924,8,-73.95353,40.8056
1058420,201,WEST  118 STREET,10026,110,Manhattan,1924,29,-73.9519,40.80479
1058437,2198,8 AVENUE,10026,110,Manhattan,1924,64,-73.95389,40.80595
1058443,271,WEST 119 STREET,10026,110,Manhattan,1925,5,-73.95316,40.80614
1058485,208,ST NICHOLAS AVENUE,10027,110,Manhattan,1926,61,-73.95264,40.8072
1058491,222,ST NICHOLAS AVENUE,10027,110,Manhattan,1927,2,-73.9526,40.80764
1058515,2034,7 AVENUE,10027,110,Manhattan,1927,33,-73.95026,40.80701
1058524,226,WEST  122 STREET,10027,110,Manhattan,1927,46,-73.95117,40.8074
1058527,234,WEST 122 STREET,10027,110,Manhattan,1927,51,-73.9515,40.80753
1058569,206,WEST 123 STREET,10027,110,Manhattan,1928,38,-73.95004,40.80774
1058613,2294,8TH AVENUE,10027,110,Manhattan,1929,3,-73.95165,40.80896
1058688,269,WEST 131 STREET,10027,110,Manhattan,1937,5,-73.94776,40.81394
1058759,268,WEST 132 STREET,10027,110,Manhattan,1937,157,-73.94738,40.8141
1058804,2490,8 AVENUE,10030,110,Manhattan,1939,1,-73.94712,40.81517
1058806,2494,   8 AVENUE,10030,110,Manhattan,1939,3,-73.94703,40.8153
1058820,2502,   8 AVENUE,10030,110,Manhattan,1939,62,-73.94685,40.81554
1058850,234,WEST 135 STREET,10030,110,Manhattan,1940,45,-73.94513,40.8156
1058861,203,WEST  134 STREET,10030,110,Manhattan,1940,128,-73.94459,40.81499
1058874,243,WEST 135 STREET,10030,110,Manhattan,1941,7,-73.9457,40.81646
1058877,235,WEST 135 STREET,10030,110,Manhattan,1941,11,-73.94539,40.81633
1058886,213,WEST  135 STREET,10030,110,Manhattan,1941,22,-73.94452,40.81596
1058893,2302,7 AVENUE,10030,110,Manhattan,1941,30,-73.94394,40.81567
1058896,2308,7 AVENUE,10030,110,Manhattan,1941,33,-73.94379,40.81587
1058897,2310,7 AVENUE,10030,110,Manhattan,1941,34,-73.94373,40.81596
1058898,200,WEST  136 STREET,10030,110,Manhattan,1941,36,-73.94367,40.81604
1058939,251,WEST 136 STREET,10030,110,Manhattan,1942,11,-73.94493,40.81694
1058947,227,WEST 136 STREET,10030,110,Manhattan,1942,19,-73.9443,40.81668
1059005,361,WEST 116 STREET,10026,110,Manhattan,1943,11,-73.95707,40.80545
1059007,385,MANHATTAN AVENUE,10026,110,Manhattan,1943,13,-73.95692,40.80526
1059059,411,MANHATTAN AVENUE,10026,110,Manhattan,1944,7503,-73.95644,40.80592
1059074,421,MANHATTAN AVENUE,10026,110,Manhattan,1944,7503,-73.95617,40.80621
1059118,304,WEST 120 STREET,10027,110,Manhattan,1946,38,-73.95424,40.80704
1059163,63,MORNINGSIDE AVENUE,10027,110,Manhattan,1947,64,-73.95577,40.8084
1059170,344,WEST 121 STREET,10027,110,Manhattan,1947,154,-73.95509,40.80822
1059193,315,WEST 121 STREET,10027,110,Manhattan,1948,22,-73.9539,40.80822
1059203,520,MANHATTAN AVENUE,10027,110,Manhattan,1948,45,-73.9539,40.80857
1059285,107,MORNINGSIDE AVENUE,10027,109,Manhattan,1950,64,-73.95443,40.81028
1059304,379,WEST 125 STREET,10027,109,Manhattan,1952,2,-73.95355,40.81144
1059309,351,WEST  125 STREET,10027,109,Manhattan,1952,11,-73.95274,40.81113
1059319,381,WEST 125 STREET,10027,109,Manhattan,1952,101,-73.95362,40.81147
1059320,377,WEST 125 STREET,10027,109,Manhattan,1952,102,-73.95349,40.81141
1059324,167,MORNINGSIDE AVENUE,10027,109,Manhattan,1953,4,-73.95309,40.81223
1059329,363,WEST 126 STREET,10027,109,Manhattan,1953,9,-73.95264,40.81191
1059330,361,WEST 126 STREET,10027,109,Manhattan,1953,10,-73.95256,40.81188
1059343,2359,8 AVENUE,10027,110,Manhattan,1953,33,-73.95074,40.81132
1059344,2361,8 AVENUE,10027,110,Manhattan,1953,34,-73.95071,40.81137
1059357,364,WEST 127 STREET,10027,109,Manhattan,1953,55,-73.95245,40.81216
1059358,366,WEST 127 STREET,10027,109,Manhattan,1953,56,-73.95254,40.81219
1059361,372,WEST 127 STREET,10027,109,Manhattan,1953,59,-73.95277,40.81229
1059398,301,WEST 128 STREET,10027,110,Manhattan,1955,10,-73.94997,40.81231
1059421,2467,8 AVENUE,10027,110,Manhattan,1958,26,-73.94816,40.81484
1059432,452,ST NICHOLAS AVENUE,10027,110,Manhattan,1958,41,-73.94853,40.8153
1059459,488,ST NICHOLAS AVENUE,10030,110,Manhattan,1959,58,-73.94786,40.81665
1059533,457,WEST 125 STREET,10027,109,Manhattan,1966,42,-73.95554,40.81303
1059558,464,WEST 126 STREET,10027,109,Manhattan,1966,104,-73.95553,40.81351
1059563,435,WEST 126 STREET,10027,109,Manhattan,1967,6,-73.95447,40.81306
1059564,433,WEST 126 STREET,10027,109,Manhattan,1967,6,-73.95447,40.81306
1059573,409,WEST 127 STREET,10027,109,Manhattan,1967,67,-73.95364,40.81315
1059611,419,WEST 129 STREET,10027,109,Manhattan,1969,29,-73.95242,40.81426
1059637,1465,AMSTERDAM AVENUE,10027,109,Manhattan,1970,67,-73.95321,40.81701
1059638,1463,AMSTERDAM AVENUE,10027,109,Manhattan,1970,68,-73.95325,40.81695
1059644,496,WEST  133 STREET,10027,109,Manhattan,1970,160,-73.95288,40.81723
1059674,503,WEST 122 STREET,10027,109,Manhattan,1977,28,-73.95865,40.81106
1059686,528,WEST 123 STREET,10027,109,Manhattan,1977,46,-73.95921,40.8116
1059691,543,WEST 125 STREET,10027,109,Manhattan,1982,5,-73.95718,40.8149
1059701,1350,AMSTERDAM AVENUE,10027,109,Manhattan,1982,29,-73.95605,40.81406
1059703,504,WEST 126 STREET,10027,109,Manhattan,1982,31,-73.95613,40.81421
1059714,16,OLD BROADWAY,10027,109,Manhattan,1982,67,-73.95735,40.81563
1059739,1484,AMSTERDAM AVENUE,10031,109,Manhattan,1987,31,-73.95334,40.81795
1059740,1488,AMSTERDAM AVENUE,10031,109,Manhattan,1987,33,-73.95327,40.81805
1059741,1492,AMSTERDAM AVENUE,10031,109,Manhattan,1987,34,-73.9532,40.81814
1059748,520,WEST 134 STREET,10031,109,Manhattan,1987,50,-73.95447,40.81872
1059767,1512,AMSTERDAM AVENUE,10031,109,Manhattan,1988,34,-73.95274,40.81877
1059780,3340,BROADWAY,10031,109,Manhattan,1988,74,-73.95449,40.82016
1059805,516,WEST  136 STREET,10031,109,Manhattan,1988,120,-73.95312,40.81991
1059808,528,WEST 136 STREET,10031,109,Manhattan,1988,127,-73.95377,40.82018
1059860,192,CLAREMONT AVENUE,10027,109,Manhattan,1993,102,-73.95977,40.81495
1059882,51,TIEMANN PLACE,10027,109,Manhattan,1995,10,-73.95951,40.81583
1059937,3285,BROADWAY,10027,109,Manhattan,1999,31,-73.9567,40.81857
1059938,3287,BROADWAY,10027,109,Manhattan,1999,32,-73.95666,40.81863
1059944,632,WEST 135 STREET,10031,109,Manhattan,2001,58,-73.9575,40.82071
1059958,601,WEST 135 STREET,10031,109,Manhattan,2002,33,-73.95534,40.82051
1059976,618,WEST 136 STREET,10031,109,Manhattan,2002,91,-73.95578,40.82103
1059977,622,WEST  136 STREET,10031,109,Manhattan,2002,93,-73.95593,40.8211
1060000,105,WEST  137 STREET,10030,110,Manhattan,2006,27,-73.94038,40.81585
1060027,111,WEST  138 STREET,10030,110,Manhattan,2007,23,-73.94025,40.8166
1060063,151,WEST 140 STREET,10030,110,Manhattan,2009,12,-73.93997,40.81812
1060064,143,WEST 140 STREET,10030,110,Manhattan,2009,18,-73.93958,40.81795
1060076,160,WEST 141 STREET,10030,110,Manhattan,2009,52,-73.93995,40.81843
1060086,127,WEST 141 STREET,10030,110,Manhattan,2010,11,-73.93965,40.81881
1060087,117,WEST 141 STREET,10030,110,Manhattan,2010,18,-73.93925,40.81864
1060113,123,WEST  142 STREET,10030,110,Manhattan,2011,25,-73.93827,40.81903
1060127,2449,7 AVENUE,10030,110,Manhattan,2011,63,-73.93982,40.81993
1060186,133,WEST 145 STREET,10039,110,Manhattan,2014,20,-73.93724,40.82117
1060220,2340,7 AVENUE,10030,110,Manhattan,2023,28,-73.94301,40.81694
1060364,221,WEST 139 STREET,10030,110,Manhattan,2025,20,-73.94286,40.81852
1060372,2394,7 AVENUE,10030,110,Manhattan,2025,34,-73.94192,40.81844
1060384,224,WEST 140 STREET,10030,110,Manhattan,2025,55,-73.94347,40.8191
1060413,2400,7 AVENUE,10030,110,Manhattan,2026,29,-73.94164,40.81882
1060451,223,WEST 144 STREET,10030,110,Manhattan,2030,17,-73.94078,40.82171
1060452,215,WEST 144 STREET,10030,110,Manhattan,2030,21,-73.94053,40.82161
1060453,211,WEST 144 STREET,10030,110,Manhattan,2030,25,-73.94034,40.82153
1060456,201,WEST 144 STREET,10030,110,Manhattan,2030,29,-73.93987,40.82124
1060457,2484,7 AVENUE,10030,110,Manhattan,2030,31,-73.93979,40.82134
1060487,202,WEST 146 STREET,10039,110,Manhattan,2031,38,-73.93953,40.82246
1060496,273,WEST 146 STREET,10039,110,Manhattan,2032,5,-73.94078,40.82348
1060497,271,WEST  146 STREET,10039,110,Manhattan,2032,6,-73.9407,40.82344
1060498,269,WEST 146 STREET,10039,110,Manhattan,2032,7,-73.94062,40.82341
1060499,267,WEST 146 STREET,10039,110,Manhattan,2032,8,-73.94054,40.82338
1060500,265,WEST 146 STREET,10039,110,Manhattan,2032,9,-73.94046,40.82335
1060506,201,WEST  146 STREET,10039,110,Manhattan,2032,29,-73.93889,40.82256
1060511,210,WEST 147 STREET,10039,110,Manhattan,2032,43,-73.93938,40.82321
1060515,292,WEST 147 STREET,10039,110,Manhattan,2032,60,-73.94058,40.82372
1060559,211,WEST 148 STREET,10039,110,Manhattan,2034,21,-73.93862,40.8242
1060574,220,WEST 149 STREET,10039,110,Manhattan,2034,47,-73.93865,40.82454
1060586,289,WEST  150 STREET,10039,110,Manhattan,2036,1,-73.93881,40.82583
1060595,208,WEST 151 STREET,10039,110,Manhattan,2036,38,-73.93723,40.82558
1060600,30,MACOMBS PLACE,10039,110,Manhattan,2036,57,-73.93851,40.82601
1060608,263,WEST  152 STREET,10039,110,Manhattan,2038,5,-73.938,40.82721
1060617,2890,8 AVENUE,10039,110,Manhattan,2039,1,-73.93777,40.82796
1060623,254,WEST 154 STREET,10039,110,Manhattan,2039,55,-73.9371,40.82796
1060627,272,WEST 154 STREET,10039,110,Manhattan,2039,61,-73.93756,40.82825
1060661,315,WEST 138 STREET,10030,110,Manhattan,2041,40,-73.94576,40.81893
1060674,306,WEST 139 STREET,10030,110,Manhattan,2041,59,-73.94536,40.81908
1060684,54,EDGECOMBE AVENUE,10030,110,Manhattan,2041,102,-73.94659,40.81852
1060731,305,WEST 139 STREET,10030,110,Manhattan,2042,110,-73.94511,40.81947
1060751,2655,8 AVENUE,10030,110,Manhattan,2043,17,-73.94375,40.82089
1060752,300,WEST 142 STREET,10030,110,Manhattan,2043,18,-73.9437,40.82095
1060764,22,BRADHURST AVENUE,10030,110,Manhattan,2044,2,-73.94367,40.8221
1060811,2743,8 AVENUE,10039,110,Manhattan,2045,30,-73.94162,40.8238
1060812,2745,   8 AVENUE,10039,110,Manhattan,2045,31,-73.94151,40.82394
1060814,304,WEST 147 STREET,10039,110,Manhattan,2045,37,-73.9416,40.82415
1060854,301,WEST 150 STREET,10039,110,Manhattan,2046,7,-73.9398,40.82633
1060856,308,WEST 151 STREET,10039,110,Manhattan,2046,20,-73.93998,40.82681
1060861,2837,8 AVENUE,10039,110,Manhattan,2046,29,-73.93932,40.8269
1060863,2841,8 AVENUE,10039,110,Manhattan,2046,31,-73.93923,40.82703
1060867,302,WEST 152 STREET,10039,110,Manhattan,2046,39,-73.93928,40.82724
1060873,310,WEST 153 STREET,10039,110,Manhattan,2046,53,-73.93904,40.82806
1060874,301,WEST 152 STREET,10039,110,Manhattan,2046,56,-73.93892,40.8275
1060882,230,BRADHURST AVENUE,10039,110,Manhattan,2047,4,-73.93884,40.8285
1060895,301,WEST 154 STREET,10039,110,Manhattan,2047,29,-73.93802,40.82872
1060913,330,WEST 141 STREET,10030,110,Manhattan,2048,40,-73.94549,40.82089
1060996,45,HAMILTON TERRACE,10031,109,Manhattan,2050,109,-73.94619,40.82276
1061046,141,EDGECOMBE AVENUE,10030,109,Manhattan,2051,15,-73.94515,40.82164
1061053,676,ST NICHOLAS AVENUE,10030,109,Manhattan,2051,43,-73.94486,40.82309
1061078,161,EDGECOMBE AVENUE,10030,109,Manhattan,2051,85,-73.94491,40.82213
1061153,335,EDGECOMBE AVENUE,10031,109,Manhattan,2053,96,-73.94219,40.8264
1061170,377,EDGECOMBE AVENUE,10031,109,Manhattan,2054,22,-73.94092,40.82816
1061171,36,ST NICHOLAS PLACE,10031,109,Manhattan,2054,25,-73.94124,40.8283
1061246,1661,AMSTERDAM AVENUE,10031,109,Manhattan,2058,29,-73.94868,40.82342
1061269,1681,AMSTERDAM AVENUE,10031,109,Manhattan,2059,1,-73.94821,40.82404
1061284,332,CONVENT AVENUE,10031,109,Manhattan,2059,16,-73.94714,40.82387
1061295,468,WEST 144 STREET,10031,109,Manhattan,2059,27,-73.94779,40.82418
1061298,474,WEST 144 STREET,10031,109,Manhattan,2059,30,-73.94795,40.82425
1061341,475,WEST 145 STREET,10031,109,Manhattan,2060,11,-73.94644,40.82505
1061350,707,ST NICHOLAS AVENUE,10031,109,Manhattan,2060,31,-73.94486,40.82444
1061354,404,WEST 146 STREET,10031,109,Manhattan,2060,38,-73.94498,40.82475
1061364,454,WEST 146 STREET,10031,109,Manhattan,2060,52,-73.94611,40.82523
1061371,415,WEST 145 STREET,10031,109,Manhattan,2060,123,-73.94547,40.82464
1061396,729,ST NICHOLAS AVENUE,10031,109,Manhattan,2061,32,-73.94442,40.82513
1061431,1761,AMSTERDAM AVENUE,10031,109,Manhattan,2062,1,-73.94628,40.82649
1061454,400,WEST 148 STREET,10031,109,Manhattan,2062,36,-73.94375,40.82599
1061455,402,WEST 148 STREET,10031,109,Manhattan,2062,37,-73.94413,40.82603
1061456,412,WEST 148 STREET,10031,109,Manhattan,2062,41,-73.94444,40.82616
1061492,453,WEST 148 STREET,10031,109,Manhattan,2063,11,-73.94507,40.82692
1061516,771,ST NICHOLAS AVENUE,10031,109,Manhattan,2063,35,-73.94347,40.82657
1061543,401,WEST 149 STREET,10031,109,Manhattan,2064,27,-73.94331,40.82687
1061584,400,WEST 151 STREET,10031,109,Manhattan,2065,42,-73.94286,40.82805
1061586,471,CONVENT AVENUE,10031,109,Manhattan,2065,44,-73.94324,40.82806
1061612,465,WEST 152 STREET,10031,109,Manhattan,2067,12,-73.94304,40.82933
1061620,47,ST NICHOLAS PLACE,10031,109,Manhattan,2067,31,-73.94162,40.82882
1061623,55,ST NICHOLAS PLACE,10031,109,Manhattan,2067,34,-73.9415,40.82899
1061683,427,WEST  154 STREET,10032,109,Manhattan,2068,7502,-73.94261,40.83078
1061734,507,WEST 139 STREET,10031,109,Manhattan,2071,25,-73.95096,40.82193
1061791,90,HAMILTON PLACE,10031,109,Manhattan,2073,20,-73.95042,40.82338
1061793,93,HAMILTON PLACE,10031,109,Manhattan,2073,25,-73.94991,40.8232
1061820,542,WEST 142 STREET,10031,109,Manhattan,2073,56,-73.95118,40.82398
1061856,509,WEST 142 STREET,10031,109,Manhattan,2074,21,-73.94992,40.82394
1061859,115,HAMILTON PLACE,10031,109,Manhattan,2074,30,-73.94918,40.82363
1061901,545,WEST  144 STREET,10031,109,Manhattan,2076,14,-73.94957,40.82543
1061905,533,WEST 144 STREET,10031,109,Manhattan,2076,19,-73.9492,40.82527
1061916,506,WEST 145 STREET,10031,109,Manhattan,2076,39,-73.94843,40.82527
1061923,535,WEST 144 STREET,10031,109,Manhattan,2076,118,-73.94925,40.82529
1061930,533,WEST 145 STREET,10031,109,Manhattan,2077,10,-73.94927,40.82624
1061931,531,WEST 145 STREET,10031,109,Manhattan,2077,12,-73.94917,40.8262
1061935,513,WEST 145 STREET,10031,109,Manhattan,2077,22,-73.94839,40.82587
1061947,506,WEST 146 STREET,10031,109,Manhattan,2077,37,-73.94779,40.82594
1061959,543,WEST 146 STREET,10031,109,Manhattan,2078,11,-73.94872,40.82682
1061969,555,WEST 147 STREET,10031,109,Manhattan,2079,1,-73.94893,40.82774
1061979,511,WEST 147 STREET,10031,109,Manhattan,2079,23,-73.94739,40.82708
1062060,3612,BROADWAY,10031,109,Manhattan,2080,59,-73.94832,40.82865
1062113,536,WEST 150 STREET,10031,109,Manhattan,2081,46,-73.94669,40.82874
1062119,556,WEST 150 STREET,10031,109,Manhattan,2081,53,-73.94721,40.82896
1062138,561,WEST 150 STREET,10031,109,Manhattan,2082,5,-73.94737,40.82952
1062139,557,WEST 150 STREET,10031,109,Manhattan,2082,7,-73.94721,40.82945
1062146,525,WEST 150 STREET,10031,109,Manhattan,2082,19,-73.9463,40.82907
1062150,513,WEST 150 STREET,10031,109,Manhattan,2082,23,-73.94598,40.82894
1062159,510,WEST 151 STREET,10031,109,Manhattan,2082,42,-73.94595,40.82924
1062172,521,WEST 150 STREET,10031,109,Manhattan,2082,120,-73.94619,40.82902
1062218,553,WEST 152 STREET,10031,109,Manhattan,2084,7,-73.94643,40.83076
1062252,3694,BROADWAY,10031,109,Manhattan,2084,62,-73.94652,40.83113
1062281,636,WEST  138 STREET,10031,109,Manhattan,2086,49,-73.95531,40.82246
1062293,617,WEST  138 STREET,10031,109,Manhattan,2087,21,-73.95461,40.82265
1062300,3409,BROADWAY,10031,109,Manhattan,2087,33,-73.95383,40.82249
1062311,3427,BROADWAY,10031,109,Manhattan,2087,97,-73.95325,40.82322
1062318,613,WEST 140 STREET,10031,109,Manhattan,2088,19,-73.95374,40.82391
1062323,620,WEST 141 STREET,10031,109,Manhattan,2088,43,-73.95355,40.82417
1062353,627,WEST 142 STREET,10031,109,Manhattan,2089,118,-73.95299,40.82523
1062365,670,RIVERSIDE DRIVE,10031,109,Manhattan,2091,17,-73.95204,40.82647
1062427,706,RIVERSIDE DRIVE,10031,109,Manhattan,2094,7501,-73.95023,40.8286
1062442,718,RIVERSIDE DRIVE,10031,109,Manhattan,2096,17,-73.9495,40.82961
1062452,736,RIVERSIDE DRIVE,10031,109,Manhattan,2097,47,-73.94923,40.83063
1062457,3671,BROADWAY,10031,109,Manhattan,2098,36,-73.94782,40.83085
1062463,633,WEST 152 STREET,10031,109,Manhattan,2099,10,-73.94903,40.83186
1062489,938,ST NICHOLAS AVENUE,10032,112,Manhattan,2107,20,-73.94057,40.83201
1062505,535,EDGECOMBE AVENUE,10032,112,Manhattan,2108,27,-73.93965,40.83322
1062536,974,ST NICHOLAS AVENUE,10032,112,Manhattan,2109,18,-73.93989,40.83398
1062599,425,WEST 162 STREET,10032,112,Manhattan,2110,41,-73.93817,40.83537
1062622,452,WEST 164 STREET,10032,112,Manhattan,2110,70,-73.93842,40.83678
1062626,438,WEST 164 STREET,10032,112,Manhattan,2110,76,-73.93788,40.83656
1062647,470,WEST 166 STREET,10032,112,Manhattan,2111,50,-73.93771,40.83823
1062662,2153,AMSTERDAM AVENUE,10032,112,Manhattan,2111,84,-73.9373,40.83879
1062681,554,WEST 156 STREET,10032,112,Manhattan,2114,17,-73.94434,40.83277
1062682,550,WEST 156 STREET,10032,112,Manhattan,2114,18,-73.94423,40.83273
1062690,516,WEST 156 STREET,10032,112,Manhattan,2114,28,-73.9435,40.83242
1062711,504,WEST 157 STREET,10032,112,Manhattan,2115,32,-73.94276,40.83293
1062736,512,WEST 158 STREET,10032,112,Manhattan,2116,27,-73.9426,40.83367
1062737,508,WEST 158 STREET,10032,112,Manhattan,2116,29,-73.94247,40.83361
1062743,525,WEST 157 STREET,10032,112,Manhattan,2116,52,-73.94332,40.83365
1062751,540,WEST 159 STREET,10032,112,Manhattan,2117,16,-73.94305,40.83468
1062752,538,WEST 159 STREET,10032,112,Manhattan,2117,17,-73.94296,40.83464
1062754,534,WEST 159 STREET,10032,112,Manhattan,2117,19,-73.9428,40.83457
1062755,532,WEST 159 STREET,10032,112,Manhattan,2117,20,-73.94272,40.83454
1062756,530,WEST 159 STREET,10032,112,Manhattan,2117,21,-73.94264,40.8345
1062759,522,WEST 159 STREET,10032,112,Manhattan,2117,25,-73.94232,40.83437
1062770,503,WEST 158 STREET,10032,112,Manhattan,2117,42,-73.94196,40.8339
1062772,507,WEST 158 STREET,10032,112,Manhattan,2117,44,-73.94215,40.83398
1062789,550,WEST 160 STREET,10032,112,Manhattan,2118,18,-73.94244,40.83524
1062801,513,WEST 159 STREET,10032,112,Manhattan,2118,45,-73.94165,40.83458
1062803,517,WEST 159 STREET,10032,112,Manhattan,2118,48,-73.94186,40.83466
1062804,521,WEST 159 STREET,10032,112,Manhattan,2118,50,-73.94202,40.83473
1062812,555,WEST 159 STREET,10032,112,Manhattan,2118,62,-73.94269,40.83501
1062867,506,WEST 162 STREET,10032,112,Manhattan,2120,31,-73.94057,40.83607
1062869,2040,AMSTERDAM AVENUE,10032,112,Manhattan,2120,40,-73.94041,40.83565
1062883,567,WEST 161 STREET,10032,112,Manhattan,2120,63,-73.94199,40.83635
1062897,2108,AMSTERDAM AVENUE,10032,112,Manhattan,2121,39,-73.93887,40.83775
1062915,527,WEST  162 STREET,10032,112,Manhattan,2122,11,-73.94086,40.83669
1062917,531,WEST 162 STREET,10032,112,Manhattan,2122,13,-73.94098,40.83674
1062924,3900,BROADWAY,10032,112,Manhattan,2122,58,-73.94162,40.83783
1062927,3924,BROADWAY,10032,112,Manhattan,2122,73,-73.94105,40.8386
1062932,546,WEST 165 STREET,10032,112,Manhattan,2122,82,-73.94051,40.83853
1062943,548,WEST 163 STREET,10032,112,Manhattan,2122,140,-73.94152,40.83729
1062997,61,AUDUBON AVENUE,10032,112,Manhattan,2125,28,-73.93792,40.84062
1063018,559,WEST 169 STREET,10032,112,Manhattan,2126,25,-73.93857,40.84157
1063071,517,WEST 171 STREET,10032,112,Manhattan,2128,29,-73.93666,40.84232
1063086,1238,ST NICHOLAS AVENUE,10032,112,Manhattan,2129,1,-73.9375,40.84354
1063090,568,WEST 173 STREET,10032,112,Manhattan,2129,9,-73.93714,40.8437
1063102,524,WEST 173 STREET,10032,112,Manhattan,2129,40,-73.93568,40.84308
1063103,506,WEST 173 STREET,10032,112,Manhattan,2129,41,-73.93554,40.84302
1063147,527,WEST  173 STREET,10032,112,Manhattan,2130,59,-73.93552,40.84356
1063162,191,AUDUBON AVENUE,10033,112,Manhattan,2131,33,-73.93519,40.84442
1063171,2304,AMSTERDAM AVENUE,10033,112,Manhattan,2131,48,-73.93434,40.84395
1063176,532,WEST  175 STREET,10033,112,Manhattan,2131,135,-73.93506,40.84453
1063218,580,WEST 176 STREET,10033,112,Manhattan,2133,10,-73.93562,40.84568
1063219,574,WEST 176 STREET,10033,112,Manhattan,2133,13,-73.93538,40.84558
1063235,1356,ST NICHOLAS AVENUE,10033,112,Manhattan,2133,66,-73.93496,40.84708
1063255,3765,BROADWAY,10032,112,Manhattan,2134,90,-73.94571,40.83415
1063304,611,WEST 158 STREET,10032,112,Manhattan,2136,7,-73.94511,40.83523
1063327,894,RIVERSIDE DRIVE,10032,112,Manhattan,2136,111,-73.94646,40.83774
1063332,65,FT WASHINGTON AVENUE,10032,112,Manhattan,2136,145,-73.94455,40.83743
1063338,656,WEST 162 STREET,10032,112,Manhattan,2136,180,-73.94491,40.83791
1063416,705,WEST 170 STREET,10032,112,Manhattan,2139,183,-73.94199,40.84385
1063417,709,WEST  170 STREET,10032,112,Manhattan,2139,185,-73.94215,40.84391
1063438,736,WEST 173 STREET,10032,112,Manhattan,2139,322,-73.94218,40.84584
1063439,731,WEST  172 STREET,10032,112,Manhattan,2139,329,-73.9421,40.8455
1063446,227,HAVEN AVENUE,10033,112,Manhattan,2139,500,-73.9417,40.84806
1063506,350,FT WASHINGTON AVENUE,10033,112,Manhattan,2142,175,-73.93954,40.84694
1063507,362,FT WASHINGTON AVENUE,10033,112,Manhattan,2142,178,-73.93932,40.84745
1063546,611,WEST 177 STREET,10033,112,Manhattan,2144,29,-73.93645,40.84731
1063548,608,WEST 178 STREET,10033,112,Manhattan,2144,38,-73.93604,40.84744
1063549,604,WEST  178 STREET,10033,112,Manhattan,2144,40,-73.93588,40.84737
1063554,600,WEST 176 STREET,10033,112,Manhattan,2144,57,-73.93649,40.8461
1063581,24,LAUREL HILL TERRACE,10033,112,Manhattan,2149,56,-73.92936,40.84896
1063584,2541,AMSTERDAM AVENUE,10033,112,Manhattan,2149,93,-73.92813,40.85123
1063591,121,FORT GEORGE AVENUE,10040,112,Manhattan,2149,265,-73.92709,40.85769
1063672,1464,ST NICHOLAS AVENUE,10033,112,Manhattan,2154,68,-73.93237,40.85062
1063677,556,WEST 184 STREET,10033,112,Manhattan,2154,77,-73.9317,40.85058
1063678,554,WEST 184 STREET,10033,112,Manhattan,2154,79,-73.93158,40.85053
1063679,552,WEST 184 STREET,10033,112,Manhattan,2154,80,-73.93148,40.85045
1063680,550,WEST 184TH ST,10033,112,Manhattan,2154,82,-73.93136,40.8504
1063683,555,WEST 183 STREET,10033,112,Manhattan,2154,90,-73.93162,40.85022
1063692,564,WEST 183 STREET,10033,112,Manhattan,2154,147,-73.93223,40.84995
1063693,560,WEST 183 STREET,10033,112,Manhattan,2154,148,-73.93211,40.8499
1063712,2498,AMSTERDAM AVENUE,10033,112,Manhattan,2155,87,-73.93002,40.84987
1063716,505,WEST  183 STREET,10033,112,Manhattan,2155,95,-73.93049,40.84975
1063717,509,WEST  183 STREET,10033,112,Manhattan,2155,98,-73.93076,40.84986
1063742,534,WEST 187 STREET,10033,112,Manhattan,2156,72,-73.92953,40.8522
1063753,16,WASHINGTON TERRACE,10033,112,Manhattan,2156,145,-73.92987,40.85117
1063803,561,WEST 186 STREET,10033,112,Manhattan,2157,96,-73.93079,40.85235
1063812,546,WEST 188 STREET,10040,112,Manhattan,2158,15,-73.92966,40.85308
1063856,510,WEST 190 STREET,10040,112,Manhattan,2159,77,-73.92769,40.85382
1063913,607,WEST 180 STREET,10033,112,Manhattan,2162,74,-73.93482,40.84911
1063948,1447,ST NICHOLAS AVENUE,10033,112,Manhattan,2165,38,-73.93341,40.85046
1063951,605,WEST  182 STREET,10033,112,Manhattan,2165,45,-73.93374,40.85029
1063957,1471,ST NICHOLAS AVENUE,10033,112,Manhattan,2165,63,-73.93285,40.8511
1064009,612,WEST 189 STREET,10040,112,Manhattan,2168,41,-73.93094,40.85442
1064032,606,WEST 191 STREET,10040,112,Manhattan,2169,43,-73.93002,40.85567
1064105,7,BROADWAY TERRACE,10040,112,Manhattan,2170,508,-73.93159,40.85722
1064123,47,NAGLE AVENUE,10040,112,Manhattan,2171,20,-73.92918,40.85966
1064178,146,NAGLE AVENUE,10040,112,Manhattan,2174,73,-73.92606,40.86149
1064189,87,ELLWOOD STREET,10040,112,Manhattan,2174,115,-73.92882,40.86147
1064257,394,FT WASHINGTON AVENUE,10033,112,Manhattan,2176,9,-73.93896,40.84838
1064321,825,WEST 179 STREET,10033,112,Manhattan,2177,166,-73.94049,40.84984
1064406,2,MAGAW PLACE,10033,112,Manhattan,2180,78,-73.937,40.85099
1064448,640,FT WASHINGTON AVENUE,10040,112,Manhattan,2180,400,-73.93586,40.85606
1064465,4441,BROADWAY,10040,112,Manhattan,2180,505,-73.93288,40.85698
1064508,3853,  10 AVENUE,10034,112,Manhattan,2203,1,-73.91901,40.8638
1064566,43,ADRIAN AVENUE,10463,208,Manhattan,2215,287,-73.91142,40.87704
1064643,1,MARBLE HILL AVENUE,10463,208,Manhattan,2215,465,-73.91112,40.87498
1064669,109,WEST 225 STREET,10463,208,Manhattan,2215,530,-73.9105,40.87461
1064670,2,MARBLE HILL AVENUE,10463,208,Manhattan,2215,534,-73.91067,40.87471
1064685,130,WEST 228 STREET,10463,208,Manhattan,2215,586,-73.90881,40.87651
1064736,121,POST AVENUE,10034,112,Manhattan,2219,13,-73.91996,40.86432
1064737,123,POST AVENUE,10034,112,Manhattan,2219,14,-73.91988,40.86435
1064738,125,POST AVENUE,10034,112,Manhattan,2219,15,-73.9198,40.86438
1064786,241,SHERMAN AVENUE,10034,112,Manhattan,2223,5,-73.91911,40.86575
1064807,600,ACADEMY STREET,10034,112,Manhattan,2224,29,-73.92413,40.86457
1064825,608,WEST 204 STREET,10034,112,Manhattan,2225,23,-73.92236,40.86531
1064846,611,WEST 204 STREET,10034,112,Manhattan,2226,45,-73.92192,40.8657
1064852,536,ISHAM STREET,10034,112,Manhattan,2227,15,-73.9192,40.86669
1064879,500,WEST  213 STREET,10034,112,Manhattan,2230,19,-73.91653,40.86826
1064897,207,DYCKMAN STREET,10040,112,Manhattan,2233,56,-73.92653,40.86508
1064898,209,DYCKMAN STREET,10040,112,Manhattan,2233,58,-73.92661,40.8652
1064909,64,VERMILYEA AVENUE,10034,112,Manhattan,2234,39,-73.924,40.86582
1064921,98,VERMILYEA AVENUE,10034,112,Manhattan,2235,41,-73.92235,40.86638
1064938,25,CUMMING STREET,10034,112,Manhattan,2237,23,-73.92638,40.86695
1064961,81,SEAMAN AVENUE,10034,112,Manhattan,2239,9,-73.92493,40.86788
1064963,89,SEAMAN AVENUE,10034,112,Manhattan,2239,13,-73.92452,40.86803
1064990,639,WEST 207 STREET,10034,112,Manhattan,2242,29,-73.92155,40.86878
1065059,34,SEAMAN AVENUE,10034,112,Manhattan,2247,29,-73.92686,40.86739
1065079,222,SEAMAN AVENUE,10034,112,Manhattan,2250,27,-73.91924,40.87136
1070111,753,  10 AVENUE,10019,104,Manhattan,1080,28,-73.99136,40.766
1074257,169,EAST  109 STREET,10029,111,Manhattan,1637,28,-73.94382,40.79398
1075650,218,WEST  141 STREET,10030,110,Manhattan,2026,47,-73.94247,40.8195
1075681,514,HUDSON STREET,10014,102,Manhattan,619,7,-74.00598,40.73356
1076384,327,EAST  109 STREET,10029,111,Manhattan,1681,14,-73.93966,40.79223
1076703,213,WEST  139 STREET,10030,110,Manhattan,2025,24,-73.94254,40.81838
1076723,2809,   8 AVENUE,10039,110,Manhattan,2045,92,-73.94009,40.82584
1076753,280,WADSWORTH AVENUE,10040,112,Manhattan,2170,25,-73.9324,40.85381
1076759,84,NAGLE AVENUE,10040,112,Manhattan,2174,100,-73.92814,40.86066
1076878,207,AVENUE B,10009,103,Manhattan,395,7,-73.97842,40.72847
1076974,504,EAST   11 STREET,10009,103,Manhattan,404,6,-73.98141,40.72805
1077004,514,EAST   13 STREET,10009,103,Manhattan,406,13,-73.98022,40.72921
1077021,213,EAST   26 STREET,10010,106,Manhattan,907,10,-73.98093,40.74063
1077118,20,MULBERRY STREET,10013,103,Manhattan,164,62,-73.99934,40.71417
1077395,35,MADISON STREET,10038,103,Manhattan,116,46,-73.99894,40.71207
1077443,59,BAYARD STREET,10013,103,Manhattan,163,25,-73.99796,40.71521
1077634,231,EAST    4 STREET,10009,103,Manhattan,400,42,-73.98287,40.72367
1077670,191,AVENUE A,10009,103,Manhattan,439,28,-73.98164,40.72907
1077675,446,EAST   13 STREET,10009,103,Manhattan,440,31,-73.98121,40.72975
1077683,83,   1 AVENUE,10003,103,Manhattan,447,7501,-73.98679,40.72603
1077801,98,MAC DOUGAL STREET,10012,102,Manhattan,526,56,-74.00118,40.72895
1077815,2211,   8 AVENUE,10026,110,Manhattan,1946,29,-73.95404,40.8068
1078526,309 R,WEST   20 STREET,10011,104,Manhattan,744,32,-74.00035,40.74387
1079023,50,ALLEN STREET,10002,103,Manhattan,308,22,-73.99129,40.71657
1079066,697,   9 AVENUE,10036,104,Manhattan,1057,35,-73.99027,40.76224
1079236,60,MULBERRY STREET,10013,103,Manhattan,164,16,-73.99925,40.71548
1079257,530,WEST 50 STREET,10019,104,Manhattan,1078,48,-73.99331,40.76508
1079303,206,EAST  118 STREET,10035,111,Manhattan,1667,43,-73.93868,40.79881
1079436,2337,FIRST AVENUE,10035,111,Manhattan,1796,31,-73.93392,40.79855
1079441,414,EAST 119 STREET,10035,111,Manhattan,1806,41,-73.93344,40.79745
1079500,640,WEST  139 STREET,10031,109,Manhattan,2087,50,-73.9551,40.82319
1079501,2006,ADAM C POWELL BOULEVARD,10027,110,Manhattan,1926,29,-73.9509,40.80614
1079582,141,MOTT STREET,10013,102,Manhattan,237,20,-73.99689,40.71873
1079707,262,BROOME STREET,10002,103,Manhattan,414,59,-73.99033,40.7183
1079770,2541,   7 AVENUE,10039,110,Manhattan,2016,50,-73.93626,40.82293
1079830,1809,AMSTERDAM AVENUE,10031,109,Manhattan,2064,62,-73.94521,40.82803
1079907,1466,ST NICHOLAS AVENUE,10033,112,Manhattan,2154,69,-73.93231,40.85071
1079913,556,WEST  181 STREET,10033,112,Manhattan,2153,68,-73.93309,40.84874
1079927,671,WEST  193 STREET,10040,112,Manhattan,2170,560,-73.93067,40.85808
1080586,191,   7 AVENUE,10011,104,Manhattan,797,2,-73.99609,40.74293
1080662,2016,   3 AVENUE,10029,111,Manhattan,1638,38,-73.94275,40.79472
1080716,2259,   2 AVENUE,10029,111,Manhattan,1665,30,-73.93819,40.79696
1081259,1457,   3 AVENUE,10028,108,Manhattan,1528,1,-73.9555,40.77629
1081379,4,WEST  131 STREET,10037,110,Manhattan,1728,42,-73.9403,40.8103
1081572,242,WEST  116 STREET,10026,110,Manhattan,1831,53,-73.95456,40.80376
1081574,240,WEST  116 STREET,10026,110,Manhattan,1831,53,-73.95456,40.80376
1081609,2234,   7 AVENUE,10027,110,Manhattan,1937,36,-73.94559,40.81335
1081611,2238,   7 AVENUE,10027,110,Manhattan,1937,36,-73.94559,40.81335
1081975,22REAR,MULBERRY STREET,10013,103,Manhattan,164,62,-73.99934,40.71417
1082132,203,EAST   22 STREET,10010,106,Manhattan,903,1,-73.98327,40.73817
1082371,106,EAST  117 STREET,10035,111,Manhattan,1644,69,-73.94248,40.79964
1082387,326,EAST  100 STREET,10029,111,Manhattan,1671,31,-73.94378,40.78595
1082400,739,   9 AVENUE,10019,104,Manhattan,1059,36,-73.98936,40.76347
1082401,400,WEST   50 STREET,10019,104,Manhattan,1059,36,-73.98936,40.76347
1082406,439,WEST   50 STREET,10019,104,Manhattan,1060,13,-73.99052,40.76439
1082420,455,WEST   56 STREET,10019,104,Manhattan,1066,101,-73.98857,40.76842
1082502,722,  10 AVENUE,10019,104,Manhattan,1059,4,-73.99171,40.76424
1082505,50,DELANCEY STREET,10002,103,Manhattan,420,70,-73.99129,40.71984
1083280,22,MULBERRY STREET,10013,103,Manhattan,164,62,-73.99934,40.71417
1083619,302,WEST   40 STREET,10018,104,Manhattan,763,43,-73.99138,40.75598
1083742,405,WEST   40 STREET,10018,104,Manhattan,1050,29,-73.99384,40.75747
1083779,416,WEST 46 STREET,10036,104,Manhattan,1055,43,-73.9919,40.76121
1083895,1417,SECOND AVE,10021,108,Manhattan,1428,28,-73.95774,40.77013
1083992,700,ESPLANADE GDNS PLAZA,10039,110,Manhattan,1744,1,-73.93471,40.82097
1084001,2178,LEXINGTON AVENUE,10037,111,Manhattan,1779,7,-73.93542,40.80799
1084051,2518,FREDERICK DOUGLASS BLVD,10030,110,Manhattan,1940,3,-73.94651,40.81599
1084511,1330,   5 AVENUE,10026,110,Manhattan,1595,7501,-73.94897,40.79797
1084532,508,E 11 ST,10009,103,Manhattan,404,6,-73.98141,40.72805
1084898,137,CHRYSTIE STREET,10002,103,Manhattan,424,29,-73.99343,40.71965
1085042,401,WEST   49 STREET,10019,104,Manhattan,1059,29,-73.9896,40.76309
1085357,503,WEST  133 STREET,10027,109,Manhattan,1987,24,-73.95371,40.81807
1085358,502,WEST  134 STREET,10031,109,Manhattan,1987,37,-73.95348,40.8183
1085686,71,COOPER STREET,10034,112,Manhattan,2241,11,-73.92228,40.86807
1085693,57,COOPER STREET,10034,112,Manhattan,2241,6,-73.92269,40.86792
1085992,19,EAST  117 STREET,10035,111,Manhattan,1623,112,-73.94472,40.80106
1086217,325,EAST  115 STREET,10029,111,Manhattan,1687,14,-73.93687,40.79599
1087254,29,EAST    2 STREET,10003,103,Manhattan,457,128,-73.9908,40.72493
1087338,202,WEST  108 STREET,10025,107,Manhattan,1879,136,-73.96531,40.80177
1087343,57,EAST  128 STREET,10035,111,Manhattan,1753,27,-73.9382,40.80746
1087369,1982,   2 AVENUE,10029,111,Manhattan,1673,49,-73.94408,40.78783
1087437,1429,   5 AVENUE,10035,111,Manhattan,1622,73,-73.94579,40.80102
1087790,263,WEST  153 STREET,10039,110,Manhattan,2039,10,-73.93711,40.82774
1087982,53,EAST  131 STREET,10037,111,Manhattan,1756,30,-73.93679,40.80931
1088115,518,WEST  159 STREET,10032,112,Manhattan,2117,26,-73.94221,40.83432
1088824,41,EAST  131 STREET,10037,111,Manhattan,1756,24,-73.93742,40.80966
1088850,162,EAST  122 STREET,10035,111,Manhattan,1770,48,-73.93832,40.80203
1088851,180,EAST  122 STREET,10035,111,Manhattan,1770,42,-73.93793,40.80186
1089051,1642,PARK AVENUE,10035,111,Manhattan,1622,34,-73.94344,40.79967
1089839,312,WEST  112 STREET,10026,110,Manhattan,1846,55,-73.95829,40.80205
1089849,228,WEST  116 STREET,10026,110,Manhattan,1831,47,-73.95401,40.80353
1090566,274,WEST  117 STREET,10026,110,Manhattan,1922,58,-73.95435,40.80463
1091032,330,EAST 100 STREET,10029,111,Manhattan,1671,31,-73.94378,40.78595
2000031,494,EAST 138 STREET,10454,201,Bronx,2265,3,-73.91992,40.80755
2000044,540,EAST 138 STREET,10454,201,Bronx,2265,41,-73.91808,40.80678
2000045,542,EAST 138 STREET,10454,201,Bronx,2265,42,-73.91799,40.80674
2000061,550,EAST 139 STREET,10454,201,Bronx,2266,20,-73.91736,40.80752
2000082,283,ST ANNS AVENUE,10454,201,Bronx,2267,54,-73.9171,40.80791
2000106,504,BROOK AVENUE,10455,201,Bronx,2274,5,-73.91522,40.81387
2000121,522,EAST 149 STREET,10455,201,Bronx,2275,11,-73.91443,40.81446
2000123,554,EAST 149 STREET,10455,201,Bronx,2275,22,-73.91341,40.81415
2000187,400,EAST  136 STREET,10454,201,Bronx,2280,10,-73.92363,40.80756
2000217,401,EAST 136 STREET,10454,201,Bronx,2281,1,-73.9235,40.8078
2000237,234,WILLIS AVENUE,10454,201,Bronx,2282,7,-73.92278,40.80878
2000238,408,EAST  138 STREET,10454,201,Bronx,2282,8,-73.92273,40.80885
2000241,416,EAST 138 STREET,10454,201,Bronx,2282,12,-73.92239,40.80859
2000252,462,EAST 138 STREET,10454,201,Bronx,2282,31,-73.92109,40.80804
2000330,403,EAST 139 STREET,10454,201,Bronx,2284,120,-73.92176,40.80975
2000334,308,WILLIS AVENUE,10454,201,Bronx,2285,4,-73.92142,40.81055
2000337,404,EAST 141 STREET,10454,201,Bronx,2285,9,-73.92109,40.81061
2000348,441,EAST 140 STREET,10454,201,Bronx,2285,70,-73.92036,40.80998
2000406,411,EAST 141 STREET,10454,201,Bronx,2286,113,-73.92068,40.81093
2000443,408,EAST 144 STREET,10454,201,Bronx,2288,11,-73.91968,40.81246
2000532,424,EAST 149 STREET,10455,201,Bronx,2293,40,-73.91663,40.81533
2000552,340,EAST 134 STREET,10454,201,Bronx,2296,7,-73.92667,40.80712
2000576,43,BRUCKNER BOULEVARD,10454,201,Bronx,2296,55,-73.92699,40.8069
2000577,41,BRUCKNER BOULEVARD,10454,201,Bronx,2296,56,-73.92707,40.80693
2000578,39,BRUCKNER BOULEVARD,10454,201,Bronx,2296,57,-73.92715,40.80697
2000587,342,EAST 139 STREET,10454,201,Bronx,2301,7,-73.92417,40.81028
2000589,378,EAST 139 STREET,10454,201,Bronx,2301,21,-73.92313,40.80984
2000590,380,EAST 139 STREET,10454,201,Bronx,2301,22,-73.92305,40.8098
2000591,386,EAST  139 STREET,10454,201,Bronx,2301,23,-73.92278,40.80981
2000593,243,WILLIS AVENUE,10454,201,Bronx,2301,26,-73.92291,40.80962
2000594,237,WILLIS AVENUE,10454,201,Bronx,2301,28,-73.9229,40.80942
2000605,353,EAST 138 STREET,10454,201,Bronx,2301,43,-73.92404,40.8099
2000611,339,EAST 138 STREET,10454,201,Bronx,2301,50,-73.92453,40.8101
2000745,313,EAST 140 STREET,10454,201,Bronx,2315,20,-73.92457,40.81176
2000836,2809,3 AVENUE,10455,201,Bronx,2327,22,-73.91901,40.81555
2000871,340,EAST 148 STREET,10451,201,Bronx,2329,68,-73.92052,40.81581
2000882,341,EAST  146 STREET,10451,201,Bronx,2329,94,-73.9208,40.81543
2000883,335,EAST  146 STREET,10451,201,Bronx,2329,96,-73.92091,40.81555
2000904,333,EAST 148 STREET,10451,201,Bronx,2330,53,-73.9206,40.81628
2000926,304,EAST  150 STREET,10451,201,Bronx,2331,21,-73.9211,40.81749
2001051,146,EAST 150 STREET,10451,204,Bronx,2347,15,-73.92764,40.81947
2001114,553,WALTON AVENUE,10451,204,Bronx,2352,53,-73.92851,40.81905
2001213,510,EAST 163 STREET,10451,203,Bronx,2367,17,-73.90945,40.82402
2001258,1042,WASHINGTON AVENUE,10456,203,Bronx,2370,2,-73.90894,40.82708
2001261,1048,WASHINGTON AVENUE,10456,203,Bronx,2370,5,-73.90884,40.82724
2001292,1138,WASHINGTON AVENUE,10456,203,Bronx,2371,17,-73.90765,40.82927
2001302,3413 REAR,   3 AVENUE,10456,203,Bronx,2371,46,-73.90736,40.82879
2001303,3411,   3 AVENUE,10456,203,Bronx,2371,48,-73.9072,40.82869
2001316,1186,WASHINGTON AVENUE,10456,203,Bronx,2372,11,-73.90699,40.83045
2001352,417,EAST 151 STREET,10455,201,Bronx,2374,59,-73.91635,40.81754
2001353,415,EAST 151 STREET,10455,201,Bronx,2374,60,-73.91644,40.81757
2001379,425,EAST 153 STREET,10455,201,Bronx,2375,29,-73.91544,40.81882
2001386,699,ELTON AVENUE,10455,201,Bronx,2376,23,-73.9147,40.81942
2001415,3023,3 AVENUE,10455,201,Bronx,2377,56,-73.91364,40.81976
2001423,428,EAST 157 STREET,10451,201,Bronx,2378,19,-73.91421,40.82105
2001482,450,EAST  160 STREET,10451,203,Bronx,2381,49,-73.91236,40.82288
2001507,426,EAST 162 STREET,10451,203,Bronx,2383,16,-73.91263,40.8243
2001508,428,EAST 162 STREET,10451,203,Bronx,2383,17,-73.91254,40.82427
2001509,430,EAST 162 STREET,10451,203,Bronx,2383,18,-73.91246,40.82424
2001521,922,MELROSE AVENUE,10451,203,Bronx,2384,8,-73.913,40.82522
2001579,3414,PARK AVENUE,10456,203,Bronx,2388,10,-73.90945,40.82925
2001614,465,EAST 167 STREET,10456,203,Bronx,2389,51,-73.90791,40.83003
2001654,582,COURTLANDT AVENUE,10451,201,Bronx,2397,6,-73.91882,40.81749
2001660,628,COURTLANDT AVENUE,10451,201,Bronx,2398,7,-73.91841,40.81837
2001669,367,EAST  151 STREET,10455,201,Bronx,2398,40,-73.91823,40.81803
2001694,681,MELROSE AVENUE,10455,201,Bronx,2400,23,-73.91647,40.81938
2001715,386,EAST 155 STREET,10455,201,Bronx,2401,17,-73.9166,40.82014
2001746,773,MELROSE AVENUE,10451,201,Bronx,2404,22,-73.9153,40.82211
2001833,304,EAST 151 STREET,10451,201,Bronx,2410,26,-73.92061,40.81816
2001835,310,EAST 151 STREET,10451,201,Bronx,2410,28,-73.92043,40.81812
2001853,333,EAST 150 STREET,10451,201,Bronx,2410,54,-73.91985,40.81762
2001859,317,EAST 150 STREET,10451,201,Bronx,2410,62,-73.92049,40.81778
2001879,617,COURTLANDT AVENUE,10451,201,Bronx,2411,48,-73.9191,40.8182
2001887,299,EAST 158 STREET,10451,201,Bronx,2418,1,-73.91798,40.82338
2001928,280,EAST 162 STREET,10451,204,Bronx,2421,14,-73.9175,40.82614
2001973,311,EAST 162 STREET,10451,204,Bronx,2422,43,-73.91627,40.82624
2001980,291,EAST 162 STREET,10451,204,Bronx,2422,52,-73.91693,40.82645
2001989,274,BONNER PLACE,10456,204,Bronx,2423,7,-73.91701,40.8276
2001993,289,BONNER PLACE,10456,204,Bronx,2423,16,-73.9164,40.82772
2002001,292,EAST 164 STREET,10456,204,Bronx,2423,32,-73.91614,40.82784
2002016,928,COLLEGE AVENUE,10456,204,Bronx,2423,53,-73.91599,40.82697
2002025,314,EAST 164 STREET,10456,204,Bronx,2423,69,-73.91542,40.82758
2002049,1040,CLAY AVENUE,10456,204,Bronx,2425,2,-73.91263,40.82827
2002052,1046,CLAY AVENUE,10456,204,Bronx,2425,5,-73.91251,40.82848
2002067,1104,CLAY AVENUE,10456,204,Bronx,2426,3,-73.91186,40.82964
2002076,1178,CLAY AVENUE,10456,204,Bronx,2426,53,-73.91083,40.83147
2002079,1190,CLAY AVENUE,10456,204,Bronx,2426,56,-73.91067,40.83176
2002098,1260,CLAY AVENUE,10456,204,Bronx,2427,15,-73.90968,40.83355
2002099,1264,CLAY AVENUE,10456,204,Bronx,2427,16,-73.90961,40.83364
2002100,1268,CLAY AVENUE,10456,204,Bronx,2427,18,-73.90955,40.83374
2002101,1272,CLAY AVENUE,10456,204,Bronx,2427,19,-73.9095,40.83385
2002102,1276,CLAY AVENUE,10456,204,Bronx,2427,21,-73.90945,40.83395
2002104,1275,WEBSTER AVENUE,10456,204,Bronx,2427,29,-73.90908,40.83394
2002105,1273,WEBSTER AVENUE,10456,204,Bronx,2427,31,-73.90913,40.83384
2002106,1267,WEBSTER AVENUE,10456,204,Bronx,2427,32,-73.90919,40.83375
2002109,1249,WEBSTER AVENUE,10456,204,Bronx,2427,40,-73.90943,40.83332
2002111,1245,WEBSTER AVENUE,10456,204,Bronx,2427,42,-73.90951,40.83319
2002138,1043,CLAY AVENUE,10456,204,Bronx,2428,35,-73.91306,40.82854
2002159,1171,CLAY AVENUE,10456,204,Bronx,2430,43,-73.91127,40.83183
2002176,1251,CLAY AVENUE,10456,204,Bronx,2431,26,-73.91032,40.8334
2002188,306,EAST 165 STREET,10456,204,Bronx,2432,37,-73.91531,40.82871
2002194,993,FINDLAY AVENUE,10456,204,Bronx,2432,46,-73.91529,40.8283
2002201,990,FINDLAY AVENUE,10456,204,Bronx,2432,58,-73.91485,40.82801
2002202,992,FINDLAY AVENUE,10456,204,Bronx,2432,59,-73.91482,40.82805
2002223,1052,FINDLAY AVENUE,10456,204,Bronx,2433,45,-73.91423,40.82905
2002228,1072,FINDLAY AVENUE,10456,204,Bronx,2433,52,-73.91396,40.8295
2002233,1081,TELLER AVENUE,10456,204,Bronx,2433,61,-73.91351,40.82959
2002234,1077,TELLER AVENUE,10456,204,Bronx,2433,62,-73.91356,40.82951
2002237,1069,TELLER AVENUE,10456,204,Bronx,2433,66,-73.91366,40.82934
2002239,1065,TELLER AVENUE,10456,204,Bronx,2433,68,-73.91371,40.82924
2002242,1059,TELLER AVENUE,10456,204,Bronx,2433,71,-73.9138,40.82909
2002244,1055,TELLER AVENUE,10456,204,Bronx,2433,73,-73.91386,40.82899
2002253,1114,COLLEGE AVENUE,10456,204,Bronx,2434,6,-73.91434,40.83059
2002254,1120,COLLEGE AVENUE,10456,204,Bronx,2434,7,-73.91428,40.83069
2002261,1125,FINDLAY AVENUE,10456,204,Bronx,2434,32,-73.91384,40.83075
2002265,1109,FINDLAY AVENUE,10456,204,Bronx,2434,40,-73.91406,40.83036
2002267,315,EAST 166 STREET,10456,204,Bronx,2434,44,-73.91417,40.83017
2002277,336,EAST 167 STREET,10456,204,Bronx,2434,68,-73.91273,40.83088
2002292,1220,COLLEGE AVENUE,10456,204,Bronx,2435,14,-73.91289,40.83308
2002327,1245,FINDLAY AVENUE,10456,204,Bronx,2436,33,-73.91199,40.83393
2002380,1046,MORRIS AVENUE,10456,204,Bronx,2437,7,-73.91589,40.82961
2002387,1062,MORRIS AVENUE,10456,204,Bronx,2437,15,-73.91566,40.83002
2002393,1045,COLLEGE AVENUE,10456,204,Bronx,2437,26,-73.91539,40.82984
2002395,1041,COLLEGE AVENUE,10456,204,Bronx,2437,28,-73.91545,40.82973
2002401,1029,COLLEGE AVENUE,10456,204,Bronx,2437,34,-73.91563,40.8294
2002403,1025,COLLEGE AVENUE,10456,204,Bronx,2437,36,-73.91569,40.82929
2002416,1242,MORRIS AVENUE,10456,204,Bronx,2439,30,-73.91324,40.83412
2002422,1270,MORRIS AVENUE,10456,204,Bronx,2439,44,-73.91283,40.83481
2002423,1272,MORRIS AVENUE,10456,204,Bronx,2439,45,-73.91286,40.83502
2002435,1241,COLLEGE AVENUE,10456,204,Bronx,2439,68,-73.91296,40.83396
2002436,1237,COLLEGE AVENUE,10456,204,Bronx,2439,69,-73.913,40.83389
2002475,225,EAST 163 STREET,10451,204,Bronx,2446,1,-73.91898,40.82788
2002489,955,GRANT AVENUE,10456,204,Bronx,2446,30,-73.91842,40.82817
2002504,1003,GRANT AVENUE,10456,204,Bronx,2447,23,-73.91769,40.82939
2002534,1052,GRANT AVENUE,10456,204,Bronx,2448,6,-73.91677,40.82999
2002542,1068,GRANT AVENUE,10456,204,Bronx,2448,14,-73.91648,40.8305
2002544,256,EAST 166 STREET,10456,204,Bronx,2448,16,-73.9164,40.83064
2002558,1043,MORRIS AVENUE,10456,204,Bronx,2448,32,-73.91653,40.82969
2002566,1116,GRANT AVENUE,10456,204,Bronx,2449,7,-73.91601,40.8313
2002622,1235,MORRIS AVENUE,10456,204,Bronx,2450,48,-73.91394,40.83411
2002626,1060,SHERMAN AVENUE,10456,204,Bronx,2451,11,-73.91734,40.83079
2002631,1067,GRANT AVENUE,10456,204,Bronx,2451,30,-73.91709,40.83054
2002652,1135,GRANT AVENUE,10456,204,Bronx,2452,20,-73.91626,40.83194
2002684,1214,SHERIDAN AVENUE,10456,204,Bronx,2453,3,-73.91598,40.83454
2002710,974,SHERIDAN AVENUE,10456,204,Bronx,2455,14,-73.91936,40.82894
2002713,967,SHERMAN AVENUE,10456,204,Bronx,2455,33,-73.91917,40.82868
2002727,1064,CARROLL PLACE,10456,204,Bronx,2456,8,-73.91888,40.83126
2002728,1081,SHERIDAN AVENUE,10456,204,Bronx,2456,16,-73.91865,40.83121
2002731,1048,SHERIDAN AVENUE,10456,204,Bronx,2456,32,-73.9185,40.83056
2002734,1060,SHERIDAN AVENUE,10456,204,Bronx,2456,37,-73.9183,40.83091
2002744,1103,SHERIDAN AVENUE,10456,204,Bronx,2456,95,-73.91837,40.83175
2002761,1171,SHERMAN AVENUE,10456,204,Bronx,2456,244,-73.91666,40.83301
2002770,214,EAST 168 STREET,10456,204,Bronx,2457,21,-73.91582,40.83533
2002777,1267,SHERIDAN AVENUE,10456,204,Bronx,2457,52,-73.91544,40.83573
2002817,975,SHERIDAN AVENUE,10456,204,Bronx,2461,70,-73.92015,40.82901
2002822,1000,GRAND CONCOURSE,10451,204,Bronx,2461,90,-73.92043,40.82963
2002844,1183,GRAND CONCOURSE,10452,204,Bronx,2463,53,-73.91866,40.83418
2002847,1215,GRAND CONCOURSE,10452,204,Bronx,2464,1,-73.91783,40.83496
2002864,125,EAST 168 STREET,10452,204,Bronx,2466,44,-73.91743,40.83637
2002896,751,WALTON AVENUE,10451,204,Bronx,2473,33,-73.92595,40.82499
2002900,675,WALTON AVENUE,10451,204,Bronx,2473,67,-73.92686,40.823
2002950,1097,WALTON AVENUE,10452,204,Bronx,2478,46,-73.92117,40.83272
2002960,1173,WALTON AVENUE,10452,204,Bronx,2479,36,-73.92033,40.83414
2003004,1155,GERARD AVENUE,10452,204,Bronx,2488,46,-73.92138,40.83417
2003039,956,ANDERSON AVENUE,10452,204,Bronx,2504,60,-73.92765,40.83115
2003040,958,ANDERSON AVENUE,10452,204,Bronx,2504,61,-73.92759,40.83121
2003048,974,ANDERSON AVENUE,10452,204,Bronx,2504,72,-73.92715,40.83174
2003097,1300,SHAKESPEARE AVENUE,10452,204,Bronx,2506,119,-73.92217,40.83983
2003113,71,WEST 162 STREET,10452,204,Bronx,2507,1,-73.9286,40.83141
2003160,1230,WOODYCREST AVENUE,10452,204,Bronx,2510,17,-73.92404,40.83735
2003164,1246,WOODYCREST AVENUE,10452,204,Bronx,2510,34,-73.9236,40.83781
2003170,1187,ANDERSON AVENUE,10452,204,Bronx,2510,40,-73.9238,40.83713
2003174,1201,SHAKESPEARE AVENUE,10452,204,Bronx,2510,74,-73.92353,40.83668
2003201,1016,OGDEN AVENUE,10452,204,Bronx,2512,7,-73.92889,40.83331
2003203,1020,OGDEN AVENUE,10452,204,Bronx,2512,9,-73.92883,40.83344
2003219,1019,NELSON AVENUE,10452,204,Bronx,2512,37,-73.92863,40.8333
2003224,1001,WOODYCREST AVENUE,10452,204,Bronx,2512,45,-73.9283,40.8328
2003234,1023,WOODYCREST AVENUE,10452,204,Bronx,2512,76,-73.92771,40.83337
2003244,1072,NELSON AVENUE,10452,204,Bronx,2513,6,-73.92727,40.8345
2003246,1061,WOODYCREST AVENUE,10452,204,Bronx,2513,33,-73.92709,40.83422
2003262,1075,NELSON AVENUE,10452,204,Bronx,2514,32,-73.92777,40.83465
2003271,122,WEST 167 STREET,10452,204,Bronx,2514,62,-73.92643,40.83649
2003291,1235,WOODYCREST AVENUE,10452,204,Bronx,2515,31,-73.92419,40.83801
2003310,88,WEST 169 STREET,10452,204,Bronx,2517,30,-73.92321,40.83923
2003376,1360,OGDEN AVENUE,10452,204,Bronx,2522,43,-73.92444,40.84157
2003377,1372,OGDEN AVENUE,10452,204,Bronx,2522,47,-73.9243,40.84175
2003378,1376,OGDEN AVENUE,10452,204,Bronx,2522,49,-73.92422,40.84187
2003379,1380,OGDEN AVENUE,10452,204,Bronx,2522,51,-73.92413,40.84199
2003380,1386,OGDEN AVENUE,10452,204,Bronx,2522,53,-73.92404,40.84211
2003381,1390,OGDEN AVENUE,10452,204,Bronx,2522,55,-73.92395,40.84223
2003404,1345,PLIMPTON AVENUE,10452,204,Bronx,2522,124,-73.9241,40.84143
2003405,145,WEST 170 STREET,10452,204,Bronx,2522,126,-73.92417,40.84133
2003406,903,SUMMIT AVENUE,10452,204,Bronx,2523,43,-73.93165,40.83113
2003408,909,SUMMIT AVENUE,10452,204,Bronx,2523,49,-73.93156,40.83138
2003418,1027,SUMMIT AVENUE,10452,204,Bronx,2523,132,-73.93002,40.83402
2003432,989,SUMMIT AVENUE,10452,204,Bronx,2523,163,-73.93063,40.83295
2003452,983,OGDEN AVENUE,10452,204,Bronx,2524,60,-73.92995,40.83245
2003463,1046,SUMMIT AVENUE,10452,204,Bronx,2525,19,-73.92929,40.83431
2003486,1090,UNIVERSITY AVENUE,10452,204,Bronx,2526,55,-73.92948,40.83556
2003570,1425,UNIVERSITY AVENUE,10452,204,Bronx,2537,47,-73.92496,40.84357
2003597,151,BRUCKNER BOULEVARD,10454,201,Bronx,2546,140,-73.91939,40.80364
2003635,597,EAST 138 STREET,10454,201,Bronx,2551,65,-73.91617,40.80658
2003659,328,BEEKMAN AVENUE,10454,201,Bronx,2554,10,-73.91373,40.80844
2003660,344,BEEKMAN AVENUE,10454,201,Bronx,2554,18,-73.91349,40.80886
2003662,345,CYPRESS AVENUE,10454,201,Bronx,2554,49,-73.91332,40.80843
2003677,351,BEEKMAN AVENUE,10454,201,Bronx,2555,45,-73.91396,40.80912
2003683,612,BEECH TERRACE,10454,201,Bronx,2555,82,-73.91385,40.80931
2003750,715,EAST 133 STREET,10454,201,Bronx,2562,82,-73.91515,40.80186
2003786,727,EAST  136 STREET,10454,201,Bronx,2565,74,-73.91292,40.80345
2003789,674,EAST 138 STREET,10454,201,Bronx,2566,3,-73.91435,40.80519
2003798,673,EAST  137 STREET,10454,201,Bronx,2566,39,-73.91467,40.805
2003814,680,EAST 140 STREET,10454,201,Bronx,2568,9,-73.91331,40.8065
2003846,349,CONCORD AVENUE,10454,201,Bronx,2573,24,-73.91063,40.80759
2003943,500,CONCORD AVENUE,10455,201,Bronx,2580,4,-73.90833,40.81178
2003951,518,WALES AVENUE,10455,201,Bronx,2581,10,-73.90728,40.8119
2003952,520,WALES AVENUE,10455,201,Bronx,2581,11,-73.90724,40.812
2003959,533,TINTON AVENUE,10455,201,Bronx,2581,28,-73.90675,40.81232
2004014,759,EAST 138 STREET,10454,201,Bronx,2590,102,-73.9111,40.80442
2004195,1071,FRANKLIN AVENUE,10456,203,Bronx,2608,1,-73.90717,40.8273
2004202,3414,3 AVENUE,10456,203,Bronx,2608,32,-73.9066,40.82851
2004213,1203,FULTON AVENUE,10456,203,Bronx,2609,35,-73.90502,40.83044
2004220,1165,FULTON AVENUE,10456,203,Bronx,2609,51,-73.90567,40.82951
2004223,530,EAST 169 STREET,10456,203,Bronx,2610,12,-73.90475,40.83196
2004243,1234,FULTON AVENUE,10456,203,Bronx,2612,4,-73.90401,40.83085
2004268,1133,BOSTON ROAD,10456,203,Bronx,2613,26,-73.90427,40.82821
2004281,614,EAST 168 STREET,10456,203,Bronx,2614,27,-73.90323,40.82975
2004283,1197,BOSTON ROAD,10456,203,Bronx,2614,33,-73.90263,40.82962
2004284,1195,BOSTON ROAD,10456,203,Bronx,2614,35,-73.90275,40.82953
2004292,601,EAST 167 STREET,10456,203,Bronx,2614,56,-73.90397,40.82859
2004311,1225,BOSTON ROAD,10456,203,Bronx,2615,55,-73.90215,40.8302
2004322,670,ST ANNS AVENUE,10455,201,Bronx,2617,18,-73.91109,40.81726
2004323,674,ST ANNS AVENUE,10455,201,Bronx,2617,22,-73.91104,40.81741
2004324,678,ST ANNS AVENUE,10455,201,Bronx,2617,24,-73.91098,40.81756
2004329,725,EAGLE AVENUE,10455,201,Bronx,2617,50,-73.91009,40.81884
2004335,711,EAGLE AVENUE,10455,201,Bronx,2617,56,-73.91022,40.81851
2004336,707,EAGLE AVENUE,10455,201,Bronx,2617,57,-73.91026,40.81841
2004361,3194,   3 AVENUE,10451,203,Bronx,2620,2,-73.90914,40.82253
2004363,3198,3 AVENUE,10451,203,Bronx,2620,4,-73.9091,40.82262
2004367,3206,3 AVENUE,10451,203,Bronx,2620,8,-73.90896,40.82285
2004380,919,EAGLE AVENUE,10456,203,Bronx,2620,33,-73.9082,40.82346
2004381,917,EAGLE AVENUE,10456,203,Bronx,2620,34,-73.90823,40.8234
2004392,581,EAST 164 STREET,10456,203,Bronx,2622,1,-73.90736,40.8252
2004411,563,CAULDWELL AVENUE,10455,201,Bronx,2623,49,-73.91088,40.81467
2004424,577,JACKSON AVENUE,10455,201,Bronx,2623,271,-73.90915,40.8139
2004442,704,EAGLE AVENUE,10455,201,Bronx,2624,36,-73.90971,40.81835
2004479,898,EAGLE AVENUE,10456,203,Bronx,2627,62,-73.90804,40.82242
2004493,660,EAST 161 STREET,10456,201,Bronx,2630,46,-73.90707,40.82164
2004612,1116,JACKSON AVENUE,10456,203,Bronx,2651,9,-73.90302,40.8273
2004613,1118,JACKSON AVENUE,10456,203,Bronx,2651,10,-73.90299,40.82737
2004632,1131,FOREST AVENUE,10456,203,Bronx,2651,34,-73.90251,40.8277
2004635,1125,FOREST AVENUE,10456,203,Bronx,2651,37,-73.90258,40.82755
2004650,1114,JACKSON AVENUE,10456,203,Bronx,2651,57,-73.90305,40.82724
2004671,609,TINTON AVENUE,10455,201,Bronx,2653,42,-73.90587,40.81437
2004745,1230,BOSTON ROAD,10456,203,Bronx,2663,11,-73.90095,40.83014
2004763,1221,TINTON AVENUE,10456,203,Bronx,2663,49,-73.90044,40.82988
2004791,796,EAST 160 STREET,10456,201,Bronx,2666,22,-73.90333,40.81998
2004870,783,EAST 168 STREET,10456,203,Bronx,2673,1,-73.90012,40.82919
2004887,1233,UNION AVENUE,10459,203,Bronx,2673,41,-73.89933,40.82969
2004891,1223,UNION AVENUE,10459,203,Bronx,2673,46,-73.89944,40.82943
2004894,1212,TINTON AVENUE,10456,203,Bronx,2673,62,-73.9,40.82945
2004903,606,UNION AVENUE,10455,201,Bronx,2674,33,-73.90457,40.81405
2004909,597,PROSPECT AVENUE,10455,201,Bronx,2674,41,-73.90428,40.81381
2004923,676,UNION AVENUE,10455,201,Bronx,2675,9,-73.90392,40.81584
2004926,684,UNION AVENUE,10455,201,Bronx,2675,12,-73.90385,40.81604
2004931,834,EAST 155 STREET,10455,201,Bronx,2675,17,-73.90374,40.81635
2004943,835,EAST 155 STREET,10455,201,Bronx,2675,35,-73.90365,40.81656
2004957,733,PROSPECT AVENUE,10455,201,Bronx,2675,51,-73.90298,40.81723
2004962,721,PROSPECT AVENUE,10455,201,Bronx,2675,57,-73.90315,40.81689
2004976,785,UNION AVENUE,10455,201,Bronx,2676,8,-73.90377,40.81834
2004980,753,UNION AVENUE,10455,201,Bronx,2676,19,-73.90369,40.81778
2004983,803,EAST 156 STREET,10455,201,Bronx,2676,22,-73.90392,40.81788
2004984,770,UNION AVENUE,10455,201,Bronx,2676,136,-73.90324,40.8181
2004993,791,PROSPECT AVENUE,10455,201,Bronx,2676,65,-73.90244,40.81861
2004997,777,PROSPECT AVENUE,10455,201,Bronx,2676,73,-73.90263,40.81815
2005004,831,EAST 156 STREET,10455,201,Bronx,2676,87,-73.90338,40.81776
2005017,812,EAST 165 STREET,10459,203,Bronx,2678,28,-73.90102,40.82415
2005022,832,EAST 165 STREET,10459,203,Bronx,2678,34,-73.90054,40.82401
2005045,810,EAST 168 STREET,10459,203,Bronx,2681,17,-73.89897,40.82849
2005048,816,EAST  168 STREET,10459,203,Bronx,2681,20,-73.89865,40.82846
2005049,820,EAST 168 STREET,10459,203,Bronx,2681,22,-73.89834,40.82849
2005051,1315,PROSPECT AVENUE,10459,203,Bronx,2681,27,-73.89846,40.8282
2005055,827,HOME STREET,10459,203,Bronx,2681,33,-73.89893,40.82809
2005056,823,HOME STREET,10459,203,Bronx,2681,34,-73.89909,40.82808
2005091,643,SOUTHERN BOULEVARD,10455,202,Bronx,2683,94,-73.90098,40.81336
2005105,942,AVENUE ST JOHN,10455,202,Bronx,2685,3,-73.90275,40.81475
2005108,944,LEGGETT AVENUE,10455,202,Bronx,2685,49,-73.90075,40.81562
2005111,954,LEGGETT AVENUE,10455,202,Bronx,2685,54,-73.90059,40.81529
2005116,689,BECK STREET,10455,202,Bronx,2685,60,-73.90099,40.81511
2005119,673,BECK STREET,10455,202,Bronx,2685,64,-73.90144,40.81498
2005120,947,AVENUE ST JOHN,10455,202,Bronx,2685,7501,-73.90218,40.81514
2005128,911,AVENUE ST JOHN,10455,202,Bronx,2686,13,-73.9026,40.81594
2005131,903,AVENUE ST JOHN,10455,202,Bronx,2686,16,-73.90269,40.81615
2005137,909,AVENUE ST JOHN,10455,202,Bronx,2686,64,-73.90263,40.81599
2005138,663,DAWSON STREET,10455,202,Bronx,2687,1,-73.90263,40.81648
2005141,726,PROSPECT AVENUE,10455,202,Bronx,2687,6,-73.90252,40.81671
2005171,870,LONGWOOD AVENUE,10459,202,Bronx,2688,53,-73.90101,40.81881
2005183,857,MACY PLACE,10455,202,Bronx,2688,82,-73.9015,40.81852
2005202,870,EAST  163 STREET,10459,202,Bronx,2690,80,-73.8993,40.82151
2005207,954,PROSPECT AVENUE,10459,202,Bronx,2690,105,-73.90005,40.82246
2005215,850,EAST 165 STREET,10459,202,Bronx,2690,128,-73.89954,40.82386
2005216,856,EAST 165 STREET,10459,202,Bronx,2690,129,-73.89939,40.82375
2005220,867,EAST  164 STREET,10459,202,Bronx,2690,138,-73.89918,40.82345
2005230,866,EAST 164 STREET,10459,202,Bronx,2690,206,-73.89929,40.82313
2005242,1044,PROSPECT AVENUE,10459,202,Bronx,2691,14,-73.89913,40.82478
2005248,1023,STEBBINS AVENUE,10459,202,Bronx,2691,44,-73.89912,40.82402
2005291,861,EAST  167 STREET,10459,202,Bronx,2692,74,-73.89736,40.82634
2005300,1226,PROSPECT AVENUE,10459,202,Bronx,2693,20,-73.89816,40.8273
2005311,1251,STEBBINS AVENUE,10459,202,Bronx,2694,24,-73.89666,40.82864
2005338,907,EAST 156 STREET,10455,202,Bronx,2695,50,-73.90099,40.8172
2005344,814,HEWITT PLACE,10459,202,Bronx,2696,3,-73.89958,40.81882
2005360,940,STEBBINS AVENUE,10459,202,Bronx,2698,1,-73.89868,40.82183
2005367,941,ROGERS PLACE,10459,202,Bronx,2698,63,-73.89809,40.8224
2005441,745,KELLY STREET,10455,202,Bronx,2701,47,-73.89941,40.81718
2005452,930,EAST 163 STREET,10459,202,Bronx,2703,14,-73.89658,40.82072
2005453,940,EAST 163 STREET,10459,202,Bronx,2703,18,-73.89613,40.8207
2005462,957,KELLY STREET,10459,202,Bronx,2703,50,-73.89616,40.82159
2005470,1006,INTERVALE AVENUE,10459,202,Bronx,2704,16,-73.89651,40.82338
2005485,1074,INTERVALE AVENUE,10459,202,Bronx,2705,23,-73.89649,40.82544
2005490,1051,KELLY STREET,10459,202,Bronx,2705,48,-73.89612,40.8251
2005505,1137,TIFFANY STREET,10459,202,Bronx,2706,63,-73.89536,40.82704
2005519,725,FOX STREET,10455,202,Bronx,2707,26,-73.89931,40.81496
2005534,776,BECK STREET,10455,202,Bronx,2707,56,-73.898,40.81669
2005547,958,EAST  156 STREET,10455,202,Bronx,2708,7,-73.89979,40.81594
2005555,719,BECK STREET,10455,202,Bronx,2708,15,-73.89991,40.81553
2005559,740,KELLY STREET,10455,202,Bronx,2708,31,-73.89913,40.81675
2005592,826,BECK STREET,10459,202,Bronx,2709,7,-73.89702,40.81764
2005593,830,BECK STREET,10459,202,Bronx,2709,8,-73.89693,40.81772
2005595,838,BECK STREET,10459,202,Bronx,2709,10,-73.89677,40.81788
2005603,877,INTERVALE AVENUE,10459,202,Bronx,2709,28,-73.89606,40.81827
2005607,843,FOX STREET,10459,202,Bronx,2709,35,-73.89631,40.81788
2005611,827,FOX STREET,10459,202,Bronx,2709,39,-73.89661,40.81759
2005619,920,KELLY STREET,10459,202,Bronx,2711,7,-73.89581,40.82
2005620,924,KELLY STREET,10459,202,Bronx,2711,8,-73.89573,40.8201
2005621,928,KELLY STREET,10459,202,Bronx,2711,10,-73.89568,40.8202
2005667,971,WESTCHESTER AVENUE,10459,202,Bronx,2715,35,-73.8955,40.82314
2005673,1086,KELLY STREET,10459,202,Bronx,2716,31,-73.89565,40.82576
2005682,1049,FOX STREET,10459,202,Bronx,2717,48,-73.89417,40.82519
2005688,1020,TIFFANY STREET,10459,202,Bronx,2717,70,-73.89468,40.82416
2005693,936,EAST  169 STREET,10459,202,Bronx,2718,75,-73.89331,40.82684
2005701,1120,FOX STREET,10459,203,Bronx,2719,38,-73.89365,40.82746
2005702,1122,FOX STREET,10459,203,Bronx,2719,39,-73.89358,40.82756
2005705,1140,FOX STREET,10459,203,Bronx,2719,46,-73.89355,40.82808
2005743,801,SOUTHERN BOULEVARD,10459,202,Bronx,2721,40,-73.89619,40.81665
2005761,906,SIMPSON STREET,10459,202,Bronx,2723,28,-73.89339,40.81997
2005775,1023,SOUTHERN BOULEVARD,10459,202,Bronx,2724,158,-73.89223,40.82346
2005779,1007,SOUTHERN BOULEVARD,10459,202,Bronx,2724,164,-73.8922,40.82302
2005795,1076,FOX STREET,10459,202,Bronx,2726,25,-73.89359,40.82595
2005810,936,HOME STREET,10459,203,Bronx,2728,19,-73.8925,40.82827
2005841,1091,LONGWOOD AVENUE,10474,202,Bronx,2731,154,-73.89423,40.81541
2005850,879,BRUCKNER BOULEVARD,10459,202,Bronx,2732,41,-73.89389,40.81768
2005852,873,BRUCKNER BOULEVARD,10459,202,Bronx,2732,43,-73.894,40.81757
2005859,859,BRUCKNER BOULEVARD,10459,202,Bronx,2732,50,-73.89439,40.8172
2005870,919,BRUCKNER BOULEVARD,10459,202,Bronx,2733,26,-73.89304,40.8185
2005890,949,BRUCKNER BOULEVARD,10459,202,Bronx,2735,43,-73.8922,40.81933
2005891,945,BRUCKNER BOULEVARD,10459,202,Bronx,2735,45,-73.8923,40.81921
2005983,1008,GARRISON AVENUE,10474,202,Bronx,2740,74,-73.88995,40.81882
2006025,1047,HOE AVENUE,10459,202,Bronx,2743,34,-73.89086,40.82461
2006063,1163,HOE AVENUE,10459,203,Bronx,2745,36,-73.89117,40.82783
2006064,1161,HOE AVENUE,10459,203,Bronx,2745,37,-73.89117,40.82776
2006085,1014,FAILE STREET,10459,202,Bronx,2748,7501,-73.88924,40.82375
2006087,1018,FAILE STREET,10459,202,Bronx,2748,7501,-73.88924,40.82375
2006088,1020,FAILE STREET,10459,202,Bronx,2748,7501,-73.88924,40.82375
2006089,1022,FAILE STREET,10459,202,Bronx,2748,7501,-73.88924,40.82375
2006093,1030,FAILE STREET,10459,202,Bronx,2748,7501,-73.88927,40.82417
2006096,1036,FAILE STREET,10459,202,Bronx,2748,7501,-73.88929,40.8243
2006119,1043,FAILE STREET,10459,202,Bronx,2749,7501,-73.8899,40.82455
2006130,1021,FAILE STREET,10459,202,Bronx,2749,7501,-73.88983,40.82381
2006134,1013,FAILE STREET,10459,202,Bronx,2749,55,-73.88982,40.82361
2006148,1206,WESTCHESTER AVENUE,10459,202,Bronx,2750,22,-73.88909,40.82576
2006168,1160,HOE AVENUE,10459,203,Bronx,2752,17,-73.89061,40.82775
2006173,1175,VYSE AVENUE,10459,203,Bronx,2752,32,-73.8902,40.82846
2006174,1173,VYSE AVENUE,10459,203,Bronx,2752,33,-73.8902,40.82838
2006178,1137,VYSE AVENUE,10459,203,Bronx,2752,51,-73.89024,40.82736
2006185,1134,WEST FARMS ROAD,10459,203,Bronx,2754,5,-73.8892,40.82725
2006191,1170,WEST FARMS ROAD,10459,203,Bronx,2754,25,-73.8885,40.82812
2006196,1151,LONGFELLOW AVENUE,10459,203,Bronx,2754,43,-73.88828,40.82775
2006197,1145,LONGFELLOW AVENUE,10459,203,Bronx,2754,44,-73.88827,40.82764
2006209,1146,BRYANT AVENUE,10459,203,Bronx,2754,69,-73.88863,40.82756
2006231,1045,LONGFELLOW AVENUE,10459,202,Bronx,2756,35,-73.88802,40.82462
2006243,1017,LONGFELLOW AVENUE,10459,202,Bronx,2756,47,-73.88795,40.8238
2006250,1010,LONGFELLOW AVENUE,10459,202,Bronx,2756,58,-73.88735,40.8236
2006258,1030,LONGFELLOW AVENUE,10459,202,Bronx,2756,66,-73.8874,40.82415
2006261,1036,LONGFELLOW AVENUE,10459,202,Bronx,2756,69,-73.88741,40.82436
2006267,1052,LONGFELLOW AVENUE,10459,202,Bronx,2756,75,-73.88744,40.82477
2006268,1054,LONGFELLOW AVENUE,10459,202,Bronx,2756,76,-73.88745,40.82484
2006279,1075,LONGFELLOW AVENUE,10459,202,Bronx,2757,28,-73.88808,40.82543
2006280,1038,LOWELL STREET,10459,202,Bronx,2757,39,-73.88735,40.82574
2006282,1050,LOWELL STREET,10459,202,Bronx,2757,42,-73.88693,40.82576
2006284,1155,EAST 165 STREET,10459,202,Bronx,2757,50,-73.88718,40.82547
2006285,1151,EAST 165 STREET,10459,202,Bronx,2757,51,-73.88733,40.82547
2006288,1094,LONGFELLOW AVENUE,10459,202,Bronx,2757,68,-73.88757,40.82619
2006298,1043,LOWELL STREET,10459,202,Bronx,2757,122,-73.88716,40.82619
2006307,1150,LONGFELLOW AVENUE,10459,203,Bronx,2758,13,-73.8877,40.8278
2006367,916,FAILE STREET,10474,202,Bronx,2761,83,-73.88773,40.82039
2006370,917,BRYANT AVENUE,10474,202,Bronx,2761,93,-73.88735,40.82037
2006391,906,BRYANT AVENUE,10474,202,Bronx,2761,159,-73.88673,40.8202
2006393,912,BRYANT AVENUE,10474,202,Bronx,2761,161,-73.88677,40.82037
2006394,916,BRYANT AVENUE,10474,202,Bronx,2761,162,-73.8868,40.82047
2006427,1220,GILBERT PLACE,10474,202,Bronx,2762,18,-73.88765,40.81779
2006430,813,FAILE STREET,10474,202,Bronx,2762,25,-73.8875,40.81726
2006442,855,FAILE STREET,10474,202,Bronx,2762,59,-73.8876,40.81814
2006451,828,FAILE STREET,10474,202,Bronx,2762,84,-73.88705,40.81776
2006452,830,FAILE STREET,10474,202,Bronx,2762,85,-73.88707,40.81784
2006453,836,FAILE STREET,10474,202,Bronx,2762,86,-73.8871,40.81799
2006458,858,FAILE STREET,10474,202,Bronx,2762,94,-73.88724,40.81848
2006460,857,BRYANT AVENUE,10474,202,Bronx,2762,7501,-73.88701,40.81869
2006470,801,BRYANT AVENUE,10474,202,Bronx,2762,123,-73.88647,40.81716
2006512,1261,SPOFFORD AVENUE,10474,202,Bronx,2763,107,-73.8878,40.81458
2006524,754,MANIDA STREET,10474,202,Bronx,2763,136,-73.88846,40.81587
2006531,741,HUNTS POINT AVENUE,10474,202,Bronx,2763,150,-73.88728,40.8155
2006595,1202,SPOFFORD AVENUE,10474,202,Bronx,2765,78,-73.89074,40.81358
2006620,611,BARRETTO STREET,10474,202,Bronx,2765,166,-73.88903,40.81219
2006634,641,MANIDA STREET,10474,202,Bronx,2765,216,-73.88831,40.81307
2006642,642,BARRETTO STREET,10474,202,Bronx,2765,248,-73.88869,40.81309
2006643,644,BARRETTO STREET,10474,202,Bronx,2765,249,-73.88871,40.81315
2006661,620,MANIDA STREET,10474,202,Bronx,2765,290,-73.88761,40.81223
2006668,638,MANIDA STREET,10474,202,Bronx,2765,299,-73.88768,40.81289
2006671,648,MANIDA STREET,10474,202,Bronx,2765,308,-73.88785,40.81337
2006677,662,MANIDA STREET,10474,202,Bronx,2765,314,-73.88797,40.81371
2006679,640,BARRETTO STREET,10474,202,Bronx,2765,647,-73.88868,40.81302
2006690,617,FAILE STREET,10474,202,Bronx,2766,28,-73.88631,40.81268
2006749,632,COSTER STREET,10474,202,Bronx,2766,450,-73.88678,40.81306
2006751,654,COSTER STREET,10474,202,Bronx,2766,459,-73.88693,40.81365
2006815,541,COSTER STREET,10474,202,Bronx,2768,297,-73.88698,40.8116
2007066,1357,TELLER AVENUE,10456,204,Bronx,2782,48,-73.90978,40.83591
2007174,1302,COLLEGE AVENUE,10456,204,Bronx,2783,7,-73.91153,40.83537
2007175,1306,COLLEGE AVENUE,10456,204,Bronx,2783,8,-73.91148,40.83547
2007215,1303,FINDLAY AVENUE,10456,204,Bronx,2783,78,-73.91122,40.83517
2007251,309,EAST  170 STREET,10456,204,Bronx,2784,36,-73.90999,40.83756
2007252,307,EAST  170 STREET,10456,204,Bronx,2784,37,-73.91009,40.83756
2007253,305,EAST 170 STREET,10456,204,Bronx,2784,38,-73.91017,40.83759
2007286,1323,COLLEGE AVENUE,10456,204,Bronx,2785,64,-73.9118,40.83594
2007287,1311,COLLEGE AVENUE,10456,204,Bronx,2785,67,-73.91193,40.83574
2007315,346,EAST 173 STREET,10457,204,Bronx,2790,18,-73.90522,40.84322
2007347,1696,MONROE AVENUE,10457,204,Bronx,2791,39,-73.90643,40.84435
2007349,1707,TOPPING AVENUE,10457,204,Bronx,2791,44,-73.90606,40.84447
2007381,230,EAST 173 STREET,10457,204,Bronx,2793,11,-73.9083,40.84357
2007399,1701,EASTBURN AVENUE,10457,204,Bronx,2794,49,-73.90876,40.84461
2007412,1745,EASTBURN AVENUE,10457,205,Bronx,2795,42,-73.90869,40.84545
2007419,1758,EASTBURN AVENUE,10457,205,Bronx,2796,13,-73.9081,40.84584
2007422,1774,EASTBURN AVENUE,10457,205,Bronx,2796,19,-73.90807,40.84624
2007440,1756,WEEKS AVENUE,10457,205,Bronx,2797,13,-73.9072,40.84576
2007441,1758,WEEKS AVENUE,10457,205,Bronx,2797,14,-73.9072,40.84584
2007491,1760,TOPPING AVENUE,10457,205,Bronx,2799,16,-73.9054,40.84575
2007500,1786,TOPPING AVENUE,10457,205,Bronx,2799,25,-73.90533,40.84646
2007522,1821,TOPPING AVENUE,10457,205,Bronx,2800,44,-73.90582,40.84719
2007538,273,EAST 175 STREET,10457,205,Bronx,2800,72,-73.90495,40.84687
2007567,273,EAST 176 STREET,10457,205,Bronx,2802,39,-73.904,40.84751
2007568,265,EAST 176 STREET,10457,205,Bronx,2802,44,-73.90425,40.84755
2007583,1848,ANTHONY AVENUE,10457,205,Bronx,2803,7,-73.9033,40.84789
2007598,228,EAST TREMONT AVENUE,10457,205,Bronx,2804,19,-73.90475,40.8487
2007600,240,EAST TREMONT AVENUE,10457,205,Bronx,2804,23,-73.90445,40.8486
2007607,249,MT HOPE PLACE,10457,205,Bronx,2804,44,-73.90423,40.84825
2007626,110,EAST 177 STREET,10453,205,Bronx,2805,41,-73.90749,40.8493
2007631,1881,GRAND CONCOURSE,10453,205,Bronx,2805,56,-73.90694,40.84887
2007657,101,EAST 179 STREET,10453,205,Bronx,2807,35,-73.90643,40.85187
2007678,1986,MORRIS AVENUE,10453,205,Bronx,2807,93,-73.90692,40.85133
2007715,255,EAST TREMONT AVENUE,10457,205,Bronx,2809,42,-73.90376,40.84906
2007753,1993,ANTHONY AVENUE,10457,205,Bronx,2812,29,-73.90308,40.85108
2007768,315,ECHO PLACE,10457,205,Bronx,2814,45,-73.90235,40.84948
2007849,1500,GRAND CONCOURSE,10457,204,Bronx,2821,1,-73.9121,40.84118
2007850,1520,GRAND CONCOURSE,10457,204,Bronx,2821,10,-73.91194,40.84155
2007861,1692,GRAND CONCOURSE,10457,204,Bronx,2823,45,-73.91098,40.8444
2007880,1770,WALTON AVENUE,10453,205,Bronx,2826,11,-73.90987,40.84769
2007881,1780,WALTON AVENUE,10453,205,Bronx,2826,15,-73.9097,40.84784
2007890,1777,GRAND CONCOURSE,10453,205,Bronx,2826,62,-73.90963,40.84691
2007932,1991,MORRIS AVENUE,10453,205,Bronx,2829,17,-73.9073,40.85166
2007950,2027,MORRIS AVENUE,10453,205,Bronx,2829,57,-73.90637,40.85267
2007973,1314,GRAND CONCOURSE,10456,204,Bronx,2831,9,-73.91479,40.83687
2007987,1410,GRAND CONCOURSE,10456,204,Bronx,2832,4,-73.91303,40.83898
2007991,1454,GRAND CONCOURSE,10457,204,Bronx,2832,30,-73.91257,40.83989
2008012,1555,GRAND CONCOURSE,10452,204,Bronx,2836,12,-73.9129,40.8422
2008039,125,EAST  169 STREET,10452,204,Bronx,2839,79,-73.91678,40.83699
2008040,123,EAST 169 STREET,10452,204,Bronx,2839,80,-73.91685,40.83703
2008082,101,ELLIOT PLACE,10452,204,Bronx,2842,38,-73.916,40.839
2008119,1475,WYTHE PLACE,10452,204,Bronx,2844,95,-73.91409,40.84111
2008120,1459,WYTHE PLACE,10452,204,Bronx,2844,105,-73.91441,40.84068
2008140,20,EAST MT EDEN AVENUE,10452,204,Bronx,2846,37,-73.91428,40.84388
2008198,1727,WALTON AVENUE,10453,205,Bronx,2849,70,-73.91119,40.84668
2008199,1715,WALTON AVENUE,10453,205,Bronx,2849,76,-73.91138,40.84641
2008211,1763,TOWNSEND AVENUE,10453,205,Bronx,2850,30,-73.91151,40.84772
2008216,1775,WALTON AVENUE,10453,205,Bronx,2850,60,-73.91034,40.84786
2008217,65,EAST 175 STREET,10453,205,Bronx,2850,67,-73.91075,40.8473
2008226,69,EAST 176 STREET,10453,205,Bronx,2851,29,-73.90987,40.84853
2008229,19,EAST 176 STREET,10453,205,Bronx,2851,41,-73.91082,40.84872
2008239,1881,WALTON AVENUE,10453,205,Bronx,2852,27,-73.90959,40.84936
2008240,31,MT HOPE PLACE,10453,205,Bronx,2852,30,-73.9098,40.8494
2008301,1485,MACOMBS ROAD,10452,204,Bronx,2857,28,-73.9183,40.84247
2008361,1726,DAVIDSON AVENUE,10453,205,Bronx,2861,57,-73.91324,40.84761
2008396,2016,DAVIDSON AVENUE,10453,205,Bronx,2863,14,-73.9089,40.85306
2008413,1331,INWOOD AVENUE,10452,204,Bronx,2864,70,-73.92007,40.83913
2008447,1630,MACOMBS ROAD,10453,205,Bronx,2866,4,-73.91606,40.84691
2008451,1631,GRAND AVENUE,10453,205,Bronx,2866,20,-73.91567,40.84698
2008548,1910,UNIVERSITY AVENUE,10453,205,Bronx,2868,98,-73.91251,40.85283
2008550,1962,UNIVERSITY AVENUE,10453,205,Bronx,2868,119,-73.91151,40.85399
2008552,1970,UNIVERSITY AVENUE,10453,205,Bronx,2868,123,-73.91135,40.85419
2008601,109,WEST TREMONT AVENUE,10453,205,Bronx,2869,58,-73.91331,40.8503
2008611,2015,GRAND AVENUE,10453,205,Bronx,2869,143,-73.91018,40.8534
2008620,1971,GRAND AVENUE,10453,205,Bronx,2869,163,-73.91104,40.85221
2008671,1432,SHAKESPEARE AVENUE,10452,204,Bronx,2872,105,-73.92038,40.84272
2008687,65,JESUP PLACE,10452,204,Bronx,2872,200,-73.92023,40.84235
2008701,1584,JESUP AVENUE,10452,205,Bronx,2872,262,-73.91801,40.84541
2008704,1540,JESUP AVENUE,10452,204,Bronx,2872,277,-73.91818,40.84436
2008799,84,WEST 174 STREET,10453,205,Bronx,2876,21,-73.9173,40.8469
2008802,74,WEST 174 STREET,10453,205,Bronx,2876,25,-73.91685,40.84704
2008839,1713,NELSON AVENUE,10453,205,Bronx,2876,131,-73.91673,40.84873
2008846,1672,NELSON AVENUE,10453,205,Bronx,2876,160,-73.91763,40.84747
2008859,71,WEST 174 STREET,10453,205,Bronx,2876,195,-73.91689,40.84743
2008862,81,WEST 174 STREET,10453,205,Bronx,2876,200,-73.91724,40.84735
2008866,1667,NELSON AVENUE,10453,205,Bronx,2876,213,-73.91814,40.84764
2008870,1639,NELSON AVENUE,10453,205,Bronx,2876,225,-73.9189,40.84708
2008871,1637,NELSON AVENUE,10453,205,Bronx,2876,226,-73.91897,40.84703
2008926,1710,POPHAM AVENUE,10453,205,Bronx,2877,424,-73.91972,40.85013
2008928,1730,POPHAM AVENUE,10453,205,Bronx,2877,431,-73.9194,40.85053
2008935,1764,POPHAM AVENUE,10453,205,Bronx,2877,444,-73.91859,40.85107
2008964,226,WEST TREMONT AVENUE,10453,205,Bronx,2877,516,-73.91763,40.85197
2008975,1812,PALISADE PLACE,10453,205,Bronx,2877,551,-73.91827,40.85231
2008982,1482,MONTGOMERY AVENUE,10453,205,Bronx,2878,9,-73.92061,40.84768
2008985,135,WEST 175 STREET,10453,205,Bronx,2878,23,-73.9201,40.84832
2009011,1705,ANDREWS AVENUE,10453,205,Bronx,2878,169,-73.91848,40.84978
2009042,1852,ANDREWS AVENUE,10453,205,Bronx,2879,14,-73.91431,40.85262
2009098,1815,UNIVERSITY AVENUE,10453,205,Bronx,2879,121,-73.91526,40.85112
2009099,1805,UNIVERSITY AVENUE,10453,205,Bronx,2879,123,-73.91537,40.85101
2009105,1883,BILLINGSLEY TERRACE,10453,205,Bronx,2879,162,-73.91724,40.85398
2009149,1898,BILLINGSLEY TERRACE,10453,205,Bronx,2879,263,-73.91625,40.85386
2009158,1809,PHELAN PLACE,10453,205,Bronx,2879,284,-73.91737,40.85261
2009226,1808,CEDAR AVENUE,10453,205,Bronx,2881,1,-73.92017,40.85248
2009251,1839,SEDGWICK AVENUE,10453,205,Bronx,2881,93,-73.91878,40.85308
2009259,1304,CLAY AVENUE,10456,204,Bronx,2887,3,-73.90925,40.83429
2009266,1324,CLAY AVENUE,10456,204,Bronx,2887,10,-73.90897,40.83477
2009297,1420,CLAY AVENUE,10456,204,Bronx,2887,88,-73.90749,40.83729
2009306,1357,WEBSTER AVENUE,10456,204,Bronx,2887,162,-73.90816,40.83554
2009314,1318,CLAY AVENUE,10456,204,Bronx,2887,196,-73.90906,40.83462
2009326,1680,CLAY AVENUE,10457,204,Bronx,2889,1,-73.90471,40.84354
2009331,1705,ANTHONY AVENUE,10457,204,Bronx,2889,18,-73.90441,40.84436
2009335,1704,ANTHONY AVENUE,10457,204,Bronx,2889,43,-73.90394,40.84425
2009359,1812,CLAY AVENUE,10457,205,Bronx,2891,59,-73.90439,40.8469
2009418,415,CLAREMONT PARKWAY,10457,203,Bronx,2897,132,-73.90469,40.83982
2009424,4031,PARK AVENUE,10457,203,Bronx,2898,29,-73.9021,40.8436
2009472,3890,PARK AVENUE,10457,203,Bronx,2904,16,-73.9029,40.84022
2009507,445,EAST 174 STREET,10457,206,Bronx,2907,2,-73.90115,40.84348
2009523,442,EAST 176 STREET,10457,206,Bronx,2908,15,-73.89979,40.84608
2009543,481,EAST 171 STREET,10457,203,Bronx,2912,1,-73.90298,40.83767
2009544,1514,WASHINGTON AVENUE,10457,203,Bronx,2912,2,-73.90295,40.83775
2009599,501,EAST 176 STREET,10457,206,Bronx,2924,1,-73.89745,40.84567
2009601,1870,BATHGATE AVENUE,10457,206,Bronx,2924,4,-73.89731,40.84584
2009602,1872,BATHGATE AVENUE,10457,206,Bronx,2924,5,-73.89726,40.84591
2009625,3716,3 AVENUE,10456,203,Bronx,2926,8,-73.90275,40.83564
2009742,639,EAST 169 STREET,10456,203,Bronx,2933,65,-73.90101,40.83171
2009771,644,EAST 170 STREET,10456,203,Bronx,2935,13,-73.8993,40.83386
2009783,1397,CROTONA AVENUE,10456,203,Bronx,2935,46,-73.89843,40.83344
2009793,665,JEFFERSON PLACE,10456,203,Bronx,2935,65,-73.89876,40.83323
2009800,621,EAST 170 STREET,10456,203,Bronx,2936,1,-73.89987,40.83421
2009803,1428,FRANKLIN AVENUE,10456,203,Bronx,2936,13,-73.89942,40.83482
2009815,1394,CROTONA AVENUE,10456,203,Bronx,2937,7,-73.89782,40.83339
2009824,672,CROTONA PARK SOUTH,10456,203,Bronx,2937,42,-73.89729,40.83428
2009825,1451,PROSPECT AVENUE,10456,203,Bronx,2937,45,-73.89725,40.83413
2009834,689,EAST 170 STREET,10456,203,Bronx,2937,69,-73.89718,40.83361
2009839,1404,CROTONA PARK EAST,10460,203,Bronx,2938,3,-73.89649,40.83432
2009841,1414,CROTONA PARK EAST,10460,203,Bronx,2938,7,-73.89625,40.83448
2009917,710,EAST 175 STREET,10457,206,Bronx,2948,8,-73.89324,40.84242
2009923,1795,CLINTON AVENUE,10457,206,Bronx,2948,18,-73.89315,40.84189
2009949,701,EAST 175 STREET,10457,206,Bronx,2949,39,-73.89314,40.84289
2009952,1818,CLINTON AVENUE,10457,206,Bronx,2949,44,-73.89204,40.84242
2009966,1904,CROTONA AVENUE,10457,206,Bronx,2950,40,-73.89165,40.84443
2009969,1916,CROTONA AVENUE,10457,206,Bronx,2950,46,-73.89141,40.84471
2010006,1790,PROSPECT AVENUE,10457,206,Bronx,2952,28,-73.89169,40.84129
2010014,765,EAST 175 STREET,10460,206,Bronx,2953,1,-73.8911,40.84176
2010031,1912,PROSPECT AVENUE,10457,206,Bronx,2955,5,-73.88943,40.84339
2010050,793,FAIRMOUNT PLACE,10460,206,Bronx,2955,44,-73.88855,40.8427
2010091,887,CROTONA PARK NORTH,10460,206,Bronx,2957,1,-73.88876,40.83942
2010159,1951,SOUTHERN BOULEVARD,10460,206,Bronx,2960,70,-73.88598,40.84261
2010167,771,EAST 169 STREET,10456,203,Bronx,2961,13,-73.89941,40.83096
2010169,757,EAST 169 STREET,10456,203,Bronx,2961,15,-73.8997,40.83107
2010175,1295,UNION AVENUE,10459,203,Bronx,2961,39,-73.89906,40.8313
2010187,1374,BOSTON ROAD,10456,203,Bronx,2962,9,-73.89809,40.83231
2010188,1378,BOSTON ROAD,10456,203,Bronx,2962,11,-73.89796,40.83238
2010189,1384,BOSTON ROAD,10456,203,Bronx,2962,15,-73.89776,40.83253
2010197,1426,BOSTON ROAD,10456,203,Bronx,2962,30,-73.89674,40.83306
2010200,1417,PROSPECT AVENUE,10459,203,Bronx,2962,40,-73.89705,40.83246
2010201,1413,PROSPECT AVENUE,10459,203,Bronx,2962,42,-73.89703,40.83235
2010207,741,JENNINGS STREET,10459,203,Bronx,2962,64,-73.89854,40.83193
2010229,797,JENNINGS STREET,10459,203,Bronx,2963,43,-73.89594,40.83226
2010247,1384,BRISTOW STREET,10459,203,Bronx,2964,7,-73.89474,40.83266
2010271,1490,BOSTON ROAD,10460,203,Bronx,2965,51,-73.89395,40.83437
2010278,1500,BOSTON ROAD,10460,203,Bronx,2966,17,-73.89347,40.83514
2010300,1555,SEABURY PLACE,10460,203,Bronx,2967,6,-73.89129,40.83551
2010312,1347,PROSPECT AVENUE,10459,203,Bronx,2968,14,-73.89764,40.83003
2010315,808,FREEMAN STREET,10459,203,Bronx,2968,21,-73.89789,40.83012
2010347,851,EAST 169 STREET,10459,203,Bronx,2970,10,-73.89718,40.82941
2010348,1338,PROSPECT AVENUE,10459,203,Bronx,2970,11,-73.89716,40.82951
2010353,1348,PROSPECT AVENUE,10459,203,Bronx,2970,16,-73.89703,40.82983
2010358,820,FREEMAN STREET,10459,203,Bronx,2970,22,-73.89687,40.83027
2010376,848,FREEMAN STREET,10459,203,Bronx,2970,66,-73.8959,40.83031
2010397,1339,CHISHOLM STREET,10459,203,Bronx,2971,29,-73.89609,40.83163
2010423,1330,CHISHOLM STREET,10459,203,Bronx,2972,24,-73.89551,40.83154
2010424,1332,CHISHOLM STREET,10459,203,Bronx,2972,25,-73.89552,40.8316
2010450,1302,STEBBINS AVENUE,10459,203,Bronx,2973,53,-73.89507,40.8299
2010454,870,FREEMAN STREET,10459,203,Bronx,2973,61,-73.8947,40.83033
2010476,918,FREEMAN STREET,10459,203,Bronx,2975,22,-73.89214,40.82991
2010492,1343,SOUTHERN BOULEVARD,10459,203,Bronx,2976,87,-73.89144,40.83201
2010493,1327,SOUTHERN BOULEVARD,10459,203,Bronx,2976,92,-73.89161,40.83168
2010511,1550,MINFORD PLACE,10460,203,Bronx,2977,139,-73.88981,40.83526
2010531,1208,SOUTHERN BOULEVARD,10459,203,Bronx,2979,2,-73.89154,40.82882
2010536,1228,SOUTHERN BOULEVARD,10459,203,Bronx,2979,12,-73.89152,40.82944
2010537,1230,SOUTHERN BOULEVARD,10459,203,Bronx,2979,13,-73.89152,40.82953
2010566,1291,HOE AVENUE,10459,203,Bronx,2980,50,-73.89076,40.83098
2010568,1460,SOUTHERN BOULEVARD,10460,203,Bronx,2981,1,-73.89037,40.83241
2010569,1462,SOUTHERN BOULEVARD,10460,203,Bronx,2981,2,-73.89032,40.83248
2010574,936,EAST 172 STREET,10460,203,Bronx,2981,25,-73.88912,40.83372
2010594,932,EAST 173 STREET,10460,203,Bronx,2982,27,-73.88816,40.83533
2010598,937,EAST 172 STREET,10460,203,Bronx,2982,50,-73.889,40.83393
2010617,1890,CROTONA PARKWAY,10460,206,Bronx,2985,13,-73.88538,40.84048
2010641,1300,HOE AVENUE,10459,203,Bronx,2987,15,-73.89007,40.83111
2010656,1563,VYSE AVENUE,10460,203,Bronx,2989,33,-73.8875,40.83473
2010667,1529,VYSE AVENUE,10460,203,Bronx,2989,47,-73.88805,40.83382
2010698,1932,DALY AVENUE,10460,206,Bronx,2992,37,-73.88396,40.84105
2010756,1490,VYSE AVENUE,10460,203,Bronx,2995,16,-73.88805,40.83275
2010759,1511,BRYANT AVENUE,10460,203,Bronx,2995,25,-73.88741,40.83314
2010770,1485,BRYANT AVENUE,10460,203,Bronx,2995,36,-73.88781,40.83248
2010775,1459,BRYANT AVENUE,10460,203,Bronx,2995,42,-73.8881,40.83199
2010781,1455A,BRYANT AVENUE,10460,203,Bronx,2995,70,-73.88821,40.83181
2010782,1522,VYSE AVENUE,10460,203,Bronx,2996,1,-73.88761,40.83349
2010788,1566,VYSE AVENUE,10460,203,Bronx,2996,20,-73.8869,40.83468
2010805,959,EAST  173 STREET,10460,203,Bronx,2997,46,-73.88625,40.83509
2010820,1434,BRYANT AVENUE,10459,203,Bronx,2999,16,-73.88817,40.83084
2010821,1442,BRYANT AVENUE,10459,203,Bronx,2999,20,-73.88804,40.83105
2010823,1448,BRYANT AVENUE,10459,203,Bronx,2999,23,-73.88795,40.8312
2010842,1460,BRYANT AVENUE,10460,203,Bronx,3000,4,-73.88765,40.8317
2010846,1472,BRYANT AVENUE,10460,203,Bronx,3000,9,-73.88746,40.83201
2010847,1474,BRYANT AVENUE,10460,203,Bronx,3000,10,-73.88743,40.83207
2010854,1494,BRYANT AVENUE,10460,203,Bronx,3000,18,-73.88712,40.83258
2010880,1552,BRYANT AVENUE,10460,203,Bronx,3001,58,-73.88613,40.83425
2010895,1010,EAST TREMONT AVENUE,10460,206,Bronx,3005,82,-73.88127,40.8403
2010921,1006,EAST  172 STREET,10460,203,Bronx,3008,24,-73.88605,40.83255
2010934,1690,LONGFELLOW AVENUE,10460,203,Bronx,3010,12,-73.88449,40.83527
2010979,2364,TIEBOUT AVENUE,10458,205,Bronx,3022,1,-73.89599,40.85862
2010999,330,EAST 188 STREET,10458,205,Bronx,3022,73,-73.89466,40.85996
2011002,2486,TIEBOUT AVENUE,10458,205,Bronx,3023,9,-73.8948,40.86141
2011050,311,EAST 188 STREET,10458,205,Bronx,3023,98,-73.89476,40.86082
2011052,303,EAST 188 STREET,10458,205,Bronx,3023,100,-73.89502,40.86088
2011057,2436,MARION AVENUE,10458,205,Bronx,3025,5,-73.89418,40.85967
2011065,361,EAST 188 STREET,10458,205,Bronx,3026,1,-73.89369,40.86032
2011078,375,EAST 188 STREET,10458,205,Bronx,3026,59,-73.89334,40.86023
2011118,2092,WEBSTER AVENUE,10457,206,Bronx,3029,28,-73.89794,40.85194
2011171,2272,WEBSTER AVENUE,10457,206,Bronx,3030,154,-73.89543,40.85592
2011192,2366,WEBSTER AVENUE,10458,206,Bronx,3031,31,-73.8942,40.85781
2011194,2374,WEBSTER AVENUE,10458,206,Bronx,3031,34,-73.89407,40.85801
2011195,2376,WEBSTER AVENUE,10458,206,Bronx,3031,35,-73.894,40.85809
2011198,2382,WEBSTER AVENUE,10458,206,Bronx,3031,38,-73.89384,40.85836
2011199,2384,WEBSTER AVENUE,10458,206,Bronx,3031,39,-73.89378,40.85845
2011203,416,EAST 187 STREET,10458,206,Bronx,3031,47,-73.89334,40.85827
2011209,4611,PARK AVENUE,10458,206,Bronx,3031,53,-73.89378,40.85778
2011215,2406,WEBSTER AVENUE,10458,206,Bronx,3032,2,-73.89351,40.85885
2011218,2416,WEBSTER AVENUE,10458,206,Bronx,3032,5,-73.89331,40.85908
2011230,4673,PARK AVENUE,10458,206,Bronx,3032,55,-73.893,40.85863
2011233,413,EAST 187 STREET,10458,206,Bronx,3032,58,-73.8933,40.85875
2011261,446,EAST  179 STREET,10457,206,Bronx,3035,23,-73.89754,40.84975
2011275,4354,PARK AVENUE,10457,206,Bronx,3036,16,-73.89684,40.85095
2011285,2041,WASHINGTON AVENUE,10457,206,Bronx,3036,51,-73.89661,40.85036
2011312,4464,PARK AVENUE,10457,206,Bronx,3037,57,-73.8951,40.85405
2011324,2179,WASHINGTON AVENUE,10457,206,Bronx,3037,77,-73.89467,40.8538
2011326,2141,WASHINGTON AVENUE,10457,206,Bronx,3037,98,-73.89525,40.85278
2011382,475,EAST 185 STREET,10458,206,Bronx,3039,62,-73.8923,40.85659
2011388,459,EAST 185 STREET,10458,206,Bronx,3039,68,-73.89273,40.85689
2011392,444,EAST 187 STREET,10458,206,Bronx,3040,7,-73.89252,40.85798
2011400,2383,WASHINGTON AVENUE,10458,206,Bronx,3040,22,-73.89169,40.85747
2011404,441,EAST 187 STREET,10458,206,Bronx,3041,1,-73.89235,40.85822
2011405,4678,PARK AVENUE,10458,206,Bronx,3041,2,-73.89229,40.85831
2011406,4682,PARK AVENUE,10458,206,Bronx,3041,3,-73.89223,40.85839
2011415,457,EAST 187 STREET,10458,206,Bronx,3041,28,-73.89181,40.85811
2011445,495,EAST 178 STREET,10457,206,Bronx,3044,40,-73.89665,40.84833
2011471,2028,WASHINGTON AVENUE,10457,206,Bronx,3046,3,-73.89616,40.84986
2011495,485,EAST 180 STREET,10457,206,Bronx,3047,1,-73.89523,40.8515
2011503,490,EAST 181 STREET,10457,206,Bronx,3047,14,-73.89465,40.85189
2011528,546,EAST 182 STREET,10457,206,Bronx,3048,30,-73.89264,40.8528
2011547,2268,WASHINGTON AVENUE,10457,206,Bronx,3050,20,-73.89317,40.8548
2011572,2235,BATHGATE AVENUE,10457,206,Bronx,3050,86,-73.8931,40.85359
2011622,505,EAST 184 STREET,10458,206,Bronx,3053,25,-73.89166,40.85556
2011630,2330,WASHINGTON AVENUE,10458,206,Bronx,3053,72,-73.89223,40.85589
2011631,2334,WASHINGTON AVENUE,10458,206,Bronx,3053,74,-73.89211,40.85604
2011649,2344,LORILLARD PLACE,10458,206,Bronx,3054,2,-73.89008,40.85503
2011651,2348,LORILLARD PLACE,10458,206,Bronx,3054,4,-73.88998,40.85515
2011654,2360,LORILLARD PLACE,10458,206,Bronx,3054,9,-73.88972,40.85544
2011687,540,EAST 187 STREET,10458,206,Bronx,3055,14,-73.88954,40.8564
2011749,533,EAST 187 STREET,10458,206,Bronx,3056,57,-73.8896,40.85687
2011753,480,EAST 188 STREET,10458,206,Bronx,3057,11,-73.89032,40.85775
2011756,510,EAST  188 STREET,10458,206,Bronx,3057,26,-73.88972,40.85769
2011767,523,EAST 187 STREET,10458,206,Bronx,3057,40,-73.89009,40.85718
2011769,519,EAST 187 STREET,10458,206,Bronx,3057,42,-73.89024,40.85723
2011770,517,EAST 187 STREET,10458,206,Bronx,3057,43,-73.8903,40.85727
2011773,490,EAST 189 STREET,10458,206,Bronx,3058,17,-73.88949,40.85889
2011778,553,EAST 188 STREET,10458,206,Bronx,3058,70,-73.88815,40.85726
2011792,550,EAST 189 STREET,10458,206,Bronx,3058,84,-73.88748,40.858
2011819,2500,BATHGATE AVENUE,10458,206,Bronx,3059,61,-73.88766,40.85903
2011853,553,EAST 180 STREET,10457,206,Bronx,3062,15,-73.89315,40.85054
2011891,2384,HOFFMAN STREET,10458,206,Bronx,3065,35,-73.88848,40.85555
2011977,601,EAST 178 STREET,10457,206,Bronx,3068,61,-73.89268,40.84699
2011981,2004,ARTHUR AVENUE,10457,206,Bronx,3068,68,-73.89244,40.8474
2011983,1997,HUGHES AVENUE,10457,206,Bronx,3068,81,-73.89198,40.84721
2011989,620,EAST 178 STREET,10457,206,Bronx,3068,93,-73.8924,40.84659
2012006,2070,ARTHUR AVENUE,10457,206,Bronx,3069,63,-73.89169,40.84862
2012018,2031,HUGHES AVENUE,10457,206,Bronx,3069,93,-73.89134,40.84824
2012021,2025,HUGHES AVENUE,10457,206,Bronx,3069,97,-73.89146,40.84806
2012023,2019,HUGHES AVENUE,10457,206,Bronx,3069,99,-73.89138,40.84787
2012081,611,EAST 182 STREET,10457,206,Bronx,3071,35,-73.88924,40.85186
2012092,624,EAST 183 STREET,10458,206,Bronx,3071,53,-73.88837,40.85262
2012099,2253,HUGHES AVENUE,10457,206,Bronx,3071,61,-73.88866,40.85212
2012127,2352,ARTHUR AVENUE,10458,206,Bronx,3073,17,-73.88818,40.85445
2012145,2371,HUGHES AVENUE,10458,206,Bronx,3073,51,-73.88737,40.85495
2012150,2334,HUGHES AVENUE,10458,206,Bronx,3074,4,-73.88763,40.85397
2012153,632,EAST 186 STREET,10458,206,Bronx,3074,10,-73.88714,40.85409
2012168,633,EAST 186 STREET,10458,206,Bronx,3074,34,-73.88696,40.85429
2012178,2414,BELMONT AVENUE,10458,206,Bronx,3075,6,-73.8856,40.85519
2012205,2443,CAMBRELENG AVENUE,10458,206,Bronx,3075,54,-73.88464,40.85582
2012208,667,EAST 187 STREET,10458,206,Bronx,3075,74,-73.88554,40.85474
2012237,2460,HUGHES AVENUE,10458,206,Bronx,3076,73,-73.88563,40.85634
2012272,615,EAST 189 STREET,10458,206,Bronx,3078,33,-73.88544,40.85724
2012297,1980,BELMONT AVENUE,10457,206,Bronx,3079,53,-73.89108,40.84642
2012300,1986,BELMONT AVENUE,10457,206,Bronx,3079,56,-73.89096,40.8466
2012308,676,EAST 179 STREET,10457,206,Bronx,3079,67,-73.89032,40.84682
2012341,670,EAST 180 STREET,10457,206,Bronx,3080,87,-73.88954,40.84821
2012342,672,EAST 180 STREET,10457,206,Bronx,3080,88,-73.88947,40.84817
2012355,2112,HUGHES AVENUE,10457,206,Bronx,3081,7,-73.88995,40.84935
2012357,2113,BELMONT AVENUE,10457,206,Bronx,3081,17,-73.88974,40.84912
2012389,2153,BELMONT AVENUE,10457,206,Bronx,3082,49,-73.88907,40.85018
2012534,2400,CAMBRELENG AVENUE,10458,206,Bronx,3090,1,-73.88515,40.8546
2012543,2407,BEAUMONT AVENUE,10458,206,Bronx,3090,25,-73.88455,40.85455
2012554,690,EAST 189 STREET,10458,206,Bronx,3090,54,-73.88362,40.85594
2012561,2480,BELMONT AVENUE,10458,206,Bronx,3091,1,-73.88435,40.8568
2012589,2472,CAMBRELENG AVENUE,10458,206,Bronx,3091,48,-73.88354,40.85642
2012591,2476,CAMBRELENG AVENUE,10458,206,Bronx,3091,50,-73.88338,40.85655
2012604,693,EAST 189 STREET,10458,206,Bronx,3091,95,-73.88336,40.85624
2012605,701,EAST 189 STREET,10458,206,Bronx,3091,96,-73.8833,40.85631
2012633,731,EAST 178 STREET,10457,206,Bronx,3093,11,-73.88911,40.84568
2012667,2068,CROTONA AVENUE,10457,206,Bronx,3095,18,-73.88904,40.84745
2012692,2104,CROTONA AVENUE,10457,206,Bronx,3096,45,-73.8884,40.8482
2012696,2120,CROTONA AVENUE,10457,206,Bronx,3096,52,-73.88802,40.84866
2012697,716,EAST  181 STREET,10457,206,Bronx,3096,56,-73.88779,40.84842
2012698,718,EAST 181 STREET,10457,206,Bronx,3096,57,-73.88771,40.84838
2012700,722,EAST 181 STREET,10457,206,Bronx,3096,59,-73.88753,40.84836
2012701,724,EAST 181 STREET,10457,206,Bronx,3096,61,-73.88744,40.84832
2012703,2117,CLINTON AVENUE,10457,206,Bronx,3096,63,-73.8876,40.84821
2012764,2162,CROTONA AVENUE,10457,206,Bronx,3098,20,-73.8867,40.84976
2012765,2164,CROTONA AVENUE,10457,206,Bronx,3098,21,-73.88664,40.84982
2012766,2166,CROTONA AVENUE,10457,206,Bronx,3098,22,-73.88658,40.84987
2012767,2168,CROTONA AVENUE,10457,206,Bronx,3098,23,-73.88651,40.84992
2012779,735,EAST 182 STREET,10457,206,Bronx,3099,10,-73.88542,40.85
2012797,790,GROTE STREET,10460,206,Bronx,3100,60,-73.88319,40.85024
2012808,2284,BEAUMONT AVENUE,10457,206,Bronx,3101,8,-73.88545,40.85164
2012817,740,EAST 183 STREET,10458,206,Bronx,3101,30,-73.88438,40.85144
2012824,2308,CROTONA AVENUE,10458,206,Bronx,3102,7,-73.88416,40.8522
2012830,2344,CROTONA AVENUE,10458,206,Bronx,3102,19,-73.8838,40.8529
2012835,2364,CROTONA AVENUE,10458,206,Bronx,3102,27,-73.88351,40.85347
2012850,2307,PROSPECT AVENUE,10458,206,Bronx,3102,59,-73.88393,40.85187
2012861,2302,BEAUMONT AVENUE,10458,206,Bronx,3103,3,-73.88513,40.85224
2012864,2312,BEAUMONT AVENUE,10458,206,Bronx,3103,9,-73.88497,40.85257
2012877,2327,CROTONA AVENUE,10458,206,Bronx,3103,47,-73.88441,40.85295
2012878,2323,CROTONA AVENUE,10458,206,Bronx,3103,49,-73.88446,40.85286
2012889,2429,PROSPECT AVENUE,10458,206,Bronx,3104,49,-73.88257,40.85456
2012890,2427,PROSPECT AVENUE,10458,206,Bronx,3104,50,-73.8826,40.85451
2012893,2415,PROSPECT AVENUE,10458,206,Bronx,3104,53,-73.88272,40.85427
2012912,2470,BEAUMONT AVENUE,10458,206,Bronx,3105,23,-73.88322,40.85588
2012920,2425,CROTONA AVENUE,10458,206,Bronx,3105,49,-73.88347,40.85483
2012926,2411,CROTONA AVENUE,10458,206,Bronx,3105,56,-73.88369,40.85438
2012927,2409,CROTONA AVENUE,10458,206,Bronx,3105,57,-73.88372,40.85431
2012929,707,EAST 187 STREET,10458,206,Bronx,3105,61,-73.88401,40.85427
2012931,2000,PROSPECT AVENUE,10457,206,Bronx,3106,8,-73.88783,40.8452
2012949,817,EAST 178 STREET,10460,206,Bronx,3107,29,-73.88637,40.84438
2012953,2048,MAPES AVENUE,10460,206,Bronx,3108,2,-73.8861,40.84546
2012954,2052,MAPES AVENUE,10460,206,Bronx,3108,4,-73.88603,40.84554
2013000,2136,MAPES AVENUE,10460,206,Bronx,3111,40,-73.88428,40.84756
2013017,770,GARDEN STREET,10460,206,Bronx,3112,25,-73.88432,40.84969
2013018,780,GARDEN STREET,10460,206,Bronx,3112,30,-73.884,40.84949
2013028,2297,SOUTHERN BOULEVARD,10460,206,Bronx,3113,37,-73.88284,40.85057
2013043,2348,PROSPECT AVENUE,10458,206,Bronx,3114,48,-73.88286,40.85281
2013062,2420,PROSPECT AVENUE,10458,206,Bronx,3115,9,-73.8821,40.85432
2013064,2440,PROSPECT AVENUE,10458,206,Bronx,3115,17,-73.8819,40.85473
2013080,2429,SOUTHERN BOULEVARD,10458,206,Bronx,3115,50,-73.88174,40.85432
2013086,2433,SOUTHERN BOULEVARD,10458,206,Bronx,3115,85,-73.8817,40.85442
2013099,2116,CROTONA PARKWAY,10460,206,Bronx,3119,7,-73.88353,40.84615
2013106,2150,CROTONA PARKWAY,10460,206,Bronx,3119,58,-73.88268,40.84737
2013107,840,BRONX PARK SOUTH,10460,206,Bronx,3119,60,-73.88263,40.84746
2013131,901,EAST 179 STREET,10460,206,Bronx,3122,31,-73.88298,40.84389
2013139,915,EAST 179 STREET,10460,206,Bronx,3122,67,-73.88264,40.84373
2013159,2103,HONEYWELL AVENUE,10460,206,Bronx,3124,1,-73.88261,40.84564
2013169,2147,HONEYWELL AVENUE,10460,206,Bronx,3124,66,-73.88141,40.84651
2013177,2112,HONEYWELL AVENUE,10460,206,Bronx,3125,6,-73.88189,40.84527
2013178,2116,HONEYWELL AVENUE,10460,206,Bronx,3125,8,-73.88182,40.84536
2013183,2133,DALY AVENUE,10460,206,Bronx,3125,30,-73.88116,40.84569
2013207,951,EAST  179 STREET,10460,206,Bronx,3127,33,-73.88152,40.84307
2013208,943,EAST 179 STREET,10460,206,Bronx,3127,35,-73.88165,40.84322
2013239,932,BRONX PARK SOUTH,10460,206,Bronx,3129,15,-73.88013,40.8456
2013252,2070,VYSE AVENUE,10460,206,Bronx,3132,17,-73.88081,40.84309
2013266,2124,VYSE AVENUE,10460,206,Bronx,3133,10,-73.87971,40.84436
2013273,980,BRONX PARK SOUTH,10460,206,Bronx,3134,13,-73.87891,40.84481
2013298,2051,WEBSTER AVENUE,10457,205,Bronx,3142,58,-73.89908,40.85145
2013304,2120,TIEBOUT AVENUE,10457,205,Bronx,3143,18,-73.89834,40.8532
2013309,2101,WEBSTER AVENUE,10457,205,Bronx,3143,120,-73.89821,40.85277
2013310,2099,WEBSTER AVENUE,10457,205,Bronx,3143,121,-73.89825,40.85271
2013318,363,EAST 180 STREET,10457,205,Bronx,3143,132,-73.89858,40.85212
2013330,386,EAST 184 STREET,10458,205,Bronx,3143,242,-73.89595,40.85682
2013331,384,EAST 184 STREET,10458,205,Bronx,3143,243,-73.89602,40.85686
2013335,2334,TIEBOUT AVENUE,10458,205,Bronx,3143,260,-73.89628,40.85772
2013375,301,EAST 181 STREET,10457,205,Bronx,3144,45,-73.89888,40.85421
2013405,304,EAST 183 STREET,10458,205,Bronx,3145,19,-73.89798,40.85653
2013408,314,EAST 183 STREET,10458,205,Bronx,3145,24,-73.89766,40.85642
2013409,2283,TIEBOUT AVENUE,10457,205,Bronx,3145,25,-73.89755,40.85638
2013411,2273,TIEBOUT AVENUE,10457,205,Bronx,3145,28,-73.8978,40.85618
2013427,2302,VALENTINE AVENUE,10458,205,Bronx,3146,1,-73.89786,40.8569
2013449,2386,VALENTINE AVENUE,10458,205,Bronx,3147,5,-73.8969,40.85905
2013454,2400,VALENTINE AVENUE,10458,205,Bronx,3147,12,-73.89663,40.8596
2013480,2489,TIEBOUT AVENUE,10458,205,Bronx,3148,25,-73.89531,40.86165
2013487,2024,RYER AVENUE,10457,205,Bronx,3149,11,-73.9011,40.85112
2013488,2026,RYER AVENUE,10457,205,Bronx,3149,12,-73.90108,40.85118
2013530,2092,RYER AVENUE,10457,205,Bronx,3149,78,-73.90047,40.85319
2013532,2098,RYER AVENUE,10457,205,Bronx,3149,80,-73.9004,40.85334
2013550,2145,VALENTINE AVENUE,10457,205,Bronx,3149,153,-73.89955,40.8543
2013558,2234,RYER AVENUE,10457,205,Bronx,3150,3,-73.8993,40.85584
2013559,2240,RYER AVENUE,10457,205,Bronx,3150,5,-73.89925,40.85597
2013563,265,EAST 182 STREET,10457,205,Bronx,3150,45,-73.89901,40.85562
2013564,2322,RYER AVENUE,10458,205,Bronx,3151,10,-73.89853,40.85767
2013576,2327,VALENTINE AVENUE,10458,205,Bronx,3151,46,-73.89812,40.85772
2013578,2380,RYER AVENUE,10458,205,Bronx,3152,3,-73.89782,40.85933
2013581,2385,VALENTINE AVENUE,10458,205,Bronx,3152,29,-73.89748,40.85925
2013582,261,EAST 184 STREET,10458,205,Bronx,3152,32,-73.89755,40.85904
2013642,217,EAST BURNSIDE AVENUE,10457,205,Bronx,3156,35,-73.90273,40.85213
2013714,2183,RYER AVENUE,10457,205,Bronx,3157,57,-73.90024,40.85502
2013722,2254,GRAND CONCOURSE,10457,205,Bronx,3158,15,-73.89975,40.85657
2013741,2076,CRESTON AVENUE,10453,205,Bronx,3160,14,-73.90366,40.85363
2013745,2084,CRESTON AVENUE,10453,205,Bronx,3161,1,-73.90334,40.854
2013774,2310,CRESTON AVENUE,10468,205,Bronx,3164,5,-73.90045,40.85812
2013776,2320,CRESTON AVENUE,10468,205,Bronx,3164,11,-73.90021,40.85849
2013784,156,EAST 184 STREET,10468,205,Bronx,3164,41,-73.89964,40.85935
2013792,2390,CRESTON AVENUE,10468,205,Bronx,3165,11,-73.89917,40.86026
2013818,2550,CRESTON AVENUE,10468,207,Bronx,3167,38,-73.897,40.86395
2013820,2565,GRAND CONCOURSE,10468,207,Bronx,3167,55,-73.89636,40.86424
2013842,2095,CRESTON AVENUE,10453,205,Bronx,3169,43,-73.90385,40.85432
2013860,2238,MORRIS AVENUE,10453,205,Bronx,3171,1,-73.90244,40.85685
2013874,2259,CRESTON AVENUE,10453,205,Bronx,3171,31,-73.90162,40.8572
2013885,2324,MORRIS AVENUE,10468,205,Bronx,3172,11,-73.90114,40.85877
2013886,108,FIELD PLACE,10468,205,Bronx,3172,16,-73.90099,40.85906
2013903,2396,MORRIS AVENUE,10468,205,Bronx,3173,5,-73.90024,40.86036
2013912,2435,CRESTON AVENUE,10468,205,Bronx,3173,41,-73.8993,40.86124
2013915,2403,CRESTON AVENUE,10468,205,Bronx,3173,52,-73.89967,40.86053
2013920,2486,MORRIS AVENUE,10468,207,Bronx,3174,16,-73.89928,40.86287
2013969,2160,WALTON AVENUE,10453,205,Bronx,3180,9,-73.90421,40.85559
2013990,2260,WALTON AVENUE,10453,205,Bronx,3182,16,-73.9029,40.85768
2014006,2352,WALTON AVENUE,10468,205,Bronx,3183,33,-73.90158,40.85984
2014019,2400,WALTON AVENUE,10468,205,Bronx,3184,12,-73.90099,40.86085
2014025,2440,WALTON AVENUE,10468,205,Bronx,3184,36,-73.90044,40.86181
2014126,20,EAST 190 STREET,10468,207,Bronx,3189,20,-73.8996,40.86325
2014145,2645,MORRIS AVENUE,10468,207,Bronx,3191,45,-73.89687,40.86674
2014156,2073,DAVIDSON AVENUE,10453,205,Bronx,3193,21,-73.90801,40.85472
2014195,10,WEST 182 STREET,10453,205,Bronx,3195,61,-73.9053,40.85703
2014205,2205,DAVIDSON AVENUE,10453,205,Bronx,3196,18,-73.9058,40.85769
2014206,17,WEST 182 STREET,10453,205,Bronx,3196,23,-73.90526,40.85749
2014207,2232,DAVIDSON AVENUE,10453,205,Bronx,3196,29,-73.90511,40.85775
2014217,31,BUCHANAN PLACE,10453,205,Bronx,3196,68,-73.90545,40.85835
2014233,2290,DAVIDSON AVENUE,10468,207,Bronx,3197,23,-73.90431,40.85904
2014260,2333,DAVIDSON AVENUE,10468,207,Bronx,3198,42,-73.90434,40.85984
2014265,2344,DAVIDSON AVENUE,10468,207,Bronx,3198,55,-73.90392,40.85969
2014283,2347,JEROME AVENUE,10468,207,Bronx,3198,90,-73.90331,40.85989
2014289,2366,DAVIDSON AVENUE,10468,207,Bronx,3198,141,-73.90346,40.86052
2014320,2390,DAVIDSON AVENUE,10468,207,Bronx,3199,59,-73.9029,40.86136
2014330,2439,JEROME AVENUE,10468,207,Bronx,3199,94,-73.90176,40.86239
2014358,2490,DAVIDSON AVENUE,10468,207,Bronx,3200,11,-73.90121,40.86374
2014359,20,WEST 190 STREET,10468,207,Bronx,3200,14,-73.90107,40.86392
2014402,2615,JEROME AVENUE,10468,207,Bronx,3202,53,-73.89868,40.86641
2014403,2607,JEROME AVENUE,10468,207,Bronx,3202,55,-73.8988,40.86626
2014417,30,WEST 190 STREET,10468,207,Bronx,3203,26,-73.90171,40.86418
2014475,56,WEST  180 STREET,10453,205,Bronx,3206,22,-73.90875,40.85508
2014484,74,CLINTON PLACE,10453,205,Bronx,3207,10,-73.9082,40.85726
2014561,2321,GRAND AVENUE,10468,207,Bronx,3209,50,-73.90484,40.86087
2014570,2055,HARRISON AVENUE,10453,205,Bronx,3210,59,-73.90993,40.8552
2014603,2328,UNIVERSITY AVENUE,10468,207,Bronx,3212,42,-73.90569,40.86142
2014610,2352,UNIVERSITY AVENUE,10468,207,Bronx,3212,55,-73.90508,40.8621
2014618,55,WEST 184 STREET,10468,207,Bronx,3212,92,-73.90453,40.86143
2014626,2422,UNIVERSITY AVENUE,10468,207,Bronx,3213,9,-73.90399,40.8634
2014628,2430,UNIVERSITY AVENUE,10468,207,Bronx,3213,12,-73.90385,40.86361
2014636,2455,GRAND AVENUE,10468,207,Bronx,3213,40,-73.90324,40.86328
2014645,2497,GRAND AVENUE,10468,207,Bronx,3213,80,-73.9025,40.86425
2014646,2487,GRAND AVENUE,10468,207,Bronx,3213,85,-73.90265,40.86404
2014651,2532,UNIVERSITY AVENUE,10468,207,Bronx,3214,13,-73.90239,40.86605
2014659,2529B,GRAND AVENUE,10468,207,Bronx,3214,149,-73.90152,40.86555
2014667,2541,AQUEDUCT AVENUE,10468,207,Bronx,3214,82,-73.90202,40.86597
2014747,2291,UNIVERSITY AVENUE,10468,207,Bronx,3218,64,-73.90698,40.86093
2014837,2500,WEBB AVENUE,10468,207,Bronx,3220,1,-73.90399,40.866
2014848,2505,UNIVERSITY AVENUE,10468,207,Bronx,3220,110,-73.90344,40.86565
2014854,1920,LORING PLACE,10453,205,Bronx,3221,13,-73.91414,40.85453
2014862,150,WEST 179 STREET,10453,205,Bronx,3221,26,-73.91378,40.85524
2014901,128,WEST 183 STREET,10453,207,Bronx,3223,30,-73.91068,40.86009
2014913,111,WEST 183 STREET,10453,207,Bronx,3225,7,-73.90903,40.86047
2014918,2280,LORING PLACE,10468,207,Bronx,3225,15,-73.9085,40.8611
2014921,2277,ANDREWS AVENUE NORTH,10468,207,Bronx,3225,27,-73.90826,40.86083
2014951,2341,ANDREWS AVENUE,10468,207,Bronx,3225,118,-73.90683,40.86238
2014954,2327,ANDREWS AVENUE,10468,207,Bronx,3225,123,-73.90717,40.86209
2014966,2323,LORING PLACE,10468,207,Bronx,3225,171,-73.90817,40.8624
2015029,1932,HENNESSY PLACE,10453,205,Bronx,3228,90,-73.91485,40.85515
2015035,1945,LORING PLACE,10453,205,Bronx,3228,97,-73.91444,40.85533
2015045,1915,LORING PLACE,10453,205,Bronx,3228,111,-73.91473,40.85447
2015106,208,WEST FORDHAM ROAD,10468,207,Bronx,3234,63,-73.90967,40.86217
2015138,160,WEST KINGSBRIDGE ROAD,10463,207,Bronx,3237,97,-73.90454,40.87003
2015143,2629,SEDGWICK AVENUE,10468,207,Bronx,3237,108,-73.90503,40.86951
2015149,2603,SEDGWICK AVENUE,10468,207,Bronx,3237,120,-73.90591,40.86905
2015199,2690,HEATH AVENUE,10463,207,Bronx,3240,17,-73.9053,40.87106
2015291,2710,SEDGWICK AVENUE,10468,208,Bronx,3248,150,-73.90271,40.86995
2015296,2715,WEBB AVENUE,10468,208,Bronx,3248,173,-73.90233,40.86974
2015313,88,WEST 197 STREET,10468,208,Bronx,3249,52,-73.89857,40.87163
2015337,2773,UNIVERSITY AVENUE,10468,208,Bronx,3249,107,-73.89973,40.87091
2015339,2761,UNIVERSITY AVENUE,10468,208,Bronx,3249,111,-73.89983,40.87061
2015344,125,WEST 195 STREET,10468,208,Bronx,3249,120,-73.90093,40.87051
2015373,2776,SEDGWICK AVENUE,10468,208,Bronx,3249,190,-73.90202,40.87132
2015398,2848,SEDGWICK AVENUE,10468,208,Bronx,3250,16,-73.9014,40.87356
2015401,2849,WEBB AVENUE,10468,208,Bronx,3250,36,-73.90099,40.8733
2015404,2825,WEBB AVENUE,10468,208,Bronx,3250,46,-73.90116,40.87255
2015416,2844,WEBB AVENUE,10468,208,Bronx,3250,65,-73.90042,40.87309
2015418,2856,WEBB AVENUE,10468,208,Bronx,3250,71,-73.90033,40.87339
2015521,2762,KINGSBRIDGE TERRACE,10463,208,Bronx,3253,90,-73.90285,40.87276
2015699,2789,KINGSBRIDGE TERRACE,10463,208,Bronx,3256,82,-73.90325,40.87352
2015735,2865,KINGSBRIDGE TERRACE,10463,208,Bronx,3256,156,-73.90292,40.87447
2015736,3004,HEATH AVENUE,10463,208,Bronx,3256,172,-73.90276,40.87592
2015749,3030,HEATH AVENUE,10463,208,Bronx,3257,1,-73.9023,40.8767
2015936,3071,HEATH AVENUE,10463,208,Bronx,3261,61,-73.90183,40.87782
2015949,3306,BAILEY AVENUE,10463,208,Bronx,3261,98,-73.90067,40.87966
2015978,3460,BAILEY AVENUE,10463,208,Bronx,3262,28,-73.89934,40.88195
2015996,3477,FT INDEPENDENCE STREET,10463,208,Bronx,3262,109,-73.89885,40.88205
2016064,3840,ORLOFF AVENUE,10463,208,Bronx,3263,172,-73.89629,40.88363
2016213,3816,REVIEW PLACE,10463,208,Bronx,3271,132,-73.89916,40.88527
2016270,610,EAST 191 STREET,10458,206,Bronx,3273,287,-73.88438,40.85873
2016343,357,EAST 193 STREET,10458,207,Bronx,3276,35,-73.89108,40.86345
2016346,345,EAST  193 STREET,10458,207,Bronx,3276,39,-73.89142,40.86366
2016347,2600,MARION AVENUE,10458,207,Bronx,3276,40,-73.89153,40.86373
2016355,389,EAST 194 STREET,10458,207,Bronx,3277,2,-73.88957,40.86341
2016364,2656,DECATUR AVENUE,10458,207,Bronx,3277,14,-73.88931,40.86403
2016367,2676,DECATUR AVENUE,10458,207,Bronx,3277,23,-73.88895,40.86452
2016368,390,EAST  195 STREET,10458,207,Bronx,3277,126,-73.88875,40.86439
2016380,2730,DECATUR AVENUE,10458,207,Bronx,3278,22,-73.8877,40.86549
2016405,391,EAST 198 STREET,10458,207,Bronx,3279,1,-73.88599,40.86641
2016413,382,EAST 199 STREET,10458,207,Bronx,3279,31,-73.88501,40.86726
2016433,2958,DECATUR AVENUE,10458,207,Bronx,3280,7,-73.88348,40.86816
2016465,400,EAST MOSHOLU PARKWAY SOUTH,10458,207,Bronx,3281,77,-73.88183,40.86878
2016470,2654,MARION AVENUE,10458,207,Bronx,3282,19,-73.89022,40.86468
2016475,2676,MARION AVENUE,10458,207,Bronx,3282,29,-73.88995,40.86509
2016481,2665,DECATUR AVENUE,10458,207,Bronx,3282,46,-73.88963,40.86454
2016504,2715,DECATUR AVENUE,10458,207,Bronx,3283,47,-73.88866,40.86537
2016505,2711,DECATUR AVENUE,10458,207,Bronx,3283,48,-73.88872,40.86532
2016592,2572,BAINBRIDGE AVENUE,10458,207,Bronx,3286,30,-73.89259,40.86327
2016594,2576,BAINBRIDGE AVENUE,10458,207,Bronx,3286,33,-73.89252,40.86339
2016620,2670,BAINBRIDGE AVENUE,10458,207,Bronx,3287,31,-73.89121,40.86535
2016625,2714,BAINBRIDGE AVENUE,10458,207,Bronx,3287,50,-73.89055,40.86592
2016627,2732,BAINBRIDGE AVENUE,10458,207,Bronx,3287,56,-73.89033,40.86628
2016634,2701,MARION AVENUE,10458,207,Bronx,3287,81,-73.88999,40.86572
2016639,2677,MARION AVENUE,10458,207,Bronx,3287,95,-73.89061,40.86532
2016685,2795,MARION AVENUE,10458,207,Bronx,3289,35,-73.88741,40.86718
2016729,2775,POND PLACE,10458,207,Bronx,3290,64,-73.88895,40.86708
2016780,2550,BRIGGS AVENUE,10458,207,Bronx,3293,18,-73.89378,40.86302
2016794,2600,BRIGGS AVENUE,10458,207,Bronx,3293,39,-73.89298,40.86423
2016795,2608,BRIGGS AVENUE,10458,207,Bronx,3293,43,-73.89288,40.8644
2016797,260,EAST 194 STREET,10458,207,Bronx,3293,50,-73.89265,40.8648
2016820,253,EAST KINGSBRIDGE ROAD,10458,207,Bronx,3293,121,-73.89388,40.86435
2016825,240,EAST 194 STREET,10458,207,Bronx,3293,135,-73.89316,40.86492
2016847,2680,BRIGGS AVENUE,10458,207,Bronx,3294,26,-73.89174,40.86591
2016897,2846,BRIGGS AVENUE,10458,207,Bronx,3296,10,-73.8888,40.86914
2016911,2886,BRIGGS AVENUE,10458,207,Bronx,3296,27,-73.88747,40.86974
2016993,2654,VALENTINE AVENUE,10458,207,Bronx,3300,3,-73.89297,40.8654
2016995,2666,VALENTINE AVENUE,10458,207,Bronx,3300,11,-73.89282,40.86568
2016997,2674,VALENTINE AVENUE,10458,207,Bronx,3300,15,-73.89271,40.86589
2016999,2682,VALENTINE AVENUE,10458,207,Bronx,3300,19,-73.89259,40.86609
2017003,2698,VALENTINE AVENUE,10458,207,Bronx,3300,27,-73.89233,40.86649
2017005,2710,VALENTINE AVENUE,10458,207,Bronx,3300,33,-73.89207,40.8668
2017006,2722,VALENTINE AVENUE,10458,207,Bronx,3300,39,-73.89188,40.867
2017032,235,EAST 196 STREET,10458,207,Bronx,3301,4,-73.89143,40.86748
2017080,2872,VALENTINE AVENUE,10458,207,Bronx,3302,15,-73.88893,40.86982
2017083,2882,VALENTINE AVENUE,10458,207,Bronx,3302,19,-73.88871,40.86995
2017137,2685,VALENTINE AVENUE,10458,207,Bronx,3304,61,-73.89298,40.86645
2017141,2754,GRAND CONCOURSE,10458,207,Bronx,3304,85,-73.89235,40.86792
2017142,2760,GRAND CONCOURSE,10458,207,Bronx,3304,92,-73.89211,40.86819
2017146,210,EAST 198 STREET,10458,207,Bronx,3304,126,-73.89055,40.86959
2017171,2866,GRAND CONCOURSE,10458,207,Bronx,3305,19,-73.88997,40.87032
2017269,234,EAST 204 STREET,10458,207,Bronx,3309,18,-73.88518,40.87414
2017333,3176,VILLA AVENUE,10468,207,Bronx,3311,34,-73.88672,40.87626
2017350,172,EAST  205 STREET,10458,207,Bronx,3311,110,-73.88519,40.87498
2017372,174,EAST 206 STREET,10458,207,Bronx,3312,14,-73.88474,40.87568
2017382,203,EAST 205 STREET,10458,207,Bronx,3312,46,-73.88412,40.87514
2017387,185,EAST 205 STREET,10458,207,Bronx,3312,55,-73.88463,40.87528
2017425,104,EAST 196 STREET,10468,207,Bronx,3314,39,-73.89404,40.86817
2017464,2815,GRAND CONCOURSE,10468,207,Bronx,3315,76,-73.89229,40.86958
2017476,2710,MORRIS AVENUE,10468,207,Bronx,3316,20,-73.89523,40.86797
2017492,2705,MORRIS AVENUE,10468,207,Bronx,3317,49,-73.89592,40.86804
2017499,2776,JEROME AVENUE,10468,207,Bronx,3318,15,-73.895,40.8697
2017576,2850,CRESTON AVENUE,10468,207,Bronx,3319,8,-73.89152,40.87077
2017602,2895,GRAND CONCOURSE,10468,207,Bronx,3319,103,-73.88996,40.87128
2017608,2958,JEROME AVENUE,10468,207,Bronx,3320,4,-73.88934,40.8725
2017637,3081,VILLA AVENUE,10468,207,Bronx,3321,50,-73.88826,40.87416
2017638,3073,VILLA AVENUE,10468,207,Bronx,3321,57,-73.88839,40.87387
2017644,3122,JEROME AVENUE,10468,207,Bronx,3322,4,-73.88808,40.87542
2017689,3475,KNOX PLACE,10467,207,Bronx,3324,63,-73.88257,40.88302
2017730,94,EAST  208 STREET,10467,207,Bronx,3326,34,-73.88187,40.87828
2017753,25,EAST MOSHOLU PARKWAY NORTH,10467,207,Bronx,3326,113,-73.88318,40.87987
2017802,3514,ROCHAMBEAU AVENUE,10467,207,Bronx,3328,73,-73.87889,40.88201
2017835,3572,DEKALB AVENUE,10467,207,Bronx,3329,10,-73.87863,40.88414
2017836,3576,DEKALB AVENUE,10467,207,Bronx,3329,20,-73.87836,40.8845
2017838,3569,DEKALB AVENUE,10467,207,Bronx,3329,40,-73.87919,40.88432
2017870,3066,WEBSTER AVENUE,10467,207,Bronx,3330,46,-73.87803,40.87009
2017885,3080,DECATUR AVENUE,10467,207,Bronx,3331,30,-73.87841,40.87103
2017910,353,EAST MOSHOLU PARKWAY NORT,10467,207,Bronx,3332,1,-73.87997,40.87121
2017911,3038,HULL AVENUE,10467,207,Bronx,3332,4,-73.87975,40.87127
2017930,3079,DECATUR AVENUE,10467,207,Bronx,3332,65,-73.87886,40.87134
2017933,3051,DECATUR AVENUE,10467,207,Bronx,3332,72,-73.87938,40.87109
2017935,359,EAST MOSHOLU PARKWAY NORT,10467,207,Bronx,3332,87,-73.87989,40.87107
2017951,3077,HULL AVENUE,10467,207,Bronx,3333,42,-73.87884,40.87231
2017972,280,EAST 204 STREET,10467,207,Bronx,3334,22,-73.87937,40.87343
2017981,3047,PERRY AVENUE,10467,207,Bronx,3334,50,-73.88009,40.87258
2017983,201,EAST MOSHOLU PARKWAY NORTH,10467,207,Bronx,3335,1,-73.8812,40.87469
2017994,241,EAST MOSHOLU PARKWAY NORTH,10467,207,Bronx,3335,42,-73.88088,40.87376
2018015,179,EAST MOSHOLU PARKWAY NORTH,10467,207,Bronx,3335,139,-73.88116,40.87527
2018102,282,EAST 205 STREET,10467,207,Bronx,3341,10,-73.87864,40.87382
2018113,3129,PERRY AVENUE,10467,207,Bronx,3341,26,-73.87845,40.87358
2018175,239,EAST  207 STREET,10467,207,Bronx,3343,106,-73.87868,40.87584
2018217,281,RESERVOIR PLACE,10467,207,Bronx,3343,184,-73.87558,40.87902
2018223,3395,RESERVOIR OVAL,10467,207,Bronx,3343,220,-73.87643,40.87939
2018254,167,EAST GUN HILL ROAD,10467,207,Bronx,3344,1,-73.87777,40.88108
2018285,3534,TRYON AVENUE,10467,207,Bronx,3344,93,-73.87617,40.8812
2018304,3156,PERRY AVENUE,10467,207,Bronx,3345,19,-73.87742,40.87386
2018381,3324,PERRY AVENUE,10467,207,Bronx,3348,13,-73.87457,40.87761
2018385,3336,PERRY AVENUE,10467,207,Bronx,3348,20,-73.87445,40.87796
2018394,3357,HULL AVENUE,10467,207,Bronx,3348,53,-73.87395,40.87833
2018474,344,EAST 209 STREET,10467,207,Bronx,3351,35,-73.87397,40.87643
2018597,365,EAST 209 STREET,10467,207,Bronx,3355,80,-73.87339,40.87634
2018607,3342,DECATUR AVENUE,10467,207,Bronx,3355,100,-73.87267,40.87759
2018619,3317,PARKSIDE PLACE,10467,207,Bronx,3355,150,-73.8728,40.87659
2018855,67,EAST  236 STREET,10470,212,Bronx,3367,61,-73.87417,40.89775
2018856,63,EAST  236 STREET,10470,212,Bronx,3367,62,-73.87428,40.89773
2019048,4251,KATONAH AVENUE,10470,212,Bronx,3375,59,-73.86739,40.89705
2019992,170,SOUNDVIEW AVENUE,10473,209,Bronx,3445,35,-73.85379,40.80873
2020133,259,UNDERHILL AVENUE,10473,209,Bronx,3453,44,-73.85782,40.81092
2020492,348,SOUNDVIEW AVENUE,10473,209,Bronx,3474,21,-73.85663,40.81273
2020905,1888,LACOMBE AVENUE,10473,209,Bronx,3499,42,-73.85814,40.81523
2021462,553,SOUNDVIEW AVENUE,10473,209,Bronx,3523,42,-73.86132,40.81645
2021479,505,SOUNDVIEW AVENUE,10473,209,Bronx,3524,3,-73.86035,40.81547
2021522,529,UNDERHILL AVENUE,10473,209,Bronx,3525,66,-73.85921,40.81629
2021709,1754,SEWARD AVENUE,10473,209,Bronx,3555,37,-73.86543,40.81861
2021745,636,COMMONWEALTH AVENUE,10473,209,Bronx,3556,20,-73.86472,40.81789
2021854,630,TAYLOR AVENUE,10473,209,Bronx,3559,23,-73.86195,40.81826
2021979,737,NOBLE AVENUE,10473,209,Bronx,3593,47,-73.86774,40.81987
2022061,737,COMMONWEALTH AVENUE,10473,209,Bronx,3595,47,-73.86582,40.82013
2022380,2109,VIRGIL PLACE,10473,209,Bronx,3612,26,-73.8514,40.82238
2022397,2126,LAFAYETTE AVENUE,10473,209,Bronx,3612,44,-73.85054,40.82278
2022765,2055,HERMANY AVENUE,10473,209,Bronx,3680,53,-73.85334,40.82442
2023435,1041,ELDER AVENUE,10472,209,Bronx,3713,48,-73.87865,40.8251
2023436,1039,ELDER AVENUE,10472,209,Bronx,3713,49,-73.87864,40.82504
2023437,1037,ELDER AVENUE,10472,209,Bronx,3713,50,-73.87862,40.82497
2023438,1035,ELDER AVENUE,10472,209,Bronx,3713,51,-73.87861,40.82491
2023440,1031,ELDER AVENUE,10472,209,Bronx,3713,53,-73.87858,40.82477
2023445,1015,BOYNTON AVENUE,10472,209,Bronx,3714,1,-73.87749,40.82419
2023458,1024,ELDER AVENUE,10472,209,Bronx,3714,14,-73.87798,40.82471
2023471,1050,ELDER AVENUE,10472,209,Bronx,3714,27,-73.87814,40.82542
2023482,1020,BOYNTON AVENUE,10472,209,Bronx,3715,11,-73.87697,40.82449
2023483,1030,BOYNTON AVENUE,10472,209,Bronx,3715,17,-73.87707,40.82492
2023510,1019,WARD AVENUE,10472,209,Bronx,3715,61,-73.87658,40.82441
2023522,1040,WARD AVENUE,10472,209,Bronx,3716,21,-73.87619,40.82523
2023536,1055,MANOR AVENUE,10472,209,Bronx,3716,42,-73.87595,40.82581
2023538,1051,MANOR AVENUE,10472,209,Bronx,3716,44,-73.87592,40.82568
2023546,1035,MANOR AVENUE,10472,209,Bronx,3716,52,-73.87579,40.82514
2023552,1023,MANOR AVENUE,10472,209,Bronx,3716,58,-73.87569,40.82474
2023723,1173,COLGATE AVENUE,10472,209,Bronx,3736,49,-73.88216,40.82789
2023747,1121,COLGATE AVENUE,10472,209,Bronx,3736,73,-73.88178,40.82625
2023765,1165,EVERGREEN AVENUE,10472,209,Bronx,3737,54,-73.88112,40.82749
2023766,1155,EVERGREEN AVENUE,10472,209,Bronx,3737,58,-73.88104,40.82718
2023769,1125,EVERGREEN AVENUE,10472,209,Bronx,3737,70,-73.88084,40.82627
2023780,1163,WHEELER AVENUE,10472,209,Bronx,3738,53,-73.88021,40.8277
2023782,1159,WHEELER AVENUE,10472,209,Bronx,3738,55,-73.88018,40.82756
2023794,1133,WHEELER AVENUE,10472,209,Bronx,3738,67,-73.88,40.82676
2023796,1129,WHEELER AVENUE,10472,209,Bronx,3738,69,-73.87996,40.82661
2023822,1144,WHEELER AVENUE,10472,209,Bronx,3739,24,-73.87954,40.8273
2023829,1158,WHEELER AVENUE,10472,209,Bronx,3739,31,-73.87965,40.82777
2023837,1141,ELDER AVENUE,10472,209,Bronx,3739,59,-73.87914,40.8272
2023877,1117,BOYNTON AVENUE,10472,209,Bronx,3740,68,-73.87814,40.82697
2023878,1115,BOYNTON AVENUE,10472,209,Bronx,3740,69,-73.87812,40.8269
2023879,1113,BOYNTON AVENUE,10472,209,Bronx,3740,70,-73.87811,40.82684
2023882,1107,BOYNTON AVENUE,10472,209,Bronx,3740,73,-73.87805,40.82663
2023885,1118,BOYNTON AVENUE,10472,209,Bronx,3741,12,-73.8775,40.82674
2023894,1136,BOYNTON AVENUE,10472,209,Bronx,3741,21,-73.87765,40.82735
2023951,1143,MANOR AVENUE,10472,209,Bronx,3742,59,-73.8764,40.82772
2023961,1123,MANOR AVENUE,10472,209,Bronx,3742,69,-73.87624,40.82705
2023962,1117,MANOR AVENUE,10472,209,Bronx,3742,70,-73.8762,40.82688
2023994,1149,STRATFORD AVENUE,10472,209,Bronx,3743,63,-73.87542,40.82763
2024023,1168,STRATFORD AVENUE,10472,209,Bronx,3744,75,-73.87508,40.82864
2024035,1161,FTELEY AVENUE,10472,209,Bronx,3747,48,-73.87176,40.8289
2024051,1127,FTELEY AVENUE,10472,209,Bronx,3747,65,-73.87151,40.82781
2024052,1123,FTELEY AVENUE,10472,209,Bronx,3747,66,-73.87149,40.82774
2024053,1121,FTELEY AVENUE,10472,209,Bronx,3747,67,-73.87148,40.82767
2024067,1120,METCALF AVENUE,10472,209,Bronx,3747,99,-73.87188,40.82783
2024074,1134,METCALF AVENUE,10472,209,Bronx,3747,107,-73.87199,40.8283
2024075,1136,METCALF AVENUE,10472,209,Bronx,3747,108,-73.872,40.82837
2024080,1146,METCALF AVENUE,10472,209,Bronx,3747,113,-73.87208,40.82871
2024108,1117,CROES AVENUE,10472,209,Bronx,3748,66,-73.87052,40.82769
2024110,1113,CROES AVENUE,10472,209,Bronx,3748,68,-73.87049,40.82755
2024132,1132,FTELEY AVENUE,10472,209,Bronx,3748,91,-73.87103,40.82824
2024137,1142,FTELEY AVENUE,10472,209,Bronx,3748,96,-73.8711,40.82858
2024141,1150,FTELEY AVENUE,10472,209,Bronx,3748,100,-73.87116,40.82885
2024168,1117,NOBLE AVENUE,10472,209,Bronx,3749,71,-73.8696,40.8278
2024266,1162,ST LAWRENCE AVENUE,10472,209,Bronx,3753,38,-73.86664,40.82961
2024500,1147,WHITE PLAINS ROAD,10472,209,Bronx,3758,36,-73.86171,40.82989
2024539,1144,WHITE PLAINS ROAD,10472,209,Bronx,3759,24,-73.86102,40.83006
2024561,1115,VIRGINIA AVENUE,10472,209,Bronx,3759,68,-73.86012,40.82895
2024596,1217,ROSEDALE AVENUE,10472,209,Bronx,3760,60,-73.86919,40.8301
2024602,1205,ROSEDALE AVENUE,10472,209,Bronx,3760,66,-73.86909,40.82969
2024613,1226,ROSEDALE AVENUE,10472,209,Bronx,3761,17,-73.86851,40.83005
2024660,1227,ST LAWRENCE AVENUE,10472,209,Bronx,3762,49,-73.86732,40.83063
2024702,1237,BEACH AVENUE,10472,209,Bronx,3763,47,-73.86645,40.83099
2024713,1813,GLEASON AVENUE,10472,209,Bronx,3764,3,-73.86536,40.83022
2024719,1210,BEACH AVENUE,10472,209,Bronx,3764,11,-73.86572,40.83035
2024768,1222,TAYLOR AVENUE,10472,209,Bronx,3765,18,-73.86486,40.83078
2024785,1838,WESTCHESTER AVENUE,10472,209,Bronx,3765,45,-73.86465,40.83207
2024810,1849,GLEASON AVENUE,10472,209,Bronx,3766,6,-73.86369,40.83045
2024833,1253,LELAND AVENUE,10472,209,Bronx,3766,55,-73.86378,40.83183
2024862,1230,LELAND AVENUE,10472,209,Bronx,3767,25,-73.86306,40.83124
2024949,1259,BRONX RIVER AVENUE,10472,209,Bronx,3769,37,-73.88271,40.83023
2024956,1245,BRONX RIVER AVENUE,10472,209,Bronx,3769,44,-73.88287,40.82977
2025050,1226,EVERGREEN AVENUE,10472,209,Bronx,3771,14,-73.88097,40.82936
2025056,1238,EVERGREEN AVENUE,10472,209,Bronx,3771,20,-73.88107,40.82979
2025095,1233,WHEELER AVENUE,10472,209,Bronx,3771,63,-73.88067,40.82962
2025102,1211,WHEELER AVENUE,10472,209,Bronx,3771,74,-73.88051,40.82896
2025148,1233,ELDER AVENUE,10472,209,Bronx,3772,56,-73.87971,40.82961
2025152,1215,ELDER AVENUE,10472,209,Bronx,3772,62,-73.87962,40.82924
2025154,1209,ELDER AVENUE,10472,209,Bronx,3772,64,-73.87957,40.82902
2025172,1234,ELDER AVENUE,10472,209,Bronx,3773,22,-73.87918,40.82987
2025207,1237,BOYNTON AVENUE,10472,209,Bronx,3773,59,-73.87883,40.82995
2025256,1263,WARD AVENUE,10472,209,Bronx,3774,48,-73.87811,40.83094
2025270,1235,WARD AVENUE,10472,209,Bronx,3774,62,-73.87788,40.82999
2025337,1246,MANOR AVENUE,10472,209,Bronx,3776,28,-73.87647,40.83053
2025341,1254,MANOR AVENUE,10472,209,Bronx,3776,32,-73.87653,40.8308
2025346,1264,MANOR AVENUE,10472,209,Bronx,3776,37,-73.87662,40.83114
2025349,1255,STRATFORD AVENUE,10472,209,Bronx,3776,50,-73.87621,40.83102
2025350,1245,STRATFORD AVENUE,10472,209,Bronx,3776,56,-73.87611,40.83062
2025400,1233,HARROD AVENUE,10472,209,Bronx,3778,49,-73.87424,40.83076
2025406,1241,HARROD AVENUE,10472,209,Bronx,3778,78,-73.87431,40.83104
2025451,1266,FTELEY AVENUE,10472,209,Bronx,3781,20,-73.87179,40.83151
2025518,1271,NOBLE AVENUE,10472,209,Bronx,3782,34,-73.8705,40.83168
2025543,1256,NOBLE AVENUE,10472,209,Bronx,3783,12,-73.86987,40.83149
2025670,1969,CHATTERTON AVENUE,10472,209,Bronx,3788,52,-73.85759,40.82756
2025779,1931,HAVILAND AVENUE,10472,209,Bronx,3791,84,-73.8595,40.82953
2025920,1958,CROSS BRONX EXPRESSWAY,10472,209,Bronx,3794,41,-73.85829,40.83211
2026109,2058,HAVILAND AVENUE,10472,209,Bronx,3800,37,-73.85458,40.82974
2026168,2053,HAVILAND AVENUE,10472,209,Bronx,3801,56,-73.85484,40.83015
2026282,2001,NEWBOLD AVENUE,10462,209,Bronx,3805,78,-73.85709,40.8329
2026294,2128,CHATTERTON AVENUE,10472,209,Bronx,3806,23,-73.85199,40.82786
2026314,2167,BRUCKNER BOULEVARD,10472,209,Bronx,3806,52,-73.85059,40.82776
2026319,2147,BRUCKNER BOULEVARD,10472,209,Bronx,3806,59,-73.85113,40.82768
2026320,2145,BRUCKNER BOULEVARD,10472,209,Bronx,3806,60,-73.85121,40.82767
2026326,2133,BRUCKNER BOULEVARD,10472,209,Bronx,3806,66,-73.85175,40.8276
2026363,2139,CHATTERTON AVENUE,10472,209,Bronx,3807,70,-73.85183,40.82834
2026378,2100,WATSON AVENUE,10472,209,Bronx,3808,10,-73.85327,40.82928
2026520,2144,ELLIS AVENUE,10462,209,Bronx,3812,29,-73.85246,40.83225
2026942,1273,HAVEMEYER AVENUE,10462,209,Bronx,3823,38,-73.84881,40.83427
2027023,2326,GLEASON AVENUE,10462,209,Bronx,3829,20,-73.84689,40.83226
2027043,2331,POWELL AVENUE,10462,209,Bronx,3829,72,-73.8466,40.832
2027124,2333,ELLIS AVENUE,10462,209,Bronx,3831,74,-73.84698,40.83344
2027323,1385,BRONX RIVER AVENUE,10472,209,Bronx,3861,129,-73.88011,40.83395
2027335,1361,BRONX RIVER AVENUE,10472,209,Bronx,3861,141,-73.88067,40.83325
2027369,1310,WHEELER AVENUE,10472,209,Bronx,3862,10,-73.88052,40.83146
2027393,1319,ELDER AVENUE,10472,209,Bronx,3862,36,-73.8802,40.83174
2027497,1609,EAST  172 STREET,10472,209,Bronx,3867,4,-73.87561,40.83194
2027499,1605,EAST 172 STREET,10472,209,Bronx,3867,6,-73.8758,40.83192
2027502,1310,STRATFORD AVENUE,10472,209,Bronx,3867,10,-73.87589,40.83209
2027506,1318,STRATFORD AVENUE,10472,209,Bronx,3867,14,-73.87595,40.83238
2027572,1309,HARROD AVENUE,10472,209,Bronx,3868,63,-73.8746,40.83226
2027573,1675,EAST 172 STREET,10472,209,Bronx,3870,1,-73.87243,40.83237
2027683,1330,CROES AVENUE,10472,209,Bronx,3872,20,-73.87127,40.83341
2027690,1344,CROES AVENUE,10472,209,Bronx,3872,27,-73.87138,40.83388
2027730,1723,EAST 172 STREET,10472,209,Bronx,3873,8,-73.87022,40.83267
2027741,1332,NOBLE AVENUE,10472,209,Bronx,3873,19,-73.87033,40.83347
2027742,1336,NOBLE AVENUE,10472,209,Bronx,3873,20,-73.87035,40.83353
2027752,1360,NOBLE AVENUE,10472,209,Bronx,3873,30,-73.87051,40.83421
2027761,1361,ROSEDALE AVENUE,10472,209,Bronx,3873,42,-73.87015,40.8343
2027762,1359,ROSEDALE AVENUE,10472,209,Bronx,3873,43,-73.87012,40.8342
2027827,1314,COMMONWEALTH AVENUE,10472,209,Bronx,3875,10,-73.86828,40.83315
2027831,1324,COMMONWEALTH AVENUE,10472,209,Bronx,3875,16,-73.86836,40.8335
2027832,1326,COMMONWEALTH AVENUE,10472,209,Bronx,3875,17,-73.86841,40.83369
2027866,1302,ST LAWRENCE AVENUE,10472,209,Bronx,3876,6,-73.86728,40.83296
2027896,1339,BEACH AVENUE,10472,209,Bronx,3876,57,-73.867,40.83413
2027903,1311,BEACH AVENUE,10472,209,Bronx,3876,69,-73.86691,40.8333
2027919,1353,TAYLOR AVENUE,10472,209,Bronx,3877,48,-73.86599,40.83372
2027944,1350,TAYLOR AVENUE,10472,209,Bronx,3878,30,-73.86546,40.83377
2027991,1327,LELAND AVENUE,10472,209,Bronx,3879,41,-73.8641,40.83349
2028036,1408,BRONX RIVER AVENUE,10472,209,Bronx,3885,13,-73.87926,40.83392
2028087,1431,CROES AVENUE,10472,209,Bronx,3892,45,-73.87238,40.83569
2028090,1425,CROES AVENUE,10472,209,Bronx,3892,49,-73.87233,40.83547
2028115,1423,NOBLE AVENUE,10472,209,Bronx,3893,39,-73.87138,40.83543
2028154,1744,MERRILL STREET,10460,209,Bronx,3896,49,-73.86971,40.83657
2028192,1440,ST LAWRENCE AVENUE,10460,209,Bronx,3898,77,-73.8679,40.83641
2028200,1443,BEACH AVENUE,10460,209,Bronx,3898,93,-73.86736,40.83642
2028270,1453,LELAND AVENUE,10460,209,Bronx,3901,45,-73.8647,40.83701
2028274,1445,LELAND AVENUE,10460,209,Bronx,3901,49,-73.86465,40.83674
2028281,1421,LELAND AVENUE,10460,209,Bronx,3901,59,-73.86454,40.83606
2028303,1450,LELAND AVENUE,10460,209,Bronx,3902,21,-73.86408,40.83693
2028304,1452,LELAND AVENUE,10460,209,Bronx,3902,22,-73.8641,40.837
2028308,1460,LELAND AVENUE,10460,209,Bronx,3902,26,-73.86414,40.83727
2028311,1466,LELAND AVENUE,10460,209,Bronx,3902,29,-73.86418,40.83748
2028342,1407,WHITE PLAINS ROAD,10462,209,Bronx,3902,63,-73.86356,40.83581
2028351,345,BRONX PARK AVENUE,10460,206,Bronx,3906,23,-73.87661,40.83886
2028424,1539,ROSEDALE AVENUE,10460,209,Bronx,3913,38,-73.87033,40.83896
2028427,1523,ROSEDALE AVENUE,10460,209,Bronx,3913,44,-73.87038,40.83855
2028439,1462,ROSEDALE AVENUE,10460,209,Bronx,3914,2,-73.86972,40.83683
2028491,1470,ST LAWRENCE AVENUE,10460,209,Bronx,3916,5,-73.86792,40.8371
2028506,1491,BEACH AVENUE,10460,209,Bronx,3916,24,-73.86758,40.83765
2028526,1528,ROSEDALE AVENUE,10460,209,Bronx,3917,13,-73.8698,40.83884
2028527,1530,ROSEDALE AVENUE,10460,209,Bronx,3917,14,-73.8698,40.8389
2028528,1532,ROSEDALE AVENUE,10460,209,Bronx,3917,15,-73.86981,40.83895
2028592,1522,ST LAWRENCE AVENUE,10460,209,Bronx,3919,10,-73.86799,40.83874
2028636,1516,BEACH AVENUE,10460,209,Bronx,3920,36,-73.86706,40.83815
2028651,1543,LELAND AVENUE,10460,209,Bronx,3922,17,-73.86504,40.83903
2028681,1517,WHITE PLAINS ROAD,10462,209,Bronx,3923,38,-73.86396,40.83826
2028918,1945,BENEDICT AVENUE,10462,209,Bronx,3931,63,-73.85917,40.8344
2029050,1380,WHITE PLAINS ROAD,10462,209,Bronx,3936,7,-73.86275,40.83531
2041399,2216,LYON AVENUE,10462,210,Bronx,3963,31,-73.85117,40.83548
2041402,2224,LYON AVENUE,10462,210,Bronx,3963,35,-73.85078,40.83563
2041687,2360,ST RAYMOND AVENUE,10462,210,Bronx,3972,53,-73.85011,40.83884
2041703,1421,ROWLAND STREET,10461,210,Bronx,3973,30,-73.84647,40.838
2041705,1417,ROWLAND STREET,10461,210,Bronx,3973,34,-73.84629,40.83788
2041846,1412,ST PETERS AVENUE,10461,210,Bronx,3980,7,-73.84503,40.83915
2041847,2512,TRATMAN AVENUE,10461,210,Bronx,3980,20,-73.84479,40.83936
2041895,2511,FRISBY AVENUE,10461,210,Bronx,3985,33,-73.84627,40.84031
2041999,1628,GLOVER STREET,10462,210,Bronx,3990,31,-73.8521,40.83868
2042039,1666,PARKER STREET,10462,210,Bronx,3991,31,-73.8524,40.84004
2042056,1711,ZEREGA AVENUE,10462,210,Bronx,3991,66,-73.8517,40.83994
2042152,1708,ZEREGA AVENUE,10462,210,Bronx,3995,5,-73.85123,40.84018
2042202,2430,FULLER STREET,10461,210,Bronx,3996,17,-73.85129,40.84125
2042207,2450,FULLER STREET,10461,210,Bronx,3996,38,-73.85089,40.84178
2042251,1753,SEDDON STREET,10461,210,Bronx,3997,50,-73.85142,40.84226
2042256,2431,FULLER STREET,10461,210,Bronx,3997,65,-73.85167,40.84149
2042357,1714,ST PETERS AVENUE,10461,210,Bronx,4001,9,-73.84937,40.84219
2042377,1711,MONTGOMERY PLACE,10461,210,Bronx,4001,38,-73.8489,40.84222
2042422,1137,EAST TREMONT AVENUE,10460,206,Bronx,4004,2,-73.87574,40.84013
2042428,1123,EAST TREMONT AVENUE,10460,206,Bronx,4004,9,-73.87624,40.84014
2042485,1185,LEBANON STREET,10460,206,Bronx,4008,34,-73.87353,40.84056
2042547,1720,ADAMS STREET,10460,211,Bronx,4016,43,-73.87092,40.84119
2042557,510,VAN NEST AVENUE,10460,211,Bronx,4018,5,-73.87015,40.84075
2042579,1749,MELVILLE STREET,10460,211,Bronx,4019,11,-73.87077,40.84258
2042596,537,VAN NEST AVENUE,10460,211,Bronx,4019,32,-73.86989,40.84159
2042599,1704,VAN BUREN STREET,10460,211,Bronx,4019,35,-73.87013,40.84143
2042606,1728,VAN BUREN STREET,10460,211,Bronx,4019,45,-73.87061,40.84198
2042609,1736,VAN BUREN STREET,10460,211,Bronx,4019,48,-73.87077,40.84214
2042638,1711,TAYLOR AVENUE,10460,211,Bronx,4020,26,-73.86922,40.84221
2042668,590,MORRIS PARK AVENUE,10460,211,Bronx,4021,7,-73.86955,40.84366
2042669,592,MORRIS PARK AVENUE,10460,211,Bronx,4021,8,-73.86948,40.84371
2042686,591,VAN NEST AVENUE,10460,211,Bronx,4021,29,-73.86835,40.84254
2042687,589,VAN NEST AVENUE,10460,211,Bronx,4021,30,-73.86842,40.84249
2042700,1728,TAYLOR AVENUE,10460,211,Bronx,4021,44,-73.86921,40.84286
2042713,540,VAN NEST AVENUE,10460,211,Bronx,4022,7,-73.86941,40.84135
2042726,1604,VAN BUREN STREET,10460,211,Bronx,4022,41,-73.8688,40.84029
2042757,1607,TAYLOR AVENUE,10460,211,Bronx,4023,25,-73.86774,40.84082
2042766,1609,TAYLOR AVENUE,10460,211,Bronx,4023,68,-73.86778,40.84085
2042806,1632,TAYLOR AVENUE,10460,211,Bronx,4024,55,-73.86789,40.84163
2042867,608,VAN NEST AVENUE,10460,211,Bronx,4027,4,-73.8675,40.84253
2042905,608,MORRIS PARK AVENUE,10460,211,Bronx,4029,4,-73.86906,40.84397
2042908,1753,FILLMORE STREET,10460,211,Bronx,4029,9,-73.86881,40.84405
2043027,1713,WHITE PLAINS ROAD,10462,211,Bronx,4032,18,-73.86597,40.84408
2043099,1732,HUNT AVENUE,10462,211,Bronx,4034,40,-73.86475,40.84497
2043187,1659,HOLLAND AVENUE,10462,211,Bronx,4038,14,-73.86383,40.84346
2043204,760,VAN NEST AVENUE,10462,211,Bronx,4039,5,-73.86325,40.84404
2043208,1667,WALLACE AVENUE,10462,211,Bronx,4039,10,-73.86306,40.8439
2043455,1838,VICTOR STREET,10462,211,Bronx,4049,18,-73.86715,40.84628
2043579,1848,HOLLAND AVENUE,10462,211,Bronx,4052,25,-73.86458,40.84706
2043729,1868,MATTHEWS AVENUE,10462,211,Bronx,4055,48,-73.86228,40.84816
2044801,1724,COLDEN AVENUE,10462,211,Bronx,4102,37,-73.85555,40.84758
2045199,1718,WILLIAMSBRIDGE ROAD,10461,211,Bronx,4114,36,-73.85046,40.84966
2045761,1650,HUTCHINSON RIV PARKWAY,10461,210,Bronx,4154,1,-73.83616,40.84475
2045918,2885,ROBERTS AVENUE,10461,210,Bronx,4163,2,-73.83291,40.84562
2045974,2913,MIDDLETOWN ROAD,10461,210,Bronx,4165,3,-73.83228,40.84386
2046083,1714,EDISON AVENUE,10461,210,Bronx,4169,6,-73.83229,40.84581
2046230,3039,ROBERTS AVENUE,10461,210,Bronx,4175,32,-73.83,40.84598
2046290,3120,BUHRE AVENUE,10461,210,Bronx,4177,7,-73.82905,40.84795
2046338,3517,BRUCKNER BOULEVARD,10461,210,Bronx,4178,23,-73.82749,40.84734
2046452,1859,MAYFLOWER AVENUE,10461,210,Bronx,4191,41,-73.83433,40.8491
2046489,1856,MAYFLOWER AVENUE,10461,210,Bronx,4192,19,-73.83378,40.84899
2046567,1822,EDISON AVENUE,10461,210,Bronx,4194,6,-73.8321,40.84779
2046676,3108,ARNOW PLACE,10461,210,Bronx,4199,48,-73.8297,40.84999
2047328,1962,EDISON AVENUE,10461,210,Bronx,4234,23,-73.83173,40.85119
2047449,3145,SANDS PLACE,10461,210,Bronx,4238,47,-73.82812,40.85119
2047492,2905,WILKINSON AVENUE,10461,210,Bronx,4240,36,-73.8315,40.85194
2047579,2883,EAST 195 STREET,10461,210,Bronx,4242,43,-73.83176,40.85338
2047638,2135,CONTINENTAL AVENUE,10461,210,Bronx,4244,33,-73.83161,40.85481
2047651,2932,EAST 194 STREET,10461,210,Bronx,4245,10,-73.83038,40.85214
2047775,2037,BURR AVENUE,10461,210,Bronx,4249,37,-73.82784,40.85386
2047827,2116,COLONIAL AVENUE,10461,210,Bronx,4252,7,-73.82889,40.855
2047837,664,SAGAMORE STREET,10462,211,Bronx,4253,72,-73.86873,40.84887
2047887,2009,CRUGER AVENUE,10462,211,Bronx,4257,40,-73.86712,40.85081
2047994,1936,WALLACE AVENUE,10462,211,Bronx,4261,16,-73.86438,40.84916
2048777,2040,BRONXDALE AVENUE,10462,211,Bronx,4285,5,-73.8665,40.85112
2048778,2036,CRUGER AVENUE,10462,211,Bronx,4285,10,-73.86651,40.85144
2049125,1091,NEILL AVENUE,10461,211,Bronx,4304,22,-73.85646,40.85355
2049141,2031,TOMLINSON AVENUE,10461,211,Bronx,4305,11,-73.8562,40.85456
2049243,1144,BX AND PELHAM PARKWAY,10461,211,Bronx,4310,1,-73.85558,40.85674
2049376,2165,BOLTON STREET,10462,211,Bronx,4317,46,-73.86897,40.85525
2049404,2156,CRUGER AVENUE,10462,211,Bronx,4319,10,-73.86638,40.85533
2049431,2146,BARNES AVENUE,10462,211,Bronx,4322,10,-73.86357,40.85502
2049433,2182,BARNES AVENUE,10462,211,Bronx,4322,25,-73.86354,40.85599
2049438,2145,MATTHEWS AVENUE,10462,211,Bronx,4322,57,-73.8632,40.85521
2049485,2172,MULINER AVENUE,10462,211,Bronx,4324,24,-73.86166,40.85576
2049563,1032,ESPLANADE,10461,211,Bronx,4327,2,-73.85902,40.85516
2050000,2265,OLINVILLE AVENUE,10467,211,Bronx,4341,75,-73.86885,40.85949
2050011,2244,CRUGER AVENUE,10467,211,Bronx,4344,25,-73.86626,40.85904
2050015,2241,HOLLAND AVENUE,10467,211,Bronx,4344,38,-73.8659,40.85907
2050081,2337,WALLACE AVENUE,10467,211,Bronx,4348,41,-73.86491,40.86065
2050093,2316,WALLACE AVENUE,10467,211,Bronx,4352,10,-73.86417,40.8603
2050102,2351,BARNES AVENUE,10467,211,Bronx,4352,30,-73.86385,40.86103
2050323,2315,ESPLANADE,10469,211,Bronx,4369,39,-73.85467,40.86029
2051214,2404,BRONX PARK EAST,10467,211,Bronx,4424,10,-73.87019,40.86166
2051220,2440,BRONX PARK EAST,10467,211,Bronx,4424,22,-73.87009,40.8626
2051224,2456,BRONX PARK EAST,10467,211,Bronx,4424,29,-73.87012,40.86298
2051352,2554,CRUGER AVENUE,10467,211,Bronx,4434,28,-73.86607,40.86484
2051400,2515,WALLACE AVENUE,10467,211,Bronx,4435,47,-73.86478,40.86462
2051414,2436,WALLACE AVENUE,10467,211,Bronx,4436,19,-73.86427,40.86232
2051603,904,ALLERTON AVENUE,10469,211,Bronx,4445,37,-73.86117,40.86527
2051658,2559,COLDEN AVENUE,10469,211,Bronx,4446,51,-73.85993,40.86459
2052096,2544,YATES AVENUE,10469,211,Bronx,4457,22,-73.85452,40.86425
2052115,2551,HERING AVENUE,10469,211,Bronx,4457,61,-73.85415,40.86452
2052122,2531,HERING AVENUE,10469,211,Bronx,4457,70,-73.85417,40.86391
2053032,1523,MACE AVENUE,10469,211,Bronx,4481,6,-73.84238,40.86303
2053676,2749,WALLACE AVENUE,10467,211,Bronx,4511,38,-73.86469,40.8673
2053682,2737,WALLACE AVENUE,10467,211,Bronx,4511,44,-73.86471,40.86687
2053690,2721,WALLACE AVENUE,10467,211,Bronx,4511,52,-73.86472,40.86633
2053720,788,ARNOW AVENUE,10467,211,Bronx,4512,31,-73.86374,40.86758
2053724,2751,BARNES AVENUE,10467,211,Bronx,4512,40,-73.86375,40.8672
2053730,2737,BARNES AVENUE,10467,211,Bronx,4512,46,-73.86376,40.86679
2053731,2735,BARNES AVENUE,10467,211,Bronx,4512,47,-73.86377,40.86672
2053737,2715,BARNES AVENUE,10467,211,Bronx,4512,56,-73.86378,40.86608
2053738,2711,BARNES AVENUE,10467,211,Bronx,4512,58,-73.86379,40.86598
2053756,2758,BARNES AVENUE,10467,211,Bronx,4513,23,-73.86318,40.86719
2053801,826,ARNOW AVENUE,10467,211,Bronx,4514,27,-73.86223,40.86755
2053812,2741,BRONXWOOD AVENUE,10469,211,Bronx,4514,43,-73.86188,40.86683
2053936,1060,ARNOW AVENUE,10469,211,Bronx,4519,29,-73.85715,40.86746
2054754,3054,BARKER AVENUE,10467,212,Bronx,4544,49,-73.86906,40.87084
2054801,725,ARNOW AVENUE,10467,211,Bronx,4547,8,-73.86611,40.86811
2054837,2911,HOLLAND AVENUE,10467,211,Bronx,4547,52,-73.8656,40.86828
2054893,809,ARNOW AVENUE,10467,211,Bronx,4550,3,-73.86285,40.86805
2054900,831,ARNOW AVENUE,10467,211,Bronx,4551,1,-73.86216,40.86798
2054934,2945,RADCLIFF AVENUE,10469,211,Bronx,4552,39,-73.86075,40.86889
2055431,1407,ARNOW AVENUE,10469,211,Bronx,4565,5,-73.84574,40.86774
2055541,1450,EAST GUN HILL ROAD,10469,211,Bronx,4567,100,-73.84406,40.86895
2055544,1466,EAST GUN HILL ROAD,10469,211,Bronx,4567,107,-73.84351,40.8687
2055596,767,ADEE AVENUE,10467,212,Bronx,4570,2,-73.86459,40.86989
2055610,3038,HOLLAND AVENUE,10467,212,Bronx,4570,20,-73.86494,40.87075
2055621,3021,WALLACE AVENUE,10467,212,Bronx,4570,44,-73.86459,40.87031
2055638,3028,WALLACE AVENUE,10467,212,Bronx,4571,16,-73.86401,40.87046
2055657,815,ADEE AVENUE,10467,212,Bronx,4572,2,-73.86269,40.86986
2055662,805,ADEE AVENUE,10467,212,Bronx,4572,7,-73.86314,40.86987
2055689,3015,MATTHEWS AVENUE,10467,212,Bronx,4572,42,-73.86271,40.87037
2055691,3011,MATTHEWS AVENUE,10467,212,Bronx,4572,44,-73.86272,40.87023
2055809,3019,COLDEN AVENUE,10469,212,Bronx,4575,43,-73.85975,40.87024
2055831,3038,COLDEN AVENUE,10469,212,Bronx,4576,22,-73.85915,40.8708
2055847,3015,PAULDING AVENUE,10469,212,Bronx,4576,48,-73.85889,40.87011
2056074,3019,WILSON AVENUE,10469,211,Bronx,4588,49,-73.84927,40.87007
2056138,1326,EAST GUN HILL ROAD,10469,211,Bronx,4590,43,-73.8474,40.87073
2056168,655,BURKE AVENUE,10467,212,Bronx,4594,1,-73.86902,40.87173
2056241,3234,WHITE PLAINS ROAD,10467,212,Bronx,4596,15,-73.86678,40.8722
2056251,3233,CRUGER AVENUE,10467,212,Bronx,4596,46,-73.86641,40.87239
2056274,756,SOUTH OAK DRIVE,10467,212,Bronx,4598,15,-73.86491,40.87207
2056279,768,SOUTH OAK DRIVE,10467,212,Bronx,4598,22,-73.8644,40.87201
2056280,3209,WALLACE AVENUE,10467,212,Bronx,4598,24,-73.86454,40.87184
2056281,3207,WALLACE AVENUE,10467,212,Bronx,4598,25,-73.86452,40.87176
2056288,747,SOUTH OAK DRIVE,10467,212,Bronx,4599,15,-73.86559,40.8728
2056304,3308,WHITE PLAINS ROAD,10467,212,Bronx,4600,4,-73.86675,40.87358
2056305,3310,WHITE PLAINS ROAD,10467,212,Bronx,4600,4,-73.86675,40.87358
2056368,785,BURKE AVENUE,10467,212,Bronx,4603,23,-73.86346,40.87164
2056378,780,BARTHOLDI STREET,10467,212,Bronx,4604,15,-73.86373,40.87373
2056393,3237,CHESTNUT DRIVE NORTH,10467,212,Bronx,4604,35,-73.8635,40.873
2056575,3243,PAULDING AVENUE,10469,212,Bronx,4610,45,-73.85873,40.87265
2056716,1157,BURKE AVENUE,10469,211,Bronx,4616,7,-73.85327,40.87145
2056846,3341,BARKER AVENUE,10467,212,Bronx,4622,42,-73.86958,40.87447
2056851,3321,BARKER AVENUE,10467,212,Bronx,4622,50,-73.8696,40.87392
2056875,660,MAGENTA STREET,10467,212,Bronx,4623,31,-73.86873,40.8751
2056886,3331,OLINVILLE AVENUE,10467,212,Bronx,4623,49,-73.8685,40.87418
2056937,3435,OLINVILLE AVENUE,10467,212,Bronx,4627,29,-73.86842,40.87634
2057080,3311,COLDEN AVENUE,10469,212,Bronx,4634,35,-73.85965,40.87351
2057310,664,EAST 213 STREET,10467,212,Bronx,4643,31,-73.86623,40.87938
2057321,3616,BRONX BOULEVARD,10467,212,Bronx,4645,8,-73.86764,40.88048
2057330,3640,BRONX BOULEVARD,10467,212,Bronx,4645,19,-73.86733,40.88109
2057332,3650,BRONX BOULEVARD,10467,212,Bronx,4645,28,-73.86714,40.88148
2057346,3645,OLINVILLE AVENUE,10467,212,Bronx,4645,64,-73.86694,40.88113
2057347,3643,OLINVILLE AVENUE,10467,212,Bronx,4645,65,-73.86696,40.88108
2057356,3623,OLINVILLE AVENUE,10467,212,Bronx,4645,76,-73.86723,40.88051
2057434,3750,BRONX BOULEVARD,10467,212,Bronx,4649,21,-73.8662,40.88341
2057452,3731,OLINVILLE AVENUE,10467,212,Bronx,4649,66,-73.86603,40.88297
2057484,3765,WILLETT AVENUE,10467,212,Bronx,4650,53,-73.86474,40.88364
2057563,3800,CARPENTER AVENUE,10467,212,Bronx,4654,1,-73.8653,40.88461
2057630,679,EAST 220 STREET,10467,212,Bronx,4655,62,-73.86316,40.88476
2057658,3857,WHITE PLAINS ROAD,10467,212,Bronx,4656,45,-73.86218,40.88533
2057706,3553,HOLLAND AVENUE,10467,212,Bronx,4657,114,-73.86434,40.87839
2057750,3555,CARLISLE PLACE,10467,212,Bronx,4660,28,-73.86343,40.8783
2057761,3562,CARLISLE PLACE,10467,212,Bronx,4660,48,-73.86285,40.8783
2057766,764,EAST 213 STREET,10467,212,Bronx,4660,54,-73.86249,40.87816
2057769,3535,BARNES AVENUE,10467,212,Bronx,4660,61,-73.86193,40.87799
2057775,791,EAST 211 STREET,10467,212,Bronx,4660,67,-73.86213,40.87774
2057818,780,EAST  214 STREET,10467,212,Bronx,4661,64,-73.86223,40.87891
2057823,771,EAST 213 STREET,10467,212,Bronx,4661,75,-73.86192,40.87843
2057834,741,EAST 213 STREET,10467,212,Bronx,4661,92,-73.86323,40.87886
2057835,739,EAST 213 STREET,10467,212,Bronx,4661,93,-73.86332,40.87888
2057859,3642,HOLLAND AVENUE,10467,212,Bronx,4662,39,-73.86317,40.87975
2057860,3644,HOLLAND AVENUE,10467,212,Bronx,4662,40,-73.86315,40.87981
2057864,746,EAST 215 STREET,10467,212,Bronx,4662,48,-73.86272,40.87986
2057872,766,EAST 215 STREET,10467,212,Bronx,4662,56,-73.86202,40.87968
2057908,744,EAST  216 STREET,10467,212,Bronx,4663,38,-73.86235,40.8807
2057916,729,EAST 215 STREET,10467,212,Bronx,4663,83,-73.8632,40.88042
2057967,726,EAST 217 STREET,10467,212,Bronx,4664,68,-73.86256,40.8816
2057977,756,EAST 217 STREET,10467,212,Bronx,4664,83,-73.86156,40.88128
2058037,755,EAST 218 STREET,10467,212,Bronx,4666,19,-73.86102,40.88242
2058054,711,EAST 218 STREET,10467,212,Bronx,4666,37,-73.86246,40.88288
2058148,736,EAST  221 STREET,10467,212,Bronx,4668,76,-73.86058,40.88428
2058149,738,EAST  221 STREET,10467,212,Bronx,4668,77,-73.8605,40.88425
2058154,754,EAST 221 STREET,10467,212,Bronx,4668,83,-73.86014,40.88414
2058222,852,EAST 213 STREET,10467,212,Bronx,4671,63,-73.85994,40.87768
2058244,3610,BARNES AVENUE,10467,212,Bronx,4672,39,-73.86136,40.8788
2058249,826,EAST 214 STREET,10467,212,Bronx,4672,52,-73.86073,40.87872
2058258,854,EAST  214 STREET,10467,212,Bronx,4672,67,-73.85966,40.87838
2058261,3603,BRONXWOOD AVENUE,10469,212,Bronx,4672,107,-73.85947,40.87798
2058300,822,EAST  215 STREET,10467,212,Bronx,4673,60,-73.86062,40.87934
2058303,832,EAST 215 STREET,10467,212,Bronx,4673,65,-73.86033,40.87926
2058470,827,EAST 218 STREET,10467,212,Bronx,4677,25,-73.85918,40.88183
2058568,847,EAST 220 STREET,10467,212,Bronx,4679,16,-73.8578,40.88305
2058575,829,EAST 220 STREET,10467,212,Bronx,4679,24,-73.85838,40.88324
2058602,864,EAST 221 STREET,10467,212,Bronx,4679,73,-73.85692,40.88311
2058633,828,EAST  222 STREET,10467,212,Bronx,4680,51,-73.8579,40.88422
2058637,836,EAST 222 STREET,10467,212,Bronx,4680,56,-73.85751,40.88409
2058641,844,EAST 222 STREET,10467,212,Bronx,4680,61,-73.85715,40.88397
2058739,900A,EAST  213 STREET,10469,212,Bronx,4683,54,-73.85904,40.87742
2058787,3612,BRONXWOOD AVENUE,10469,212,Bronx,4684,37,-73.85876,40.87805
2058832,3646,BRONXWOOD AVENUE,10469,212,Bronx,4685,37,-73.85838,40.87874
2058922,914,EAST 217 STREET,10469,212,Bronx,4687,38,-73.85741,40.87996
2059033,956,EAST 219 STREET,10469,212,Bronx,4689,67,-73.8552,40.8809
2059055,911,EAST 219 STREET,10469,212,Bronx,4690,30,-73.85646,40.8818
2059389,3632,PAULDING AVENUE,10469,212,Bronx,4697,20,-73.85608,40.87762
2059464,1045,EAST 216 STREET,10469,212,Bronx,4699,5,-73.85374,40.87846
2059520,1005,EAST 217 STREET,10469,212,Bronx,4700,28,-73.85499,40.87965
2059929,1310,OAKLEY STREET,10469,212,Bronx,4711,26,-73.8526,40.87844
2059931,1314,OAKLEY STREET,10469,212,Bronx,4711,28,-73.85245,40.87852
2059949,1303,NEEDHAM AVENUE,10469,212,Bronx,4711,56,-73.85263,40.87811
2059950,1301,NEEDHAM AVENUE,10469,212,Bronx,4711,57,-73.85278,40.87807
2060158,1176,EAST 221 STREET,10469,212,Bronx,4717,96,-73.84909,40.88027
2060159,1178,EAST 221 STREET,10469,212,Bronx,4717,100,-73.84909,40.88016
2060182,1417,NEEDHAM AVENUE,10469,212,Bronx,4718,59,-73.85089,40.87897
2060214,3437,EASTCHESTER ROAD,10469,212,Bronx,4722,12,-73.84743,40.87794
2060307,1466,NEEDHAM AVENUE,10469,212,Bronx,4725,30,-73.84893,40.87946
2060330,3542,EASTCHESTER ROAD,10469,212,Bronx,4726,34,-73.84743,40.87973
2060632,3319,FISH AVENUE,10469,212,Bronx,4735,27,-73.84931,40.87423
2060677,3357,SEYMOUR AVENUE,10469,212,Bronx,4736,9,-73.84909,40.87571
2060678,3355,SEYMOUR AVENUE,10469,212,Bronx,4736,10,-73.84905,40.87564
2060682,3347,SEYMOUR AVENUE,10469,212,Bronx,4736,14,-73.84891,40.87538
2060719,3326,FISH AVENUE,10469,212,Bronx,4736,51,-73.84892,40.87465
2060725,3338,FISH AVENUE,10469,212,Bronx,4736,57,-73.84913,40.87503
2060744,3357,FENTON AVENUE,10469,212,Bronx,4737,14,-73.84801,40.87559
2060747,3349,FENTON AVENUE,10469,212,Bronx,4737,17,-73.84791,40.8754
2060772,3304,SEYMOUR AVENUE,10469,212,Bronx,4737,42,-73.84766,40.87422
2061686,3135,SEYMOUR AVENUE,10469,212,Bronx,4759,27,-73.84678,40.87143
2061690,1345,EAST GUN HILL ROAD,10469,212,Bronx,4759,38,-73.84649,40.8709
2061697,1352,BURKE AVENUE,10469,212,Bronx,4759,62,-73.8474,40.87191
2062589,2962,WICKHAM AVENUE,10469,212,Bronx,4790,2,-73.8379,40.87076
2062590,2960,WICKHAM AVENUE,10469,212,Bronx,4790,3,-73.83783,40.87063
2062853,3972,BRONX BOULEVARD,10466,212,Bronx,4820,40,-73.86398,40.88888
2062876,4030,BRONX BOULEVARD,10466,212,Bronx,4821,45,-73.86305,40.89054
2062896,641,EAST 222 STREET,10467,212,Bronx,4824,36,-73.86365,40.88662
2062909,632,EAST  223 STREET,10466,212,Bronx,4824,55,-73.86359,40.88691
2062911,638,EAST 223 STREET,10466,212,Bronx,4824,58,-73.86342,40.88686
2062912,642,EAST 223 STREET,10466,212,Bronx,4824,59,-73.86333,40.88683
2062913,644,EAST 223 STREET,10466,212,Bronx,4824,60,-73.86325,40.88681
2062933,3939,WHITE PLAINS ROAD,10466,212,Bronx,4825,5,-73.86131,40.88691
2062936,687,EAST 223 STREET,10466,212,Bronx,4825,13,-73.86169,40.88679
2062963,654,EAST 224 STREET,10466,212,Bronx,4825,68,-73.86258,40.88741
2062967,680,EAST 224 STREET,10466,212,Bronx,4825,80,-73.86174,40.88714
2062981,667,EAST 224 STREET,10466,212,Bronx,4826,23,-73.86197,40.8877
2062992,633,EAST 224 STREET,10466,212,Bronx,4826,40,-73.8631,40.88806
2062997,658,EAST 225 STREET,10466,212,Bronx,4826,69,-73.86206,40.88807
2063036,662,EAST 226 STREET,10466,212,Bronx,4827,74,-73.8615,40.88872
2063068,658,EAST 227 STREET,10466,212,Bronx,4828,54,-73.86127,40.8895
2063075,687,EAST 226 STREET,10466,212,Bronx,4829,30,-73.86053,40.88888
2063090,4036,LOWERRE PLACE,10466,212,Bronx,4829,50,-73.86026,40.88979
2063098,4043,LOWERRE PLACE,10466,212,Bronx,4830,1,-73.86061,40.89021
2063133,4059,WHITE PLAINS ROAD,10466,212,Bronx,4831,8,-73.85949,40.89028
2063151,645,EAST 228 STREET,10466,212,Bronx,4831,55,-73.86108,40.89074
2063195,647,EAST 229 STREET,10466,212,Bronx,4832,53,-73.86068,40.89144
2063199,635,EAST  229 STREET,10466,212,Bronx,4832,60,-73.86111,40.89157
2063223,691,EAST 230 STREET,10466,212,Bronx,4833,13,-73.85888,40.89169
2063249,674,EAST 231 STREET,10466,212,Bronx,4833,83,-73.85909,40.89211
2063253,694,EAST 231 STREET,10466,212,Bronx,4833,88,-73.85871,40.89199
2063298,634,EAST 233 STREET,10466,212,Bronx,4835,54,-73.85978,40.89389
2063314,721,EAST 222 STREET,10467,212,Bronx,4836,36,-73.8607,40.88567
2063358,749,EAST 223 STREET,10466,212,Bronx,4837,22,-73.85942,40.88605
2063398,753,EAST  224 STREET,10466,212,Bronx,4838,22,-73.85885,40.88671
2063399,751,EAST 224 STREET,10466,212,Bronx,4838,23,-73.85892,40.88673
2063462,753,EAST 226 STREET,10466,212,Bronx,4840,21,-73.85813,40.88814
2063473,711,EAST  226 STREET,10466,212,Bronx,4840,38,-73.85935,40.88853
2063484,730,EAST 227 STREET,10466,212,Bronx,4840,64,-73.85866,40.88865
2063492,754,EAST 227 STREET,10466,212,Bronx,4840,78,-73.85775,40.88836
2063505,763,EAST 227 STREET,10466,212,Bronx,4841,17,-73.85742,40.88874
2063682,718,EAST 232 STREET,10466,212,Bronx,4845,53,-73.85704,40.89228
2063686,756,EAST 232 STREET,10466,212,Bronx,4845,73,-73.85567,40.89184
2063758,836,EAST  223 STREET,10466,212,Bronx,4847,54,-73.85718,40.88486
2063801,819,EAST 223 STREET,10466,212,Bronx,4848,29,-73.85753,40.88546
2063809,3940,BARNES AVENUE,10466,212,Bronx,4848,39,-73.85789,40.88578
2063899,812,EAST 226 STREET,10466,212,Bronx,4850,51,-73.85684,40.88724
2063936,801,EAST  226 STREET,10466,212,Bronx,4851,36,-73.85686,40.88763
2063949,826,EAST 227 STREET,10466,212,Bronx,4851,57,-73.8559,40.88777
2063971,841,EAST 227 STREET,10466,212,Bronx,4852,18,-73.85522,40.88804
2064002,870,EAST 228 STREET,10466,212,Bronx,4852,71,-73.85405,40.888
2064010,847,EAST 228 STREET,10466,212,Bronx,4853,22,-73.85455,40.88865
2064050,854,EAST 229 STREET,10466,212,Bronx,4853,83,-73.85395,40.88881
2064095,830,EAST 230 STREET,10466,212,Bronx,4854,68,-73.85469,40.88987
2064098,836,EAST 230 STREET,10466,212,Bronx,4854,72,-73.85443,40.88979
2064106,858,EAST 230 STREET,10466,212,Bronx,4854,82,-73.85369,40.88956
2064141,4126,BARNES AVENUE,10466,212,Bronx,4855,44,-73.8553,40.89046
2064172,869,EAST 231 STREET,10466,212,Bronx,4856,14,-73.85271,40.89056
2064200,824,EAST 232 STREET,10466,212,Bronx,4856,63,-73.85407,40.89134
2064214,866,EAST 232 STREET,10466,212,Bronx,4856,87,-73.85258,40.89087
2064225,847,EAST 232 STREET,10466,212,Bronx,4857,24,-73.85311,40.89153
2064245,806,EAST 233 STREET,10466,212,Bronx,4857,84,-73.85431,40.89212
2064278,916,EAST 223 STREET,10466,212,Bronx,4858,51,-73.8549,40.88413
2064327,901,EAST 223 STREET,10466,212,Bronx,4859,37,-73.85519,40.8847
2064330,908,EAST 224 STREET,10466,212,Bronx,4859,53,-73.85468,40.8849
2064333,916,EAST 224 STREET,10466,212,Bronx,4859,56,-73.85441,40.88478
2064336,924,EAST 224 STREET,10466,212,Bronx,4859,59,-73.85414,40.8847
2064365,967,EAST 224 STREET,10466,212,Bronx,4860,10,-73.85255,40.88459
2064367,961,EAST  224 STREET,10466,212,Bronx,4860,13,-73.85279,40.88478
2064410,950,EAST 225 STREET,10466,212,Bronx,4860,76,-73.85302,40.88519
2064412,956,EAST 225 STREET,10466,212,Bronx,4860,80,-73.85276,40.8851
2064442,3988,BRONXWOOD AVENUE,10466,212,Bronx,4861,50,-73.85411,40.88638
2064467,4005,PAULDING AVENUE,10466,212,Bronx,4862,10,-73.85157,40.88599
2064471,965,EAST  226 STREET,10466,212,Bronx,4862,16,-73.85205,40.8862
2064504,940,EAST 227 STREET,10466,212,Bronx,4862,75,-73.85258,40.8867
2064511,966,EAST  227 STREET,10466,212,Bronx,4862,89,-73.85172,40.88644
2064563,962,EAST 228 STREET,10466,212,Bronx,4863,83,-73.85136,40.88715
2064628,943,EAST  229 STREET,10466,212,Bronx,4865,27,-73.85147,40.88852
2064693,4130,BRONXWOOD AVENUE,10466,212,Bronx,4866,49,-73.85226,40.88972
2064767,960,EAST 232 STREET,10466,212,Bronx,4867,68,-73.84999,40.89003
2064889,1038,EAST 224 STREET,10466,212,Bronx,4870,55,-73.85101,40.88371
2064984,1056,EAST  226 STREET,10466,212,Bronx,4872,71,-73.84953,40.8849
2065003,4006,PAULDING AVENUE,10466,212,Bronx,4873,37,-73.85102,40.88593
2065004,4008,PAULDING AVENUE,10466,212,Bronx,4873,38,-73.85099,40.88599
2065047,1047,EAST 227 STREET,10466,212,Bronx,4874,16,-73.84923,40.88614
2065541,3424,GRACE AVENUE,10469,212,Bronx,4886,52,-73.83961,40.87963
2065773,1208,EAST 224 STREET,10466,212,Bronx,4898,49,-73.84623,40.88182
2065831,3689,EASTCHESTER ROAD,10466,212,Bronx,4900,33,-73.84973,40.88273
2066094,4180,LACONIA AVENUE,10466,212,Bronx,4929,4,-73.84575,40.88926
2066436,3805,DYRE AVENUE,10466,212,Bronx,4947,45,-73.83166,40.88811
2066461,2232,LIGHT STREET,10466,212,Bronx,4950,42,-73.83063,40.88762
2066463,2236,LIGHT STREET,10466,212,Bronx,4950,44,-73.83048,40.88762
2066840,3910,SETON AVENUE,10466,212,Bronx,4961,1,-73.83633,40.88946
2066868,3959,AMUNDSON AVENUE,10466,212,Bronx,4961,46,-73.83646,40.89075
2066924,3939,DURYEA AVENUE,10466,212,Bronx,4962,57,-73.83537,40.89038
2067029,4018,PRATT AVENUE,10466,212,Bronx,4966,15,-73.83365,40.89132
2067267,1800,EDENWALD AVENUE,10466,212,Bronx,4977,27,-73.84781,40.89175
2067947,4014,AMUNDSON AVENUE,10466,212,Bronx,4989,2,-73.83639,40.89204
2068030,4257,CARPENTER AVENUE,10466,212,Bronx,4993,68,-73.8596,40.89606
2068041,675,EAST 233 STREET,10466,212,Bronx,4994,11,-73.85817,40.89396
2068043,655,EAST 233 STREET,10466,212,Bronx,4994,23,-73.85892,40.8942
2068051,4206,CARPENTER AVENUE,10466,212,Bronx,4994,41,-73.85992,40.89452
2068069,686,EAST 234 STREET,10466,212,Bronx,4994,80,-73.85763,40.89413
2068072,685,EAST 234 STREET,10466,212,Bronx,4995,7,-73.85744,40.89457
2068073,683,EAST 234 STREET,10466,212,Bronx,4995,9,-73.85755,40.8946
2068076,655,EAST 234 STREET,10466,212,Bronx,4995,22,-73.85848,40.8949
2068188,4240,BYRON AVENUE,10466,212,Bronx,4998,24,-73.85467,40.89408
2068222,759,EAST 235 STREET,10466,212,Bronx,4999,4,-73.85426,40.89439
2068266,4212,BARNES AVENUE,10466,212,Bronx,5000,50,-73.85403,40.89288
2068370,1733,EDENWALD AVENUE,10466,212,Bronx,5003,37,-73.8504,40.89166
2068449,4247,DIGNEY AVENUE,10466,212,Bronx,5005,13,-73.85226,40.89468
2069081,4218,EDSON AVENUE,10466,212,Bronx,5019,46,-73.84548,40.89591
2069628,633,EAST 236 STREET,10466,212,Bronx,5037,26,-73.85829,40.8965
2069737,4383,MATILDA AVENUE,10466,212,Bronx,5040,38,-73.85671,40.89889
2069738,4381,MATILDA AVENUE,10466,212,Bronx,5040,39,-73.85675,40.89883
2069808,731,EAST 236 STREET,10466,212,Bronx,5044,6,-73.85477,40.89544
2069914,4381,BARNES AVENUE,10466,212,Bronx,5048,8,-73.85223,40.89722
2069966,4323,BOYD AVENUE,10466,212,Bronx,5049,68,-73.85177,40.89583
2070354,4330,EDSON AVENUE,10466,212,Bronx,5056,14,-73.84604,40.89737
2070413,4360,BAYCHESTER AVENUE,10466,212,Bronx,5057,27,-73.84556,40.89882
2070566,609,NEREID AVENUE,10470,212,Bronx,5066,1,-73.85728,40.89992
2070575,606,EAST  239 STREET,10470,212,Bronx,5066,37,-73.85625,40.90124
2070588,4429,CARPENTER AVENUE,10470,212,Bronx,5066,56,-73.85656,40.90046
2070598,4401,CARPENTER AVENUE,10470,212,Bronx,5066,78,-73.85714,40.89974
2070723,4450,WHITE PLAINS ROAD,10470,212,Bronx,5070,22,-73.853,40.89954
2070730,4439,FURMAN AVENUE,10466,212,Bronx,5070,37,-73.85287,40.89924
2070734,4427,FURMAN AVENUE,10466,212,Bronx,5070,41,-73.85308,40.89897
2070910,4511,MATILDA AVENUE,10470,212,Bronx,5076,92,-73.85485,40.90127
2070973,4632,CARPENTER AVENUE,10470,212,Bronx,5079,26,-73.85316,40.90391
2071001,4615,MATILDA AVENUE,10470,212,Bronx,5079,65,-73.85316,40.90338
2071028,681,EAST 239 STREET,10470,212,Bronx,5081,8,-73.8536,40.9005
2071044,4566,RICHARDSON AVENUE,10470,212,Bronx,5081,46,-73.85252,40.90197
2071134,4562,WHITE PLAINS ROAD,10470,212,Bronx,5084,40,-73.85149,40.90158
2071605,4435,MUNDY LANE,10466,212,Bronx,5100,16,-73.84097,40.90145
2071751,4731,RICHARDSON AVENUE,10470,212,Bronx,5106,78,-73.85094,40.90484
2071767,4727,WHITE PLAINS ROAD,10470,212,Bronx,5107,30,-73.85017,40.90428
2071833,715,CRANFORD AVENUE,10470,212,Bronx,5112,14,-73.84928,40.90357
2071912,719,EAST  242 STREET,10470,212,Bronx,5115,15,-73.84848,40.90572
2071913,717,EAST 242 STREET,10470,212,Bronx,5115,16,-73.84856,40.90574
2071916,708,EAST 243 STREET,10470,212,Bronx,5115,28,-73.8488,40.90609
2071918,718,EAST 243 STREET,10470,212,Bronx,5115,38,-73.84834,40.90597
2071921,740,EAST 243 STREET,10470,212,Bronx,5115,47,-73.84763,40.90578
2072245,956,CRANFORD AVENUE,10466,212,Bronx,5125,18,-73.84181,40.90385
2072282,879,CRANFORD AVENUE,10466,212,Bronx,5126,38,-73.84471,40.90366
2072727,1161,CROSBY AVENUE,10461,210,Bronx,5312,91,-73.82747,40.83543
2073148,1245,BRADFORD AVENUE,10461,210,Bronx,5333,67,-73.83027,40.83574
2073149,1243,BRADFORD AVENUE,10461,210,Bronx,5333,68,-73.83023,40.83568
2073152,1235,BRADFORD AVENUE,10461,210,Bronx,5333,106,-73.82994,40.83544
2073494,1367,ELLISON AVENUE,10461,210,Bronx,5348,39,-73.83672,40.83772
2074115,2830,HARRINGTON AVENUE,10461,210,Bronx,5373,23,-73.83435,40.83902
2074258,2897,HARRINGTON AVENUE,10461,210,Bronx,5377,36,-73.83241,40.84045
2074389,1539,MAYFLOWER AVENUE,10461,210,Bronx,5384,36,-73.83498,40.8419
2074917,1535,HOLLYWOOD AVENUE,10461,210,Bronx,5402,86,-73.82795,40.84272
2075950,1666,OHM AVENUE,10465,210,Bronx,5413,112,-73.82083,40.84807
2076567,2926,BARKLEY AVENUE,10465,210,Bronx,5423,81,-73.8253,40.83146
2076858,3707,EAST TREMONT AVENUE,10465,210,Bronx,5431,9,-73.822,40.82696
2079789,1055,HUNTINGTON AVENUE,10465,210,Bronx,5537,15,-73.83264,40.8298
2079895,2881,PHILIP AVENUE,10465,210,Bronx,5543,47,-73.82452,40.8277
2079991,832,CALHOUN AVENUE,10465,210,Bronx,5544,55,-73.82589,40.82793
2081929,183,CITY ISLAND AVENUE,10464,210,Bronx,5626,288,-73.78533,40.84323
2081930,185,CITY ISLAND AVENUE,10464,210,Bronx,5626,289,-73.78535,40.8433
2082786,456,CITY ISLAND AVENUE,10464,210,Bronx,5646,4,-73.78817,40.85118
2083169,3120,KINGSBRIDGE AVENUE,10463,208,Bronx,5707,10,-73.9057,40.88032
2083280,642,WEST 227 STREET,10463,208,Bronx,5725,910,-73.91692,40.88091
2083690,202,WEST 236 STREET,10463,208,Bronx,5760,150,-73.90198,40.88347
2084037,3800,GREYSTONE AVENUE,10463,208,Bronx,5779,810,-73.90499,40.8875
2084078,3251,CAMBRIDGE AVENUE,10463,208,Bronx,5785,282,-73.90874,40.88432
2084108,3241,JOHNSON AVENUE,10463,208,Bronx,5787,174,-73.91064,40.88467
2084166,515,WEST 236 STREET,10463,208,Bronx,5796,115,-73.90774,40.88665
2084561,244,FIELDSTONE TERRACE,10471,208,Bronx,5827,1620,-73.89828,40.89537
2086669,413,EAST 173 STREET,10457,203,Bronx,2898,85,-73.90292,40.84303
2086804,2464,BEAUMONT AVENUE,10458,206,Bronx,3105,20,-73.88337,40.85571
2087293,943,ARNOW AVENUE,10469,211,Bronx,4553,3,-73.85991,40.868
2087312,862,EAST  220 STREET,10467,212,Bronx,4678,72,-73.85743,40.88245
2087328,3520,CORSA AVENUE,10469,212,Bronx,4722,54,-73.84807,40.87873
2087331,1488,HICKS STREET,10469,212,Bronx,4722,67,-73.84805,40.87906
2087475,364,HUNTINGTON AVENUE,10465,210,Bronx,5581,127,-73.82271,40.81825
2087476,368,HUNTINGTON AVENUE,10465,210,Bronx,5581,128,-73.82275,40.81832
2087486,383,HUNTINGTON AVENUE,10465,210,Bronx,5582,84,-73.82333,40.81823
2087936,541,EDISON AVE,10465,210,Bronx,5439,39,-73.8191,40.82361
2088074,1934,HOLLAND AVENUE,10462,211,Bronx,4260,17,-73.86528,40.84903
2088075,1936,HOLLAND AVENUE,10462,211,Bronx,4260,18,-73.8653,40.84909
2088088,3016,BARKER AVENUE,10467,212,Bronx,4544,13,-73.86904,40.8702
2088408,2240,WALTON AVENUE,10453,205,Bronx,3182,4,-73.90317,40.85725
2088636,4217,THROGS NECK EXPRESSWAY,10465,210,Bronx,5518,232,-73.80759,40.8193
2090046,2440,CAMBRELENG AVENUE,10458,206,Bronx,3090,42,-73.88423,40.85553
2090164,1050,EAST 211 STREET,10469,212,Bronx,4693,60,-73.85632,40.87482
2090177,3374,CORSA AVENUE,10469,212,Bronx,4743,65,-73.84679,40.87635
2090181,3231,ELY AVENUE,10469,212,Bronx,4756,21,-73.83905,40.87568
2090185,3238,ELY AVENUE,10469,212,Bronx,4757,54,-73.83853,40.87582
2090189,3019,ELY AVENUE,10469,212,Bronx,4776,23,-73.83723,40.87198
2090204,2971,EDSON AVENUE,10469,212,Bronx,4797,12,-73.83482,40.87112
2090224,3406,BRUNER AVENUE,10469,212,Bronx,4884,166,-73.84098,40.87856
2090238,1261,EAST  224 STREET,10466,212,Bronx,4899,16,-73.84473,40.88171
2090245,1118,EAST  225 STREET,10466,212,Bronx,4903,58,-73.84859,40.88368
2090265,4600,BRONX BOULEVARD,10470,212,Bronx,5078,8,-73.85452,40.90353
2090266,4602,BRONX BOULEVARD,10470,212,Bronx,5078,9,-73.85447,40.90359
2090285,2173,NEW ENGLAND THRWY,10475,212,Bronx,5263,426,-73.8315,40.88137
2090459,1388,BRISTOW STREET,10459,203,Bronx,2964,9,-73.89476,40.83276
2090555,3699,EASTCHESTER ROAD,10466,212,Bronx,4900,30,-73.84981,40.88296
2090596,181,BUTTRICK AVENUE,10465,210,Bronx,5606,7501,-73.82383,40.81326
2090692,807,EAST  213 STREET,10467,212,Bronx,4672,135,-73.86121,40.87857
2090826,960,ST JOHN AVENUE,10455,202,Bronx,2685,3,-73.90275,40.81475
2091155,281,EAST  149 STREET,10451,201,Bronx,2331,72,-73.92203,40.81746
2091278,600,EAST  141 STREET,10454,201,Bronx,2553,23,-73.91476,40.80791
2091294,354,CYPRESS AVENUE,10454,201,Bronx,2571,14,-73.91248,40.80867
2091302,728,EAST  142 STREET,10454,201,Bronx,2573,21,-73.91055,40.80775
2091306,460,CONCORD AVENUE,10455,201,Bronx,2577,32,-73.90871,40.8107
2091324,702,EAGLE AVENUE,10455,201,Bronx,2624,35,-73.90974,40.81828
2091670,345,CITY ISLAND AVENUE,10464,210,Bronx,5632,139,-73.78736,40.84823
2091878,3206,OXFORD AVENUE,10463,208,Bronx,5785,247,-73.90926,40.88392
2091929,38,WEST  182 STREET,10453,205,Bronx,3195,16,-73.90633,40.8574
2092029,995,EAST  167 STREET,10459,203,Bronx,2752,5,-73.89029,40.82702
2092063,1928,UNIVERSITY AVENUE,10453,205,Bronx,2868,105,-73.91199,40.85331
2092126,1473,FULTON AVENUE,10456,203,Bronx,2927,54,-73.90102,40.83625
2092144,711,CROTONA PARK NORTH,10457,206,Bronx,2948,24,-73.89352,40.84215
2092163,1270,INTERVALE AVENUE,10459,203,Bronx,2974,44,-73.89343,40.8297
2092165,1285,HOE AVENUE,10459,203,Bronx,2980,54,-73.8909,40.83076
2092237,2376,HOFFMAN STREET,10458,206,Bronx,3065,31,-73.88868,40.85532
2092249,617,EAST  179 STREET,10457,206,Bronx,3069,102,-73.89162,40.84788
2092324,2144,PROSPECT AVENUE,10457,206,Bronx,3110,43,-73.88519,40.8483
2092396,2407,VALENTINE AVENUE,10458,205,Bronx,3152,18,-73.89723,40.8598
2092422,2411,GRAND AVENUE,10468,207,Bronx,3212,78,-73.90401,40.86225
2092468,3011,HEATH AVENUE,10463,208,Bronx,3260,64,-73.90305,40.87641
2092469,3021,HEATH AVE,10463,208,Bronx,3260,64,-73.90305,40.87641
2092506,225 REAR,EAST  203 STREET,10458,207,Bronx,3309,135,-73.88563,40.87408
2092513,2721,MORRIS AVENUE,10468,207,Bronx,3317,43,-73.89568,40.86834
2092523,3155,VILLA AVE,10468,207,Bronx,3322,47,-73.88748,40.87588
2092620,512,SOUNDVIEW AVENUE,10473,209,Bronx,3524,17,-73.86008,40.81603
2092821,1139,NOBLE AVENUE,10472,209,Bronx,3749,60,-73.86978,40.82859
2092863,2164,POWELL AVENUE,10462,209,Bronx,3810,80,-73.85139,40.83094
2092896,1331,BEACH AVENUE,10472,209,Bronx,3876,61,-73.86702,40.83384
2092898,1319,BEACH AVENUE,10472,209,Bronx,3876,66,-73.86695,40.8335
2092917,367,BRONX PARK AVENUE,10460,206,Bronx,3906,82,-73.8763,40.83931
2093104,2593,ST RAYMOND AVENUE,10461,210,Bronx,4077,52,-73.84555,40.84326
2093112,2601,PONTON AVENUE,10461,210,Bronx,4073,1,-73.84349,40.84213
2093188,1509,RHINELANDER AVENUE,10461,211,Bronx,4222,111,-73.84341,40.85629
2093291,2100,WALLACE AVE,10462,211,Bronx,4292,14,-73.86438,40.85338
2093456,600,BRITTON STREET,10467,211,Bronx,4506,1,-73.86975,40.86602
2093458,2801,BARKER AVENUE,10467,211,Bronx,4506,40,-73.8698,40.86726
2093459,2818,BRONX PARK EAST,10467,211,Bronx,4506,40,-73.8698,40.86726
2093463,2859,BARKER AVENUE,10467,211,Bronx,4506,40,-73.8698,40.86726
2093474,2753,TENBROECK AVENUE,10469,211,Bronx,4523,37,-73.85313,40.86699
2093477,2922,BARNES AVENUE,10467,211,Bronx,4550,12,-73.86296,40.86856
2093557,763,EAST  217 STREET,10467,212,Bronx,4665,15,-73.86118,40.88165
2093566,710,EAST  219 STREET,10467,212,Bronx,4666,52,-73.86245,40.88322
2093703,811,EAST  225 STREET,10466,212,Bronx,4850,36,-73.85699,40.88695
2093766,955,EAST  233 STREET,10466,212,Bronx,4975,6,-73.84978,40.89127
2093770,662,EAST  236 STREET,10466,212,Bronx,4996,72,-73.85759,40.89579
2093819,4641,WHITE PLAINS ROAD,10470,212,Bronx,5083,41,-73.85107,40.90316
2093820,4643,WHITEPLAINS ROAD,10470,212,Bronx,5083,41,-73.85107,40.90316
2094188,866,EAST 221 STREET,10467,212,Bronx,4679,73,-73.85692,40.88311
2094515,221,EAST TREMONT AVENUE,10457,205,Bronx,2809,53,-73.90482,40.84928
2094641,2001,ARTHUR AVENUE,10457,206,Bronx,3068,33,-73.89295,40.84762
2095108,1315,EAST  222 STREET,10469,212,Bronx,4888,9,-73.84389,40.87969
2095420,2179,NEW ENGLAND THRUWAY,10475,212,Bronx,5263,420,-73.83131,40.88158
2095483,1370,ZEREGA AVENUE,10462,210,Bronx,3846,201,-73.84617,40.83665
2096530,789,ST ANNS AVENUE,10456,201,Bronx,2360,7501,-73.91094,40.82038
2096818,858A,LELAND AVENUE,10473,209,Bronx,3643,7501,-73.86096,40.8226
2096828,855A,UNDERHILL AVENUE,10473,209,Bronx,3643,7502,-73.86072,40.82294
2096834,843A,UNDERHILL AVENUE,10473,209,Bronx,3643,7502,-73.86072,40.82294
2096953,1617,FOWLER AVENUE,10462,211,Bronx,4091,28,-73.85681,40.84415
2097932,1219,WOODYCREST AVENUE,10452,204,Bronx,2515,143,-73.92451,40.83753
2098340,1181,SHERMAN AVENUE,10456,204,Bronx,2456,240,-73.91653,40.83324
2099296,2668,MILES AVENUE,10465,210,Bronx,5598,7501,-73.82504,40.81556
2099679,507,TINTON AVENUE,10455,201,Bronx,2581,140,-73.90701,40.81162
2099686,513,TINTON AVENUE,10455,201,Bronx,2581,138,-73.90695,40.81178
2099975,2262,WALTON AVENUE,10453,205,Bronx,3182,19,-73.90275,40.85793
2100006,1180,EAST  178 STREET,10460,206,Bronx,3908,18,-73.87483,40.83897
2100039,721,CRANFORD AVENUE,10470,212,Bronx,5112,14,-73.84928,40.90357
2100100,2114,MOHEGAN AVENUE,10460,206,Bronx,3124,1,-73.88261,40.84564
2100323,590,EAST  165 STREET,10456,203,Bronx,2622,114,-73.90651,40.82542
2100358,3417,WICKHAM AVENUE,10469,212,Bronx,4730,20,-73.84231,40.87816
2100549,980,FOX STREET,10459,202,Bronx,2724,216,-73.89359,40.8223
2100759,1357,SOUTHERN BOULEVARD,10459,203,Bronx,2976,82,-73.8912,40.83228
2100800,975,CAULDWELL AVENUE,10456,203,Bronx,2622,119,-73.90636,40.82526
2100827,327,EAST  159 STREET,10451,203,Bronx,2419,120,-73.91643,40.82364
2101200,729,EAST  182 STREET,10457,206,Bronx,3099,112,-73.88558,40.85009
2101202,725,EAST  182 STREET,10457,206,Bronx,3099,114,-73.8857,40.85017
2101295,718,GARDEN STREET,10457,206,Bronx,3099,124,-73.88528,40.85027
2101453,952,EAST  181 STREET,10460,206,Bronx,3128,125,-73.88017,40.84459
2101635,1661,NELSON AVENUE,10453,205,Bronx,2876,217,-73.91833,40.8475
2101992,1238,HOE AVENUE,10459,203,Bronx,2986,119,-73.89058,40.83001
2102263,1439,VYSE AVENUE,10459,203,Bronx,2987,137,-73.88953,40.83134
2102267,1447,VYSE AVENUE,10459,203,Bronx,2987,132,-73.88937,40.83159
2102296,1811,HUNT AVENUE,10462,211,Bronx,4050,71,-73.8656,40.84578
2102389,944,JENNINGS STREET,10460,203,Bronx,2987,25,-73.8895,40.83176
2102497,280,DAVIS AVENUE,10465,210,Bronx,5598,38,-73.82549,40.81555
2102750,813,ELTON AVENUE,10451,201,Bronx,2380,119,-73.9133,40.82219
2102809,1817,HUNT AVENUE,10462,211,Bronx,4050,67,-73.86566,40.84596
2103148,2936,GRACE AVENUE,10469,212,Bronx,4797,64,-73.83524,40.87122
2103151,2930,GRACE AVENUE,10469,212,Bronx,4797,58,-73.83514,40.87102
2103335,2406,WESTCHESTER AVENUE,10461,210,Bronx,3846,4,-73.8462,40.83678
2103409,1260,GRANT AVENUE,10456,204,Bronx,2450,113,-73.91422,40.83436
2103456,1146,HAVEMEYER AVENUE,10462,209,Bronx,3828,10,-73.84747,40.83146
2103464,3222,YATES AVENUE,10469,211,Bronx,4615,18,-73.85428,40.87206
2103617,574,EAST  170 STREET,10456,203,Bronx,2931,140,-73.90171,40.8344
2103808,2454,HOFFMAN STREET,10458,206,Bronx,3066,35,-73.88718,40.85704
2103865,792,ELSMERE PLACE,10460,206,Bronx,2955,18,-73.88869,40.84311
2103878,643,THIERIOT AVENUE,10473,209,Bronx,3559,60,-73.86166,40.81852
2103911,1116,CALHOUN AVENUE,10465,210,Bronx,5306,47,-73.82996,40.83266
2109528,674,EAST  222 STREET,10467,212,Bronx,4656,128,-73.86274,40.88577
2109538,2159,BELMONT AVENUE,10457,206,Bronx,3082,45,-73.88894,40.85036
2109540,2175,CLINTON AVENUE,10457,206,Bronx,3098,127,-73.88613,40.84996
2109545,2546,COLDEN AVENUE,10469,211,Bronx,4447,120,-73.85937,40.86426
2109549,3297,BRONXWOOD AVENUE,10469,212,Bronx,4607,44,-73.86174,40.87309
2109554,821,EAST  228 STREET,10466,212,Bronx,4853,38,-73.85548,40.88895
2109555,1277,EAST  222 STREET,10469,212,Bronx,4897,3,-73.84481,40.88008
2111008,2315,BARNES AVENUE,10467,211,Bronx,4352,10,-73.86417,40.8603
2111356,745,EAST  216 STREET,10467,212,Bronx,4664,27,-73.86222,40.88115
2112732,412,EAST  187 STREET,10458,206,Bronx,3031,145,-73.89353,40.85835
2112746,1982,MARMION AVENUE,10460,206,Bronx,3117,107,-73.8861,40.84377
2112747,1980,MARMION AVENUE,10460,206,Bronx,3117,106,-73.88613,40.84372
2112749,1986,MARMION AVENUE,10460,206,Bronx,3117,109,-73.88604,40.84386
2112799,3235,PHILIP AVENUE,10465,210,Bronx,5477,136,-73.81709,40.83135
2112831,1356,DR M L KING JR BOULEVARD,10452,204,Bronx,2532,123,-73.92623,40.84188
2112841,187,ST GEORGE'S CRESCENT,10458,207,Bronx,3313,75,-73.88483,40.87628
2112842,189,ST GEORGE'S CRESCENT,10458,207,Bronx,3313,74,-73.88496,40.87634
2113002,276,EAST  166 STREET,10456,204,Bronx,2437,119,-73.91539,40.83028
2113004,163,WEST  161 STREET,10452,204,Bronx,2524,102,-73.93127,40.83094
2113025,644B,MANIDA STREET,10474,202,Bronx,2765,305,-73.88776,40.81319
2113108,1001,DR M L KING JR BOULEVARD,10452,204,Bronx,2527,1,-73.93099,40.83381
2113110,1103,FRANKLIN AVENUE,10456,203,Bronx,2608,22,-73.90662,40.82784
2113113,600,CONCORD AVENUE,10455,201,Bronx,2642,70,-73.90746,40.81412
2113153,1500,VYSE AVENUE,10460,203,Bronx,2995,120,-73.88789,40.83302
2113173,2541A,GRAND AVENUE,10468,207,Bronx,3214,141,-73.90115,40.86602
2113176,2543B,GRAND AVENUE,10468,207,Bronx,3214,138,-73.90105,40.86616
2113261,1358,DR M L KING JR BOULEVARD,10452,204,Bronx,2532,124,-73.92619,40.84194
2113321,502,EAST  184 STREET,10458,206,Bronx,3053,119,-73.89184,40.85531
2113354,941,HOE AVENUE,10459,202,Bronx,2742,7501,-73.89069,40.82225
2113382,772,EAST  168 STREET,10456,203,Bronx,2662,19,-73.90076,40.82897
2113402,617,COSTER STREET,10474,202,Bronx,2765,353,-73.88725,40.81268
2113412,592,EAST  178 STREET,10457,206,Bronx,3068,145,-73.89328,40.84694
2113443,3148,WESTCHESTER AVENUE,10461,210,Bronx,4237,5,-73.82983,40.85077
2113450,852,EAST  221 STREET,10467,212,Bronx,4679,166,-73.8574,40.88327
2113550,877,UNION AVENUE,10459,203,Bronx,2668,47,-73.90272,40.8211
2113557,1356,LYMAN PLACE,10459,203,Bronx,2970,146,-73.89621,40.82945
2113605,1240,WASHINGTON AVENUE,10456,203,Bronx,2373,6,-73.90624,40.83184
2113657,3218,COLDEN AVENUE,10469,212,Bronx,4610,117,-73.85913,40.87195
2113663,724,EAST  217 STREET,10467,212,Bronx,4664,7501,-73.86273,40.88165
2113703,2936,BAISLEY AVENUE,10461,210,Bronx,5312,58,-73.82833,40.83578
2113770,182,WEST  168 STREET,10452,204,Bronx,2528,60,-73.92739,40.8385
2113790,783,GARDEN STREET,10460,206,Bronx,3100,11,-73.88361,40.84978
2113798,2016,HONEYWELL AVENUE,10460,206,Bronx,3122,6,-73.88349,40.84331
2113803,163,WEST  195 STREET,10468,208,Bronx,3249,181,-73.9024,40.87069
2113815,1908,LACOMBE AVENUE,10473,209,Bronx,3500,46,-73.8573,40.81535
2113848,3632,OLINVILLE AVENUE,10467,212,Bronx,4646,21,-73.86658,40.88062
2113922,1002,COLLEGE AVENUE,10456,204,Bronx,2432,134,-73.91554,40.82874
2113930,722,EAST  217 STREET,10467,212,Bronx,4664,7501,-73.86273,40.88165
2113970,2051,HERMANY AVENUE,10473,209,Bronx,3680,54,-73.85351,40.8244
2113979,1825,PILGRIM AVENUE,10461,210,Bronx,4192,145,-73.83353,40.84809
2114034,728,EAST  221 STREET,10467,212,Bronx,4668,7501,-73.86092,40.88435
2114043,827,EAST  222 STREET,10467,212,Bronx,4847,22,-73.85764,40.8847
2114049,721,EAST  216 STREET,10467,212,Bronx,4664,38,-73.8629,40.88136
2114067,1002,BOYNTON AVENUE,10472,209,Bronx,3715,4,-73.87697,40.82415
2114071,1007,WARD AVENUE,10472,209,Bronx,3715,64,-73.87649,40.8243
2114078,1549,BRUCKNER BOULEVARD,10472,209,Bronx,3715,71,-73.87683,40.82419
2114112,1491,MACOMBS ROAD,10452,204,Bronx,2872,320,-73.9183,40.84327
2114118,2087,CRESTON AVENUE,10453,205,Bronx,3169,45,-73.90404,40.85399
2114120,1520,BRUCKNER BOULEVARD,10473,209,Bronx,3651,39,-73.87824,40.82335
2114129,110,CORP J FISHER PLACE,10452,204,Bronx,2519,1,-73.92331,40.84006
2114159,1210,COLLEGE AVENUE,10456,204,Bronx,2435,109,-73.91304,40.83282
2114178,983,BOSTON ROAD,10456,203,Bronx,2607,3,-73.90791,40.82541
2114195,875,CAULDWELL AVENUE,10456,203,Bronx,2627,55,-73.90765,40.82215
2114200,1176,FOREST AVENUE,10456,203,Bronx,2662,8,-73.90141,40.82893
2114216,934,EAST  165 STREET,10459,202,Bronx,2704,27,-73.89606,40.8237
2114219,1313,SENECA AVENUE,10474,202,Bronx,2761,112,-73.887,40.81918
2114244,800,FREEMAN STREET,10459,203,Bronx,2968,101,-73.8982,40.83008
2114259,2378,HOFFMAN STREET,10458,206,Bronx,3065,32,-73.88863,40.85538
2114345,2037B,WESTCHESTER AVENUE,10462,209,Bronx,3932,23,-73.85645,40.83397
2114363,3043A,WILSON AVENUE,10469,211,Bronx,4588,136,-73.84924,40.87082
2114368,689,EAST  219 STREET,10467,212,Bronx,4654,158,-73.86316,40.88393
2114372,869,EAST  217 STREET,10467,212,Bronx,4676,5,-73.85819,40.8807
2114452,31,WEST TREMONT AVENUE,10453,205,Bronx,2869,171,-73.91183,40.85178
2114463,877,ELSMERE PLACE,10460,206,Bronx,2960,147,-73.88634,40.84243
2114473,2503,FRISBY AVENUE,10461,210,Bronx,3985,43,-73.84651,40.84004
2114504,3335,HULL AVENUE,10467,207,Bronx,3348,166,-73.87415,40.87765
2114548,1164,UNION AVENUE,10459,203,Bronx,2681,102,-73.89942,40.82793
2114652,839,FREEMAN STREET,10459,203,Bronx,2971,52,-73.89633,40.83066
2114653,2333,PROSPECT AVENUE,10458,206,Bronx,3102,47,-73.88359,40.85255
2114655,505,TAYLOR AVENUE,10473,209,Bronx,3522,72,-73.86185,40.81534
2114738,700,PUGSLEY AVENUE,10473,209,Bronx,3607,17,-73.85439,40.82047
2114761,1550,PARKER STREET,10462,210,Bronx,3972,41,-73.84994,40.83836
2114781,752,EAST  214 STREET,10467,212,Bronx,4661,155,-73.86302,40.8791
2114782,754,EAST  214 STREET,10467,212,Bronx,4661,156,-73.86295,40.87909
2114783,756,EAST  214 STREET,10467,212,Bronx,4661,157,-73.86288,40.87907
2114901,3713,PAULDING AVENUE,10469,212,Bronx,4687,65,-73.85561,40.87946
2114909,4008,BARNES AVENUE,10466,212,Bronx,4851,141,-73.85674,40.88787
2114922,814,BRYANT AVENUE,10474,202,Bronx,2762,132,-73.88601,40.81749
2114931,838,BRYANT AVENUE,10474,202,Bronx,2762,453,-73.88618,40.81813
2114932,793,JENNINGS STREET,10459,203,Bronx,2963,46,-73.89611,40.83224
2114934,789,JENNINGS STREET,10459,203,Bronx,2963,147,-73.89625,40.83217
2114959,1739,MANSION STREET,10460,209,Bronx,3913,51,-73.87021,40.8381
2114972,443,EAST  186 STREET,10458,206,Bronx,3040,3,-73.89259,40.85761
2114985,580,EAST  166 STREET,10456,203,Bronx,2607,58,-73.9057,40.82742
2115018,1053,SUMMIT AVENUE,10452,204,Bronx,2523,139,-73.92978,40.83442
2115019,1051,SUMMIT AVENUE,10452,204,Bronx,2523,139,-73.92978,40.83442
2115020,1049,SUMMIT AVENUE,10452,204,Bronx,2523,141,-73.92985,40.8343
2115021,1047,SUMMIT AVENUE,10452,204,Bronx,2523,141,-73.92985,40.8343
2115057,2353,WASHINGTON AVENUE,10458,206,Bronx,3039,161,-73.89226,40.85665
2115074,2090,CROTONA PARKWAY,10460,206,Bronx,3118,156,-73.88413,40.84541
2115154,678,EAST  221 STREET,10467,212,Bronx,4655,38,-73.86295,40.88503
2115180,1007,ELDER AVENUE,10472,209,Bronx,3713,65,-73.87837,40.82406
2115181,1009,ELDER AVENUE,10472,209,Bronx,3713,64,-73.87839,40.82411
2115193,3756,BARNES AVENUE,10467,212,Bronx,4677,39,-73.85994,40.88211
2115259,1081,GERARD AVENUE,10452,204,Bronx,2487,30,-73.92227,40.83303
2115295,1321A,COLLEGE AVENUE,10456,204,Bronx,2785,66,-73.91187,40.83582
2115300,2460,BELMONT AVENUE,10458,206,Bronx,3075,134,-73.88493,40.85597
2115301,2462,BELMONT AVENUE,10458,206,Bronx,3075,135,-73.88488,40.85603
2115304,2468,BELMONT AVENUE,10458,206,Bronx,3075,138,-73.88471,40.85623
2115324,1337,LELAND AVENUE,10472,209,Bronx,3879,35,-73.86414,40.83377
2115538,3410,WRIGHT AVENUE,10475,212,Bronx,5263,246,-73.83314,40.88106
2115547,4501,BRONX BOULEVARD,10470,212,Bronx,5074,1,-73.85658,40.90175
2115558,1653,GARFIELD STREET,10460,211,Bronx,4024,14,-73.86767,40.84185
2115592,2386,HOFFMAN STREET,10458,206,Bronx,3065,36,-73.88844,40.85561
2115685,648,CONCORD AVENUE,10455,201,Bronx,2643,166,-73.90697,40.81567
2115689,3548,ELY AVENUE,10466,212,Bronx,4892,25,-73.84185,40.882
2115738,1411,BRYANT AVENUE,10459,203,Bronx,2994,44,-73.88911,40.8303
2115758,1385,CLINTON AVENUE,10456,203,Bronx,2935,20,-73.89946,40.83363
2115862,724,UNION AVENUE,10455,201,Bronx,2675,43,-73.90347,40.8171
2115864,916,PROSPECT AVENUE,10459,202,Bronx,2690,63,-73.90029,40.82168
2115877,643,FAILE STREET,10474,202,Bronx,2766,15,-73.88653,40.81355
2115905,862,EAST  175 STREET,10460,206,Bronx,2957,31,-73.8889,40.83992
2115990,871,EAST  179 STREET,10460,206,Bronx,3123,77,-73.88382,40.84434
2116009,19,EAST  184 STREET,10468,205,Bronx,3188,90,-73.90166,40.86047
2116146,2483,CAMBRELENG AVENUE,10458,206,Bronx,3091,35,-73.88366,40.85697
2116147,2546A,WHITE PLAINS ROAD,10467,211,Bronx,4433,25,-73.86703,40.86462
2116148,2544A,WHITE PLAINS ROAD,10467,211,Bronx,4433,24,-73.86703,40.86455
2116150,2542,WHITE PLAINS ROAD,10467,211,Bronx,4433,123,-73.86703,40.86448
2116215,311,EAST  163 STREET,10451,204,Bronx,2423,153,-73.91587,40.82693
2116235,2464,HOFFMAN STREET,10458,206,Bronx,3066,38,-73.88701,40.85725
2116250,1864,GUERLAIN STREET,10460,209,Bronx,3923,4,-73.86451,40.8397
2116281,2405,BARKER AVENUE,10467,211,Bronx,4424,58,-73.86959,40.86156
2116288,800,EAST  215 STREET,10467,212,Bronx,4673,50,-73.86133,40.87967
2116292,806,EAST  216 STREET,10467,212,Bronx,4674,154,-73.86086,40.88032
2116306,4442,RICHARDSON AVENUE,10470,212,Bronx,5069,16,-73.85426,40.89983
2116348,2463,HUGHES AVENUE,10458,206,Bronx,3077,50,-73.88591,40.85669
2116349,2490,BELMONT AVENUE,10458,206,Bronx,3091,5,-73.88414,40.85692
2116350,2481,HUGHES AVENUE,10458,206,Bronx,3077,45,-73.88564,40.857
2116492,202,KEARNEY AVENUE,10465,210,Bronx,5501,7501,-73.81127,40.81751
2116564,1743,DAVIDSON AVENUE,10453,205,Bronx,2867,36,-73.91325,40.84835
2116566,1739,DAVIDSON AVENUE,10453,205,Bronx,2867,37,-73.91336,40.84821
2116594,2600,GRAND AVENUE,10468,207,Bronx,3205,5,-73.9001,40.86657
2116616,15,EAST  204 STREET,10468,207,Bronx,3322,57,-73.88774,40.87532
2116635,1001,FINDLAY AVENUE,10456,204,Bronx,2432,88,-73.91497,40.82859
2116648,507,EAST  161 STREET,10451,203,Bronx,2366,37,-73.90952,40.82316
2116880,1221,MORRISON AVENUE,10472,209,Bronx,3777,162,-73.87506,40.83015
2117002,3452,CORSA AVENUE,10469,212,Bronx,4722,12,-73.84743,40.87794
2117008,3486,CORSA AVENUE,10469,212,Bronx,4722,12,-73.84743,40.87794
2117009,3457,EASTCHESTER ROAD,10469,212,Bronx,4722,12,-73.84743,40.87794
2117022,3486,FENTON AVENUE,10469,212,Bronx,4721,17,-73.84832,40.87768
2117023,3437,CORSA AVENUE,10469,212,Bronx,4721,17,-73.84832,40.87768
2117029,3469,CORSA AVENUE,10469,212,Bronx,4721,17,-73.84832,40.87768
2117033,3481,FENTON AVENUE,10469,212,Bronx,4720,1,-73.84946,40.87791
2117065,3463,SEYMOUR AVENUE,10469,212,Bronx,4713,1,-73.85007,40.8772
2117073,3435,FISH AVENUE,10469,212,Bronx,4712,1,-73.85101,40.87685
2117074,3439,FISH AVENUE,10469,212,Bronx,4712,1,-73.85101,40.87685
2117078,3455,FISH AVENUE,10469,212,Bronx,4712,1,-73.85101,40.87685
2117111,86,BRUCKNER BOULEVARD,10454,201,Bronx,2295,7501,-73.92578,40.80575
2117112,331,EAST  132 STREET,10454,201,Bronx,2295,7501,-73.92635,40.80564
2117186,1680,BRUCKNER BOULEVARD,10473,209,Bronx,3660,51,-73.87025,40.82426
2117187,1685,BANYER PLACE,10473,209,Bronx,3660,53,-73.87014,40.82427
2117188,1687,BANYER PLACE,10473,209,Bronx,3660,54,-73.87,40.82429
2117190,1695,BANYER PLACE,10473,209,Bronx,3660,59,-73.86973,40.82433
2117255,959,TELLER AVENUE,10456,204,Bronx,2423,181,-73.91543,40.82689
2117268,2116,BOGART AVENUE,10462,211,Bronx,4325,38,-73.86086,40.85434
2117350,3029,HONE AVENUE,10469,212,Bronx,4577,41,-73.85786,40.87037
2117406,430,EAST  154 STREET,10455,201,Bronx,2375,18,-73.91512,40.81903
2117623,712,EAST  214 STREET,10467,212,Bronx,4661,12,-73.86432,40.87946
2117654,2269,BATHGATE AVENUE,10457,206,Bronx,3050,70,-73.89251,40.85437
2117690,2755,KINGSBRIDGE TERRACE,10463,208,Bronx,3256,98,-73.90353,40.87254
2117807,2311,TIEBOUT AVENUE,10458,205,Bronx,3146,67,-73.89727,40.85708
2118180,2258,BRONX PARK EAST,10467,211,Bronx,4337,23,-73.87068,40.85875
2118245,2381,BELMONT AVENUE,10458,206,Bronx,3074,30,-73.88673,40.85455
2118364,2307,CROTONA AVENUE,10458,206,Bronx,3103,56,-73.8847,40.85239
2118373,850,HOME STREET,10459,202,Bronx,2693,7501,-73.89795,40.82781
2118523,2913B,CRUGER AVENUE,10467,211,Bronx,4546,75,-73.86649,40.8684
2119005,1646,ANDREWS AVENUE SOUTH,10453,205,Bronx,2878,79,-73.91926,40.84809
2119088,280,EAST  171 STREET,10457,204,Bronx,2786,16,-73.91042,40.83874
2120088,2132,MAPES AVENUE,10460,206,Bronx,3111,39,-73.88436,40.84748
2120179,1189,GRANT AVENUE,10456,204,Bronx,2452,64,-73.91546,40.8333
2120287,840,MORRIS PARK AVENUE,10462,211,Bronx,4046,7,-73.86105,40.84599
2120521,1387,CLINTON AVENUE,10456,203,Bronx,2935,19,-73.89942,40.83369
2120531,1210,HOE AVENUE,10459,203,Bronx,2986,7,-73.89059,40.82919
2121204,781,EAST  211 STREET,10467,212,Bronx,4660,72,-73.86247,40.87776
2121568,3810,BARNES AVENUE,10467,212,Bronx,4678,140,-73.85947,40.88295
2122274,1052,EAST  223 STREET,10466,212,Bronx,4869,65,-73.85107,40.88292
2122516,843,EAST  218 STREET,10467,212,Bronx,4677,17,-73.85874,40.88169
2123697,424,LELAND AVENUE,10473,209,Bronx,3498,26,-73.859,40.81411
2124405,937,SUMMIT AVENUE,10452,204,Bronx,2523,66,-73.93117,40.83202
2124406,935,SUMMIT AVENUE,10452,204,Bronx,2523,67,-73.93119,40.83195
2124478,1219,GILBERT PLACE,10474,202,Bronx,2762,61,-73.88777,40.81811
2124483,933,SUMMIT AVENUE,10452,204,Bronx,2523,68,-73.93123,40.83189
2124485,1972,BATHGATE AVENUE,10457,206,Bronx,3044,54,-73.89604,40.84837
2124785,2296,BELMONT AVENUE,10457,206,Bronx,3088,157,-73.88692,40.85273
2125103,6683 B,BROADWAY,10471,208,Bronx,5888,1552,-73.89706,40.91105
2126615,611,EAST  161 STREET,10456,203,Bronx,2627,1,-73.90812,40.82222
2127046,989,OGDEN AVENUE,10452,204,Bronx,2524,56,-73.92982,40.83269
2127594,499,EAST  188 STREET,10458,206,Bronx,3058,41,-73.88961,40.85844
2127635,1963,PROSPECT AVENUE,10457,206,Bronx,3093,47,-73.88901,40.84483
2127644,2305,CROTONA AVENUE,10458,206,Bronx,3103,57,-73.88473,40.85233
2128060,716,EAST  234 STREET,10466,212,Bronx,4997,69,-73.85638,40.89372
2128205,1032,REV JAMES POLITE AVENUE,10459,202,Bronx,2691,47,-73.89857,40.82433
2128435,1938,BLACKROCK AVENUE,10472,209,Bronx,3788,14,-73.85846,40.82774
2128502,969,EAST  165 STREET,10459,202,Bronx,2717,67,-73.89442,40.82417
2128628,1191,EAST  214 STREET,10469,212,Bronx,4709,1,-73.85184,40.87647
2128697,1417,LONGFELLOW AVENUE,10459,203,Bronx,2999,42,-73.88822,40.83006
2128744,3221,PEARSALL AVENUE,10469,211,Bronx,4617,55,-73.85204,40.87181
2129269,1752,MONROE AVENUE,10457,205,Bronx,2798,14,-73.90631,40.84559
2129389,1621,MELVILLE STREET,10460,211,Bronx,4022,118,-73.86884,40.84077
2129411,819,EAST  218 STREET,10467,212,Bronx,4677,30,-73.85949,40.88193
2129680,968,ROGERS PLACE,10459,202,Bronx,2699,19,-73.89758,40.82309
2129706,1211,NELSON AVENUE,10452,204,Bronx,2516,7501,-73.92536,40.83815
2129708,1215,NELSON AVENUE,10452,204,Bronx,2516,7501,-73.92536,40.83815
2129710,1219,NELSON AVENUE,10452,204,Bronx,2516,7501,-73.92536,40.83815
2129711,1221,NELSON AVENUE,10452,204,Bronx,2516,7501,-73.92536,40.83815
2130374,1804,PALISADE PLACE,10453,205,Bronx,2877,547,-73.91808,40.85207
2130520,845,SOUTHERN BOULEVARD,10459,202,Bronx,2722,121,-73.89509,40.81784
2130547,22,EAST  212 STREET,10467,207,Bronx,3328,35,-73.87942,40.88403
2130588,1000,WOODYCREST AVENUE,10452,204,Bronx,2508,1,-73.92776,40.83251
2131138,353,BEEKMAN AVENUE,10454,201,Bronx,2555,143,-73.9139,40.80922
2821233,4641A,WHITE PLAINS ROAD,10470,212,Bronx,5083,41,-73.85104,40.90268
3000834,302,ATLANTIC AVENUE,11201,302,Brooklyn,182,6,-73.98888,40.68822
3000845,334,ATLANTIC AVENUE,11201,302,Brooklyn,182,21,-73.98775,40.68779
3000988,483,PACIFIC STREET,11217,302,Brooklyn,185,41,-73.98181,40.68517
3001420,247,BERGEN STREET,11217,302,Brooklyn,197,1,-73.98371,40.6842
3001698,76,HENRY STREET,11201,302,Brooklyn,226,23,-73.99268,40.69861
3001900,5,MONROE PLACE,11201,302,Brooklyn,237,45,-73.99254,40.69706
3001997,102,PIERREPONT STREET,11201,302,Brooklyn,243,34,-73.99352,40.69511
3002077,128,MONTAGUE STREET,11201,302,Brooklyn,249,25,-73.99427,40.69455
3002079,132,MONTAGUE STREET,11201,302,Brooklyn,249,27,-73.99409,40.6945
3002087,152,MONTAGUE STREET,11201,302,Brooklyn,249,37,-73.99325,40.69426
3002551,54,COURT STREET,11201,302,Brooklyn,265,50,-73.99115,40.69222
3002646,95,COURT STREET,11201,302,Brooklyn,269,23,-73.99136,40.6911
3003103,360,HENRY STREET,11201,306,Brooklyn,295,27,-73.99736,40.68904
3003469,404,HENRY STREET,11201,306,Brooklyn,310,20,-73.99815,40.68736
3003565,165,COLUMBIA STREET,11231,306,Brooklyn,319,11,-74.00179,40.68628
3003574,149,COLUMBIA ST,11231,306,Brooklyn,319,20,-74.0016,40.68674
3003578,143,COLUMBIA STREET,11231,306,Brooklyn,319,25,-74.00147,40.68693
3003705,126,KANE STREET,11231,306,Brooklyn,321,37,-73.99937,40.68689
3003896,13,STRONG PLACE,11231,306,Brooklyn,324,21,-73.9972,40.68584
3004486,522A,HENRY STREET,11231,306,Brooklyn,343,25,-74.00007,40.68333
3004772,420,CLINTON STREET,11231,306,Brooklyn,350,24,-73.9985,40.68226
3004775,426,CLINTON STREET,11231,306,Brooklyn,350,28,-73.9986,40.68206
3004802,230,PRESIDENT STREET,11231,306,Brooklyn,351,7,-73.99802,40.68205
3005145,74,   1 PLACE,11231,306,Brooklyn,361,15,-73.99805,40.68032
3005481,105,LUQUER STREET,11231,306,Brooklyn,373,43,-74.00107,40.67809
3005499,64,   4 PLACE,11231,306,Brooklyn,374,14,-73.99956,40.67797
3005612,561,CLINTON STREET,11231,306,Brooklyn,379,1,-74.00072,40.67641
3005695,150,WEST 9 STREET,11231,306,Brooklyn,382,21,-74.00027,40.67526
3005740,64,BERGEN STREET,11201,302,Brooklyn,384,36,-73.99112,40.68677
3006022,21,ST MARKS PLACE,11217,302,Brooklyn,389,62,-73.98154,40.68268
3006229,481,WARREN STREET,11217,302,Brooklyn,393,43,-73.98513,40.68327
3006301,223,COURT STREET,11201,306,Brooklyn,396,10,-73.99372,40.68626
3006430,372,BALTIC STREET,11201,306,Brooklyn,403,30,-73.99039,40.68404
3006447,83,BUTLER STREET,11231,306,Brooklyn,403,68,-73.99164,40.68417
3006463,213,BUTLER STREET,11217,306,Brooklyn,405,58,-73.98695,40.68238
3006627,160,4 AVENUE,11217,306,Brooklyn,413,42,-73.98197,40.67959
3006750,361,DE GRAW STREET,11231,306,Brooklyn,415,67,-73.99218,40.68282
3007027,284,SMITH STREET,11231,306,Brooklyn,428,33,-73.9938,40.68221
3007203,557,UNION STREET,11215,306,Brooklyn,433,56,-73.98673,40.6791
3007216,359,COURT STREET,11231,306,Brooklyn,435,2,-73.99586,40.6818
3007217,357,COURT STREET,11231,306,Brooklyn,435,3,-73.99583,40.68185
3007956,105,   3 PLACE,11231,306,Brooklyn,463,42,-73.99712,40.67884
3007961,393,SMITH STREET,11231,306,Brooklyn,464,7501,-73.99573,40.67836
3008268,371,COLUMBIA STREET,11231,306,Brooklyn,513,4,-74.00513,40.67933
3008346,60,NELSON STREET,11231,306,Brooklyn,526,15,-74.00361,40.67764
3008350,68,NELSON STREET,11231,306,Brooklyn,526,20,-74.00324,40.67753
3008351,70,NELSON STREET,11231,306,Brooklyn,526,20,-74.00324,40.67753
3008355,694,HENRY STREET,11231,306,Brooklyn,526,30,-74.00301,40.67728
3008383,91,VERONA STREET,11231,306,Brooklyn,530,10,-74.00962,40.67958
3008427,433,COLUMBIA STREET,11231,306,Brooklyn,534,4,-74.0061,40.67736
3008471,722,HENRY STREET,11231,306,Brooklyn,539,21,-74.00346,40.67616
3008798,416,VAN BRUNT STREET,11231,306,Brooklyn,597,26,-74.0147,40.67609
3008945,166,17 STREET,11215,307,Brooklyn,630,27,-73.99414,40.66511
3009465,229,23 STREET,11232,307,Brooklyn,646,50,-73.99477,40.66061
3009466,227,23 STREET,11232,307,Brooklyn,646,51,-73.99484,40.66066
3009467,225,23 STREET,11232,307,Brooklyn,646,52,-73.99491,40.6607
3009674,773,4 AVENUE,11232,307,Brooklyn,658,5,-73.99858,40.65949
3009824,179,29 STREET,11232,307,Brooklyn,665,70,-73.99959,40.65805
3009836,138,29 STREET,11232,307,Brooklyn,668,18,-74.00169,40.65876
3009837,140,29 STREET,11232,307,Brooklyn,668,19,-74.00161,40.65871
3009882,203,30 STREET,11232,307,Brooklyn,669,58,-73.99938,40.65701
3009883,199,30 STREET,11232,307,Brooklyn,669,62,-73.99953,40.6571
3010077,124,32 STREET,11232,307,Brooklyn,680,19,-74.00364,40.65721
3010078,126,32 STREET,11232,307,Brooklyn,680,20,-74.00359,40.65718
3010143,122,33 STREET,11232,307,Brooklyn,684,15,-74.00429,40.65668
3010145,128,  33 STREET,11232,307,Brooklyn,684,17,-74.00415,40.6566
3010190,206,33 STREET,11232,307,Brooklyn,685,25,-74.00143,40.65497
3010464,3914,3 AVENUE,11232,307,Brooklyn,707,42,-74.0089,40.65376
3010493,3914,4 AVENUE,11232,307,Brooklyn,708,41,-74.00679,40.65251
3010546,467,40 STREET,11232,307,Brooklyn,709,47,-74.00482,40.65118
3010590,448,40 STREET,11232,307,Brooklyn,714,23,-74.00579,40.65121
3010594,456,40 STREET,11232,307,Brooklyn,714,31,-74.00543,40.651
3010597,468,40 STREET,11232,307,Brooklyn,714,35,-74.00517,40.65084
3010612,451,41 STREET,11232,307,Brooklyn,714,58,-74.00578,40.65084
3010686,358,41 STREET,11232,307,Brooklyn,718,32,-74.00819,40.65175
3010740,456,41 STREET,11232,307,Brooklyn,719,31,-74.00603,40.65044
3010760,453,42 STREET,11232,307,Brooklyn,719,59,-74.00632,40.65027
3010863,4228,   5 AVENUE,11232,307,Brooklyn,724,46,-74.00637,40.64925
3010944,331,44 STREET,11220,307,Brooklyn,728,62,-74.0102,40.65078
3011031,4324,8 AVENUE,11232,307,Brooklyn,732,49,-74.00034,40.64469
3011084,815,  44 STREET,11220,312,Brooklyn,733,71,-73.99953,40.64434
3011094,4420,   3 AVENUE,11220,307,Brooklyn,736,46,-74.01186,40.65092
3011494,245,46 STREET,11220,307,Brooklyn,745,64,-74.01328,40.65081
3011533,4501,   4 AVENUE,11220,307,Brooklyn,747,9,-74.00945,40.64899
3011547,446,45 STREET,11220,307,Brooklyn,747,24,-74.00864,40.64836
3011855,4606,5 AVENUE,11220,307,Brooklyn,756,39,-74.00838,40.64736
3011953,601,  47 STREET,11220,307,Brooklyn,758,1,-74.00603,40.6454
3011987,668,  46 STREET,11220,307,Brooklyn,758,36,-74.00425,40.64481
3012273,4711,5 AVENUE,11220,307,Brooklyn,766,4,-74.00861,40.64636
3012475,832,47 STREET,11220,312,Brooklyn,769,17,-74.0013,40.64212
3012492,871,  48 STREET,11220,312,Brooklyn,769,47,-74.0007,40.6414
3012638,4803,5 AVENUE,11220,307,Brooklyn,775,8,-74.00907,40.64596
3012640,512,48 STREET,11220,307,Brooklyn,775,11,-74.00896,40.64582
3012675,565,49 STREET,11220,307,Brooklyn,775,59,-74.00793,40.64485
3012676,561,49 STREET,11220,307,Brooklyn,775,60,-74.008,40.64489
3012678,555,49 STREET,11220,307,Brooklyn,775,63,-74.00814,40.64498
3012688,523,49 STREET,11220,307,Brooklyn,775,75,-74.00885,40.6454
3012728,4814,   7 AVENUE,11220,307,Brooklyn,776,41,-74.00532,40.64341
3012796,721,49 STREET,11220,307,Brooklyn,777,71,-74.00456,40.64282
3012912,4905,   4 AVENUE,11220,307,Brooklyn,783,9,-74.01184,40.6467
3012917,426,49 STREET,11220,307,Brooklyn,783,16,-74.01143,40.6464
3012919,434,49 STREET,11220,307,Brooklyn,783,19,-74.01126,40.64631
3012932,4922,5 AVENUE,11220,307,Brooklyn,783,45,-74.01048,40.64534
3012990,567,  50 STREET,11220,307,Brooklyn,784,50,-74.00845,40.64425
3012993,559,50 STREET,11220,307,Brooklyn,784,53,-74.00865,40.64437
3012995,553,50 STREET,11220,307,Brooklyn,784,55,-74.00879,40.64446
3013242,402,50 STREET,11220,307,Brooklyn,791,10,-74.01236,40.6462
3013278,465,51 STREET,11220,307,Brooklyn,791,50,-74.01132,40.64507
3013325,549,51 STREET,11220,307,Brooklyn,792,48,-74.00952,40.64399
3013338,601,51 STREET,11220,307,Brooklyn,793,1,-74.00833,40.64318
3013461,5121,   2 AVENUE,11232,307,Brooklyn,797,2,-74.01772,40.64797
3013469,236,51 STREET,11220,307,Brooklyn,797,20,-74.01675,40.6478
3013472,242,51 STREET,11220,307,Brooklyn,797,23,-74.01652,40.64766
3013508,5114,4 AVENUE,11220,307,Brooklyn,798,40,-74.01379,40.64578
3013571,463,  52 STREET,11220,307,Brooklyn,799,50,-74.01194,40.64453
3013649,513,  52 STREET,11220,307,Brooklyn,800,72,-74.01089,40.6439
3013909,460,  52 STREET,11220,307,Brooklyn,807,34,-74.01237,40.64424
3014078,720,  52 STREET,11220,307,Brooklyn,810,16,-74.00666,40.64079
3014086,746,52 STREET,11220,307,Brooklyn,810,24,-74.00616,40.64049
3014123,735,53 STREET,11220,307,Brooklyn,810,67,-74.00655,40.64038
3014144,228,53 STREET,11220,307,Brooklyn,813,18,-74.01815,40.64682
3014145,230,53 STREET,11220,307,Brooklyn,813,19,-74.01809,40.64678
3014251,452,53 STREET,11220,307,Brooklyn,815,29,-74.01309,40.64376
3014290,5301,5 AVENUE,11220,307,Brooklyn,816,9,-74.01191,40.64318
3014339,517,  54 STREET,11220,307,Brooklyn,816,70,-74.01194,40.64271
3014367,5302,7 AVENUE,11220,307,Brooklyn,817,37,-74.008,40.64082
3014370,5310,7 AVENUE,11220,307,Brooklyn,817,40,-74.00818,40.64066
3014489,232,54 STREET,11220,307,Brooklyn,821,18,-74.01859,40.64617
3014490,234,  54 STREET,11220,307,Brooklyn,821,19,-74.01853,40.64614
3014836,749,55 STREET,11220,307,Brooklyn,826,59,-74.00738,40.63905
3014864,256,55 STREET,11220,307,Brooklyn,829,26,-74.0186,40.64526
3014922,343,56 STREET,11220,307,Brooklyn,830,57,-74.01691,40.64388
3015115,637,  56 STREET,11220,307,Brooklyn,833,62,-74.01044,40.63999
3015122,617,  56 STREET,11220,307,Brooklyn,833,69,-74.01093,40.64029
3015128,5515,7 AVENUE,11220,307,Brooklyn,834,7501,-74.0089,40.63919
3015129,5511,   7 AVENUE,11220,307,Brooklyn,834,5,-74.00883,40.63924
3015232,5624,   3 AVENUE,11220,307,Brooklyn,837,45,-74.01893,40.64406
3015313,5605,4 AVENUE,11220,307,Brooklyn,839,8,-74.01594,40.64276
3015377,5601,5 AVENUE,11220,307,Brooklyn,840,10,-74.01366,40.64151
3015395,560,  56 STREET,11220,307,Brooklyn,840,31,-74.01248,40.64066
3015401,5608,   6 AVENUE,11220,307,Brooklyn,840,40,-74.01207,40.64036
3015438,5605,6 AVENUE,11220,307,Brooklyn,841,9,-74.01151,40.64012
3015451,642,56 STREET,11220,307,Brooklyn,841,24,-74.01069,40.63958
3015630,365,58 STREET,11220,307,Brooklyn,846,46,-74.01756,40.64245
3015633,355,58 STREET,11220,307,Brooklyn,846,51,-74.01778,40.64259
3015650,5719,4 AVENUE,11220,307,Brooklyn,847,2,-74.01678,40.64194
3015654,5701,4 AVENUE,11220,307,Brooklyn,847,8,-74.01646,40.6423
3015655,412,  57 STREET,11220,307,Brooklyn,847,10,-74.01641,40.64212
3015668,442,  57 STREET,11220,307,Brooklyn,847,23,-74.01567,40.64168
3015706,429,58 STREET,11220,307,Brooklyn,847,63,-74.01619,40.64163
3015717,5721,   5 AVENUE,11220,307,Brooklyn,848,2,-74.01459,40.64062
3015719,5709,   5 AVENUE,11220,307,Brooklyn,848,5,-74.01442,40.64078
3015785,5707,6 AVENUE,11220,307,Brooklyn,849,7,-74.01219,40.63951
3015789,610,  57 STREET,11220,307,Brooklyn,849,11,-74.012,40.63947
3015938,364,58 STREET,11220,307,Brooklyn,854,34,-74.01792,40.64212
3016044,5807,   5 AVENUE,11220,307,Brooklyn,856,6,-74.01493,40.64028
3016241,263,  60 STREET,11220,307,Brooklyn,861,52,-74.02097,40.64269
3016249,245,60 STREET,11220,307,Brooklyn,861,60,-74.02142,40.64296
3016526,416,PROSPECT AVENUE,11215,307,Brooklyn,869,37,-73.98445,40.66019
3016584,266,PROSPECT PARK WEST,11215,307,Brooklyn,870,41,-73.98223,40.65865
3016586,270,PROSPECT PARK WEST,11215,307,Brooklyn,870,43,-73.98235,40.65854
3016587,272,PROSPECT PARK WEST,11215,307,Brooklyn,870,44,-73.9824,40.65848
3016602,455,17 STREET,11215,307,Brooklyn,870,62,-73.98338,40.65921
3016612,259,PROSPECT PARK WEST,11215,307,Brooklyn,871,9,-73.98158,40.65855
3017328,596,  19 STREET,11218,307,Brooklyn,890,36,-73.97942,40.65444
3017562,324,21 STREET,11215,307,Brooklyn,898,21,-73.99057,40.65935
3017568,338,21 STREET,11215,307,Brooklyn,898,31,-73.99012,40.65908
3017570,342,  21 STREET,11215,307,Brooklyn,898,33,-73.98997,40.65899
3017770,881,39 STREET,11232,312,Brooklyn,908,145,-73.99512,40.64625
3017772,875,39 STREET,11232,312,Brooklyn,908,147,-73.99526,40.64634
3017784,511,40 STREET,11232,307,Brooklyn,913,1,-74.00415,40.65065
3017807,566,39 STREET,11232,307,Brooklyn,913,29,-74.00246,40.65011
3017836,527,40 STREET,11232,307,Brooklyn,913,61,-74.00353,40.6504
3018009,543,41 STREET,11232,307,Brooklyn,917,54,-74.00376,40.64963
3018067,724,40 STREET,11232,307,Brooklyn,919,15,-73.99962,40.64749
3018078,4002,8 AVENUE,11232,307,Brooklyn,919,34,-73.9982,40.64676
3018095,735,41 STREET,11232,307,Brooklyn,919,55,-73.99949,40.64706
3018120,836,40 STREET,11232,312,Brooklyn,920,19,-73.99707,40.64595
3018135,4022,9 AVENUE,11232,312,Brooklyn,920,45,-73.99642,40.64507
3018165,4103,7 AVENUE,11232,307,Brooklyn,922,8,-74.00053,40.64722
3018301,4222,8 AVENUE,11232,307,Brooklyn,924,44,-73.99973,40.64531
3018581,53,   5 AVENUE,11217,306,Brooklyn,933,6,-73.97695,40.68109
3018662,126,ST MARKS PLACE,11217,306,Brooklyn,934,34,-73.97826,40.68092
3018665,74,5 AVENUE,11217,306,Brooklyn,934,40,-73.97775,40.68076
3018754,35A,PROSPECT PLACE,11217,306,Brooklyn,935,62,-73.97647,40.68003
3018824,661,BALTIC STREET,11217,306,Brooklyn,937,50,-73.97871,40.67998
3019417,48,ST JOHNS PLACE,11217,306,Brooklyn,947,29,-73.97792,40.67766
3019434,158,6 AVENUE,11217,306,Brooklyn,947,47,-73.97713,40.67717
3019529,660,DE GRAW STREET,11217,306,Brooklyn,949,11,-73.98194,40.67847
3019568,713,SACKETT STREET,11217,306,Brooklyn,949,56,-73.98037,40.67742
3019728,691,UNION STREET,11215,306,Brooklyn,952,62,-73.98181,40.6772
3019855,126,BERKELEY PLACE,11217,306,Brooklyn,954,23,-73.97646,40.67541
3020074,647,PRESIDENT STREET,11215,306,Brooklyn,955,51,-73.98122,40.67612
3020229,612,PRESIDENT STREET,11215,306,Brooklyn,958,20,-73.98257,40.67619
3020250,232,   5 AVENUE,11215,306,Brooklyn,958,42,-73.98124,40.67573
3020278,233,5 AVENUE,11215,306,Brooklyn,959,5,-73.9809,40.67533
3020279,231,5 AVENUE,11215,306,Brooklyn,959,7,-73.98085,40.6754
3020547,203,GARFIELD PLACE,11215,306,Brooklyn,963,64,-73.97722,40.67252
3020778,294,5 AVENUE,11215,306,Brooklyn,969,41,-73.98274,40.67385
3020888,317,4 AVENUE,11215,306,Brooklyn,974,3,-73.98523,40.67404
3020889,315,4 AVENUE,11215,306,Brooklyn,974,5,-73.98517,40.6741
3021076,392,3 STREET,11215,306,Brooklyn,982,7503,-73.98254,40.67212
3021385,369,5 AVENUE,11215,306,Brooklyn,988,4,-73.98431,40.67112
3021606,400,5 AVENUE,11215,306,Brooklyn,993,41,-73.9854,40.67065
3021631,401,5 AVENUE,11215,306,Brooklyn,994,1,-73.985,40.67036
3021690,379,7 STREET,11215,306,Brooklyn,994,61,-73.98366,40.66985
3022975,307,12 STREET,11215,306,Brooklyn,1023,69,-73.98671,40.6671
3023056,349,12 STREET,11215,306,Brooklyn,1024,84,-73.98508,40.66628
3023362,520,4 AVENUE,11215,306,Brooklyn,1033,39,-73.99129,40.66779
3023415,239,14 STREET,11215,306,Brooklyn,1034,47,-73.98912,40.66657
3023496,263,  14 STREET,11215,306,Brooklyn,1035,77,-73.98817,40.66612
3023523,374,13 STREET,11215,306,Brooklyn,1036,33,-73.98454,40.66469
3023701,280,14 STREET,11215,306,Brooklyn,1042,18,-73.98809,40.66556
3023819,60,15 STREET,11215,307,Brooklyn,1045,28,-73.99496,40.66804
3023820,62,  15 STREET,11215,307,Brooklyn,1045,29,-73.9949,40.66801
3023966,270,15 STREET,11215,307,Brooklyn,1048,32,-73.98769,40.66452
3024052,456,   7 AVENUE,11215,307,Brooklyn,1049,149,-73.98512,40.66302
3024163,199,PROSPECT AVENUE,11215,307,Brooklyn,1052,79,-73.99189,40.66522
3024206,582,   6 AVENUE,11215,307,Brooklyn,1053,59,-73.98819,40.66334
3024447,230,ST JOHNS PLACE,11217,306,Brooklyn,1059,32,-73.97251,40.67557
3024860,133,   7 AVENUE,11215,306,Brooklyn,1069,12,-73.97624,40.67286
3024939,121,8 AVENUE,11215,306,Brooklyn,1072,6,-73.97359,40.672
3025119,278,GARFIELD PLACE,11215,306,Brooklyn,1075,12,-73.97436,40.67076
3025524,420,   8 AVENUE,11215,306,Brooklyn,1082,7502,-73.9774,40.66843
3025919,317,7 AVENUE,11215,306,Brooklyn,1090,74,-73.98125,40.66704
3026021,920,   8 AVENUE,11215,306,Brooklyn,1092,41,-73.97987,40.66542
3026181,505,11 STREET,11215,306,Brooklyn,1094,76,-73.98194,40.66564
3026228,653,11 STREET,11215,306,Brooklyn,1095,50,-73.97804,40.66363
3026404,1203,8 AVENUE,11215,306,Brooklyn,1099,8,-73.98058,40.66367
3026429,528,12 STREET,11215,306,Brooklyn,1099,37,-73.97872,40.66282
3026644,392,15 STREET,11215,307,Brooklyn,1104,22,-73.98355,40.66253
3026675,357,  16 STREET,11215,307,Brooklyn,1104,69,-73.98425,40.66253
3026775,475,  16 STREET,11215,307,Brooklyn,1106,69,-73.97976,40.66035
3026829,465,7 AVENUE,11215,307,Brooklyn,1108,7,-73.98507,40.66232
3027478,899,PACIFIC STREET,11238,308,Brooklyn,1122,45,-73.96513,40.68069
3027507,940,ATLANTIC AVENUE,11238,308,Brooklyn,1124,19,-73.96322,40.68055
3027816,552,DEAN STREET,11217,308,Brooklyn,1136,40,-73.97202,40.68079
3027832,545,BERGEN STREET,11217,308,Brooklyn,1136,60,-73.97196,40.68045
3027910,686,DEAN STREET,11238,308,Brooklyn,1138,15,-73.96745,40.67985
3028031,259,FLATBUSH AVENUE,11217,308,Brooklyn,1143,5,-73.97419,40.68017
3028143,580,VANDERBILT AVENUE,11238,308,Brooklyn,1144,53,-73.9687,40.67913
3028153,197,ST MARKS AVENUE,11238,308,Brooklyn,1144,68,-73.96936,40.679
3028218,722,BERGEN STREET,11238,308,Brooklyn,1146,16,-73.96482,40.67848
3028224,740,BERGEN STREET,11238,308,Brooklyn,1146,23,-73.96421,40.67838
3028306,634,FRANKLIN AVENUE,11238,308,Brooklyn,1149,52,-73.95622,40.67651
3028328,459,ST MARKS AVENUE,11238,308,Brooklyn,1149,95,-73.95895,40.67674
3028341,94,ST MARKS AVENUE,11217,308,Brooklyn,1150,14,-73.97372,40.67943
3028555,340,ST MARKS AVENUE,11238,308,Brooklyn,1153,25,-73.96445,40.67743
3028593,618,GRAND AVENUE,11238,308,Brooklyn,1154,18,-73.96288,40.67722
3028609,388,ST MARKS AVENUE,11238,308,Brooklyn,1155,14,-73.96226,40.67694
3028612,400,ST MARKS AVENUE,11238,308,Brooklyn,1155,20,-73.96181,40.67685
3028613,406,ST MARKS AVENUE,11238,308,Brooklyn,1155,21,-73.96169,40.67682
3028614,408,ST MARKS AVENUE,11238,308,Brooklyn,1155,23,-73.96161,40.6768
3028616,412,ST MARKS AVENUE,11238,308,Brooklyn,1155,26,-73.96143,40.67676
3028644,469,PROSPECT PLACE,11238,308,Brooklyn,1155,70,-73.96078,40.67624
3028683,581,PROSPECT PLACE,11238,308,Brooklyn,1156,67,-73.95726,40.67546
3028695,319,FLATBUSH AVENUE,11217,308,Brooklyn,1157,11,-73.97287,40.6782
3028876,386,PROSPECT PLACE,11238,308,Brooklyn,1160,35,-73.96394,40.67644
3028897,395,PARK PLACE,11238,308,Brooklyn,1160,62,-73.96471,40.67613
3028939,460,PROSPECT PLACE,11238,308,Brooklyn,1162,34,-73.96127,40.67579
3028958,724,CLASSON AVENUE,11238,308,Brooklyn,1162,54,-73.96021,40.67539
3029001,560,PROSPECT PLACE,11238,308,Brooklyn,1163,31,-73.95809,40.67512
3029013,637,PARK PLACE,11238,308,Brooklyn,1163,54,-73.95679,40.67446
3029024,597,PARK PLACE,11238,308,Brooklyn,1163,76,-73.95821,40.67475
3029116,162,UNDERHILL AVENUE,11238,308,Brooklyn,1165,52,-73.96681,40.67562
3029247,495,STERLING PLACE,11238,308,Brooklyn,1167,67,-73.96172,40.67456
3029269,594,PARK PLACE,11238,308,Brooklyn,1168,32,-73.9584,40.67424
3029282,728,FRANKLIN AVENUE,11238,308,Brooklyn,1168,55,-73.95716,40.67378
3029422,341,ST JOHNS PLACE,11238,308,Brooklyn,1173,90,-73.96622,40.67459
3029454,477,ST JOHNS PLACE,11238,308,Brooklyn,1174,56,-73.96203,40.67368
3029510,567,ST JOHNS PLACE,11238,308,Brooklyn,1175,85,-73.95922,40.67302
3029534,319,LINCOLN PLACE,11238,308,Brooklyn,1176,71,-73.96546,40.67353
3029542,832,WASHINGTON AVENUE,11238,308,Brooklyn,1176,96,-73.96323,40.67312
3029568,423,LINCOLN PLACE,11238,308,Brooklyn,1177,47,-73.96215,40.67271
3029582,554,ST JOHNS PLACE,11238,308,Brooklyn,1178,21,-73.95979,40.67266
3029583,556,ST JOHNS PLACE,11238,308,Brooklyn,1178,21,-73.95979,40.67266
3029602,786,FRANKLIN AVENUE,11238,308,Brooklyn,1178,52,-73.95788,40.67179
3029603,563,LINCOLN PLACE,11238,308,Brooklyn,1178,53,-73.95791,40.67171
3029624,326,LINCOLN PLACE,11238,308,Brooklyn,1179,23,-73.96532,40.6731
3029631,95,EASTERN PARKWAY,11238,308,Brooklyn,1179,71,-73.96541,40.67284
3029633,73,EASTERN PARKWAY,11238,308,Brooklyn,1179,83,-73.96613,40.67306
3029652,241,EASTERN PARKWAY,11238,308,Brooklyn,1181,7501,-73.96029,40.67172
3029725,961,WASHINGTON AVENUE,11225,309,Brooklyn,1192,7502,-73.96114,40.66601
3029741,585,FRANKLIN AVENUE,11238,308,Brooklyn,1199,2,-73.95489,40.6785
3029744,579,FRANKLIN AVENUE,11238,308,Brooklyn,1199,5,-73.9549,40.67866
3029796,62,NEW YORK AVENUE,11216,308,Brooklyn,1201,37,-73.94728,40.67793
3029800,1353,PACIFIC STREET,11216,308,Brooklyn,1201,41,-73.94742,40.67775
3029816,1295,PACIFIC STREET,11216,308,Brooklyn,1201,74,-73.94946,40.67776
3029908,1556,ATLANTIC AVENUE,11213,308,Brooklyn,1204,23,-73.93993,40.67763
3029975,1075,DEAN STREET,11216,308,Brooklyn,1205,58,-73.95434,40.67757
3030018,1165,DEAN STREET,11216,308,Brooklyn,1206,60,-73.95102,40.67716
3030046,1292,PACIFIC STREET,11216,308,Brooklyn,1207,21,-73.94805,40.6773
3030053,1316,PACIFIC STREET,11216,308,Brooklyn,1207,34,-73.94719,40.67726
3030068,1237,DEAN STREET,11216,308,Brooklyn,1207,52,-73.94822,40.67702
3030088,1197,DEAN STREET,11216,308,Brooklyn,1207,72,-73.94966,40.6771
3030094,1332,PACIFIC STREET,11216,308,Brooklyn,1208,15,-73.94629,40.67723
3030111,1378,PACIFIC STREET,11216,308,Brooklyn,1208,38,-73.94472,40.67712
3030148,1442,PACIFIC STREET,11216,308,Brooklyn,1209,32,-73.94228,40.677
3030187,95,KINGSTON AVENUE,11213,308,Brooklyn,1210,4,-73.94122,40.67668
3030209,1526,PACIFIC STREET,11213,308,Brooklyn,1210,38,-73.939,40.67683
3030332,642,NOSTRAND AVENUE,11216,308,Brooklyn,1212,46,-73.95007,40.67635
3030347,1057,BERGEN STREET,11216,308,Brooklyn,1212,63,-73.95132,40.67641
3030348,1055,BERGEN STREET,11216,308,Brooklyn,1212,65,-73.95148,40.67642
3030349,1051,BERGEN STREET,11216,308,Brooklyn,1212,67,-73.95158,40.67641
3030384,1131,BERGEN STREET,11216,308,Brooklyn,1213,61,-73.94824,40.67626
3030569,645,FRANKLIN AVENUE,11238,308,Brooklyn,1217,7,-73.95567,40.67629
3030573,952,BERGEN STREET,11216,308,Brooklyn,1217,12,-73.95553,40.67652
3030616,575,ST MARKS AVENUE,11216,308,Brooklyn,1217,69,-73.95464,40.67592
3030657,1066,BERGEN STREET,11216,308,Brooklyn,1219,27,-73.95085,40.67588
3030690,641,ST MARKS AVENUE,11216,308,Brooklyn,1219,69,-73.95197,40.67558
3030702,701,ST MARK'S AVENUE,11216,308,Brooklyn,1220,1,-73.94968,40.67536
3030710,615,NOSTRAND AVENUE,11216,308,Brooklyn,1220,11,-73.94963,40.67593
3030724,1144,BERGEN STREET,11216,308,Brooklyn,1220,35,-73.94782,40.67571
3030726,126,NEW YORK AVENUE,11216,308,Brooklyn,1220,42,-73.94749,40.67574
3030787,889,ST MARKS AVENUE,11213,308,Brooklyn,1222,56,-73.9424,40.6751
3030793,867,ST MARKS AVENUE,11213,308,Brooklyn,1222,65,-73.94306,40.67514
3030801,915,ST MARKS AVENUE,11213,308,Brooklyn,1223,1,-73.9412,40.67496
3030802,913,ST MARKS AVENUE,11213,308,Brooklyn,1223,2,-73.94128,40.67497
3030826,1350,BERGEN STREET,11213,308,Brooklyn,1223,29,-73.94003,40.67529
3030827,1352,BERGEN STREET,11213,308,Brooklyn,1223,31,-73.93995,40.67529
3030837,152,ALBANY AVENUE,11213,308,Brooklyn,1223,42,-73.93916,40.67537
3030843,973,ST MARKS AVENUE,11213,308,Brooklyn,1223,51,-73.93916,40.67483
3030844,971,ST MARKS AVENUE,11213,308,Brooklyn,1223,52,-73.93926,40.67484
3030855,921,ST MARKS AVENUE,11213,308,Brooklyn,1223,78,-73.941,40.67502
3030918,1411,BEDFORD AVENUE,11216,308,Brooklyn,1225,3,-73.9533,40.6749
3030960,684,ST MARKS AVENUE,11216,308,Brooklyn,1226,31,-73.95091,40.67498
3030989,781,PROSPECT PLACE,11216,308,Brooklyn,1226,151,-73.95066,40.67458
3031002,758,ST MARKS AVENUE,11216,308,Brooklyn,1227,31,-73.9481,40.67482
3031007,855,PROSPECT PLACE,11216,308,Brooklyn,1227,54,-73.94804,40.67447
3031024,805,PROSPECT PLACE,11216,308,Brooklyn,1227,76,-73.94963,40.67452
3031026,171,NEW YORK AVENUE,11216,308,Brooklyn,1228,1,-73.94699,40.67427
3031027,169,NEW YORK AVENUE,11216,308,Brooklyn,1228,3,-73.94698,40.67434
3031083,1119,PROSPECT PLACE,11213,308,Brooklyn,1230,48,-73.93941,40.67392
3031088,1097,PROSPECT PLACE,11213,308,Brooklyn,1230,56,-73.94001,40.67403
3031110,693,FRANKLIN AVENUE,11238,308,Brooklyn,1231,12,-73.95623,40.67477
3031131,1430,BEDFORD AVENUE,11216,308,Brooklyn,1231,47,-73.95412,40.67419
3031133,1434,BEDFORD AVENUE,11216,308,Brooklyn,1231,47,-73.95412,40.67419
3031198,734,PROSPECT PLACE,11216,308,Brooklyn,1233,18,-73.9522,40.67416
3031204,746,PROSPECT PLACE,11216,308,Brooklyn,1233,24,-73.95179,40.67417
3031239,846,PROSPECT PLACE,11216,308,Brooklyn,1234,23,-73.94862,40.67395
3031294,930,PROSPECT PLACE,11213,308,Brooklyn,1235,27,-73.94582,40.67384
3031295,940,PROSPECT PLACE,11213,308,Brooklyn,1235,31,-73.94555,40.67381
3031299,981,PARK PLACE,11213,308,Brooklyn,1235,50,-73.94497,40.6733
3031305,949,PARK PLACE,11213,308,Brooklyn,1235,67,-73.94615,40.67347
3031307,941,PARK PLACE,11213,308,Brooklyn,1235,71,-73.94637,40.67348
3031447,677,STERLING PLACE,11216,308,Brooklyn,1238,66,-73.95622,40.6734
3031497,792,PARK PLACE,11216,308,Brooklyn,1240,23,-73.9515,40.67323
3031501,804,PARK PLACE,11216,308,Brooklyn,1240,27,-73.9511,40.6732
3031548,894,PARK PLACE,11216,308,Brooklyn,1241,32,-73.94802,40.67302
3031562,915,STERLING PLACE,11216,308,Brooklyn,1241,52,-73.94827,40.67268
3031803,1478,BEDFORD AVENUE,11216,308,Brooklyn,1245,38,-73.95468,40.67266
3031806,1490,BEDFORD AVENUE,11216,308,Brooklyn,1245,43,-73.95477,40.6724
3031857,761,ST JOHN PLACE,11216,308,Brooklyn,1247,1,-73.95292,40.67201
3031887,823,ST JOHNS PLACE,11216,308,Brooklyn,1247,56,-73.951,40.67197
3031889,815,ST JOHNS PLACE,11216,308,Brooklyn,1247,59,-73.95129,40.67197
3031890,811,ST JOHNS PLACE,11216,308,Brooklyn,1247,60,-73.95139,40.67197
3031904,763,ST JOHNS PLACE,11216,308,Brooklyn,1247,76,-73.95282,40.672
3031974,250,NEW YORK AVENUE,11216,308,Brooklyn,1248,79,-73.94784,40.67178
3031975,254,NEW YORK AVENUE,11216,308,Brooklyn,1248,81,-73.94785,40.6717
3032052,239,KINGSTON AVENUE,11213,308,Brooklyn,1251,7,-73.94172,40.67178
3032076,268,ALBANY AVENUE,11213,308,Brooklyn,1251,35,-73.93951,40.67147
3032084,1157,ST JOHNS PLACE,11213,308,Brooklyn,1251,44,-73.93998,40.67136
3032087,1149,ST JOHNS PLACE,11213,308,Brooklyn,1251,47,-73.94021,40.67138
3032137,603,LINCOLN PLACE,11216,308,Brooklyn,1252,30,-73.95648,40.67141
3032184,1524,BEDFORD AVENUE,11216,308,Brooklyn,1252,85,-73.95518,40.67125
3032186,625,LINCOLN PLACE,11216,308,Brooklyn,1252,89,-73.95538,40.67134
3032190,738,ST JOHNS PLACE,11216,308,Brooklyn,1253,17,-73.95399,40.67157
3032206,689,LINCOLN PLACE,11216,308,Brooklyn,1253,35,-73.9537,40.67119
3032254,767,LINCOLN PLACE,11216,308,Brooklyn,1254,50,-73.95106,40.67105
3032635,521,EASTERN PARKWAY,11216,308,Brooklyn,1261,38,-73.95108,40.67032
3032641,497,EASTERN PARKWAY,11216,308,Brooklyn,1261,45,-73.95176,40.67036
3032642,487,EASTERN PARKWAY,11216,308,Brooklyn,1261,48,-73.952,40.67037
3032716,291,NEW YORK AVENUE,11216,308,Brooklyn,1263,5,-73.94737,40.67031
3032720,876,LINCOLN PLACE,11213,308,Brooklyn,1263,9,-73.94736,40.67054
3032785,755,EASTERN PARKWAY,11213,308,Brooklyn,1264,52,-73.94329,40.66993
3032800,717,EASTERN PARKWAY,11213,308,Brooklyn,1264,71,-73.94447,40.66998
3032868,805,EASTERN PARKWAY,11213,308,Brooklyn,1265,73,-73.94149,40.66981
3032899,500,EASTERN PARKWAY,11225,309,Brooklyn,1268,21,-73.95198,40.66946
3032925,807,NOSTRAND AVENUE,11225,309,Brooklyn,1269,1,-73.95029,40.66907
3033060,800,EASTERN PARKWAY,11213,309,Brooklyn,1272,10,-73.94177,40.66893
3033122,1060,UNION STREET,11225,309,Brooklyn,1273,25,-73.95705,40.66923
3033166,204,ROGERS AVENUE,11225,309,Brooklyn,1274,35,-73.95368,40.66877
3033213,864,NOSTRAND AVENUE,11225,309,Brooklyn,1275,47,-73.95094,40.66848
3033219,1171,PRESIDENT STREET,11225,309,Brooklyn,1275,54,-73.95131,40.66838
3033230,835,NOSTRAND AVENUE,11225,309,Brooklyn,1276,1,-73.95036,40.66819
3033234,823,NOSTRAND AVENUE,11225,309,Brooklyn,1276,6,-73.95033,40.66847
3033527,1160,PRESIDENT STREET,11225,309,Brooklyn,1282,25,-73.95203,40.66788
3033530,1180,PRESIDENT STREET,11225,309,Brooklyn,1282,34,-73.95145,40.66784
3033556,1119,CARROLL STREET,11225,309,Brooklyn,1282,70,-73.95247,40.66755
3033818,1116,CARROLL STREET,11225,309,Brooklyn,1288,38,-73.95384,40.66711
3034431,346,MONTGOMERY STREET,11225,309,Brooklyn,1305,15,-73.95312,40.66526
3034437,372,MONTGOMERY STREET,11225,309,Brooklyn,1305,23,-73.95239,40.66521
3034451,245,SULLIVAN PLACE,11225,309,Brooklyn,1305,68,-73.95271,40.66487
3034453,227,SULLIVAN PLACE,11225,309,Brooklyn,1305,76,-73.95328,40.66479
3034645,569,EMPIRE BOULEVARD,11225,309,Brooklyn,1311,54,-73.94327,40.66438
3034846,448,EMPIRE BOULEVARD,11225,309,Brooklyn,1317,25,-73.94719,40.66388
3034858,488,EMPIRE BOULEVARD,11225,309,Brooklyn,1317,39,-73.94605,40.66394
3034937,1785,BEDFORD AVENUE,11225,309,Brooklyn,1319,4,-73.95676,40.66239
3034938,1783,BEDFORD AVENUE,11225,309,Brooklyn,1319,5,-73.95677,40.66247
3034980,420,ROGERS AVENUE,11225,309,Brooklyn,1319,52,-73.95403,40.66248
3035219,650,EMPIRE BOULEVARD,11213,309,Brooklyn,1326,35,-73.94063,40.66363
3035257,197,LINCOLN ROAD,11225,309,Brooklyn,1328,16,-73.95613,40.66163
3035291,452,ROGERS AVENUE,11225,309,Brooklyn,1328,54,-73.95396,40.6615
3035302,235,LINCOLN ROAD,11225,309,Brooklyn,1328,66,-73.95492,40.66154
3035330,437,ROGERS AVENUE,11225,309,Brooklyn,1329,5,-73.95334,40.66187
3035331,433,ROGERS AVENUE,11225,309,Brooklyn,1329,6,-73.95335,40.66195
3035374,333,LINCOLN ROAD,11225,309,Brooklyn,1329,57,-73.95177,40.66173
3035376,323,LINCOLN ROAD,11225,309,Brooklyn,1329,61,-73.95205,40.66171
3035457,495,EAST NEW YORK AVENUE,11225,309,Brooklyn,1331,39,-73.94621,40.66206
3035510,1638,ATLANTIC AVENUE,11213,308,Brooklyn,1334,24,-73.93683,40.67746
3035628,123,ALBANY AVENUE,11213,308,Brooklyn,1340,3,-73.93848,40.67648
3035639,1552,PACIFIC STREET,11213,308,Brooklyn,1340,17,-73.9379,40.67676
3035651,1596,PACIFIC STREET,11213,308,Brooklyn,1340,38,-73.93633,40.6767
3035654,78,TROY AVENUE,11213,308,Brooklyn,1340,41,-73.9361,40.67669
3035669,1505,DEAN STREET,11213,308,Brooklyn,1340,70,-73.93816,40.67644
3035729,1888,PACIFIC STREET,11233,308,Brooklyn,1344,102,-73.92419,40.67602
3035745,1932,PACIFIC STREET,11233,308,Brooklyn,1344,124,-73.92241,40.67592
3035746,374,RALPH AVENUE,11233,308,Brooklyn,1344,125,-73.9222,40.67602
3035754,145,ALBANY AVENUE,11213,308,Brooklyn,1346,3,-73.93854,40.67569
3035756,141,ALBANY AVENUE,11213,308,Brooklyn,1346,5,-73.93852,40.67587
3035815,91,UTICA AVENUE,11213,308,Brooklyn,1349,10,-73.93018,40.67567
3035829,1605,BERGEN STREET,11213,308,Brooklyn,1349,77,-73.92992,40.67525
3036030,1160,ST MARKS AVENUE,11213,308,Brooklyn,1360,36,-73.93167,40.67393
3036031,1162,ST MARKS AVENUE,11213,308,Brooklyn,1360,38,-73.93159,40.67393
3036041,150,UTICA AVENUE,11213,308,Brooklyn,1360,52,-73.93093,40.67381
3036047,162,UTICA AVENUE,11213,308,Brooklyn,1360,58,-73.93096,40.67347
3036061,1341,PROSPECT PLACE,11213,308,Brooklyn,1360,73,-73.93192,40.67359
3036091,1222,ST MARKS AVENUE,11213,308,Brooklyn,1361,30,-73.92918,40.6738
3036106,1549,PROSPECT PLACE,11233,308,Brooklyn,1363,1,-73.92484,40.6731
3036109,161,BUFFALO AVENUE,11213,308,Brooklyn,1363,9,-73.92489,40.67359
3036139,474,RALPH AVENUE,11233,308,Brooklyn,1363,56,-73.92245,40.67308
3036211,1308,PROSPECT PLACE,11213,308,Brooklyn,1366,14,-73.93318,40.67326
3036245,182,UTICA AVENUE,11213,308,Brooklyn,1366,53,-73.93106,40.67268
3036275,185,UTICA AVENUE,11213,308,Brooklyn,1367,2,-73.93048,40.67255
3036279,175,UTICA AVENUE,11213,308,Brooklyn,1367,7,-73.93045,40.67285
3036312,196,BUFFALO AVENUE,11213,308,Brooklyn,1368,51,-73.92551,40.67245
3036317,1557,PARK PLACE,11213,308,Brooklyn,1368,57,-73.92574,40.67236
3036353,1614,PROSPECT PLACE,11233,308,Brooklyn,1369,33,-73.92304,40.67257
3036355,1620,PROSPECT PLACE,11233,308,Brooklyn,1369,35,-73.92286,40.67256
3036361,1641,PARK PLACE,11233,308,Brooklyn,1369,54,-73.9229,40.6722
3036410,207,TROY AVENUE,11213,308,Brooklyn,1371,8,-73.93605,40.67231
3036412,203,TROY AVENUE,11213,308,Brooklyn,1371,10,-73.93604,40.67245
3036413,1254,PARK PLACE,11213,308,Brooklyn,1371,13,-73.93583,40.67233
3036450,1353,STERLING PLACE,11213,308,Brooklyn,1371,51,-73.93389,40.67177
3036487,1350,PARK PLACE,11213,308,Brooklyn,1372,20,-73.93262,40.6722
3036517,1423,STERLING PLACE,11213,308,Brooklyn,1372,57,-73.93147,40.67182
3036633,213,BUFFALO AVENUE,11213,308,Brooklyn,1375,9,-73.92496,40.67184
3036646,536,RALPH AVENUE,11233,308,Brooklyn,1375,51,-73.92263,40.67114
3036654,1665,STERLING PLACE,11233,308,Brooklyn,1375,61,-73.92352,40.67134
3036730,239,TROY AVENUE,11213,308,Brooklyn,1377,2,-73.93616,40.67112
3036734,231,TROY AVENUE,11213,308,Brooklyn,1377,6,-73.93614,40.67141
3036740,1294,STERLING PLACE,11213,308,Brooklyn,1377,12,-73.93571,40.67148
3036741,1298,STERLING PLACE,11213,308,Brooklyn,1377,13,-73.93562,40.67147
3036759,232,SCHENECTADY AVENUE,11213,308,Brooklyn,1377,31,-73.93396,40.67136
3036767,1333,ST JOHNS PLACE,11213,308,Brooklyn,1377,39,-73.93432,40.67107
3036771,1321,ST JOHNS PLACE,11213,308,Brooklyn,1377,43,-73.9347,40.67109
3036793,217,SCHENECTADY AVENUE,11213,308,Brooklyn,1378,10,-73.93336,40.67138
3036804,1392,STERLING PLACE,11213,308,Brooklyn,1378,23,-73.93246,40.6713
3036826,236,UTICA AVENUE,11213,308,Brooklyn,1378,55,-73.9312,40.67076
3036833,1391,ST JOHNS PLACE,11213,308,Brooklyn,1378,68,-73.93216,40.67094
3036839,1379,ST JOHNS PLACE,11213,308,Brooklyn,1378,74,-73.93259,40.67096
3036842,1371,ST JOHNS PLACE,11213,308,Brooklyn,1378,77,-73.93282,40.67097
3036854,223,UTICA AVENUE,11213,308,Brooklyn,1379,7,-73.9306,40.67105
3036857,1460,STERLING PLACE,11213,308,Brooklyn,1379,13,-73.93023,40.67119
3036873,1487,ST JOHNS PLACE,11213,308,Brooklyn,1379,52,-73.92876,40.67078
3036884,225,ROCHESTER AVENUE,11213,308,Brooklyn,1380,8,-73.92783,40.67101
3036901,1521,ST JOHNS PLACE,11213,308,Brooklyn,1380,73,-73.92735,40.67068
3036903,1515,ST JOHNS PLACE,11213,308,Brooklyn,1380,74,-73.92752,40.67069
3036919,1668,STERLING PLACE,11233,308,Brooklyn,1381,30,-73.92354,40.6708
3036927,558,RALPH AVENUE,11233,308,Brooklyn,1381,47,-73.92262,40.67039
3036935,1631,ST JOHNS PLACE,11233,308,Brooklyn,1381,56,-73.92319,40.67044
3037007,253,TROY AVENUE,11213,308,Brooklyn,1383,8,-73.93625,40.67048
3037015,1306,ST JOHNS PLACE,11213,308,Brooklyn,1383,25,-73.93512,40.67053
3037016,1310,ST JOHNS PLACE,11213,308,Brooklyn,1383,27,-73.93501,40.67052
3037034,1263,LINCOLN PLACE,11213,308,Brooklyn,1383,53,-73.93474,40.67017
3037094,1301,LINCOLN PLACE,11213,308,Brooklyn,1384,78,-73.93335,40.67005
3037113,1468,ST JOHNS PLACE,11213,308,Brooklyn,1385,23,-73.9296,40.67021
3037114,1480,ST JOHNS PLACE,11213,308,Brooklyn,1385,28,-73.92927,40.67019
3037164,1548,ST JOHNS PLACE,11213,308,Brooklyn,1386,23,-73.92705,40.67007
3037239,1561,LINCOLN PLACE,11233,308,Brooklyn,1387,79,-73.92477,40.66959
3037263,276,TROY AVENUE,11213,308,Brooklyn,1388,38,-73.9369,40.66993
3037371,1205,EASTERN PARKWAY,11213,308,Brooklyn,1391,45,-73.92852,40.66911
3037374,1187,EASTERN PARKWAY,11213,308,Brooklyn,1391,51,-73.92905,40.66914
3037375,1181,EASTERN PARKWAY,11213,308,Brooklyn,1391,53,-73.92922,40.66915
3037434,1610,LINCOLN PLACE,11233,308,Brooklyn,1393,35,-73.92336,40.66916
3037441,1363,EASTERN PARKWAY,11233,308,Brooklyn,1393,52,-73.92317,40.6688
3037476,954,EASTERN PARKWAY,11213,309,Brooklyn,1394,39,-73.93689,40.66866
3037502,1565,UNION STREET,11213,309,Brooklyn,1394,73,-73.9389,40.66846
3037505,1557,UNION STREET,11213,309,Brooklyn,1394,77,-73.93921,40.66845
3037508,964,EASTERN PARKWAY,11213,309,Brooklyn,1395,7,-73.93638,40.66863
3037509,970,EASTERN PARKWAY,11213,309,Brooklyn,1395,9,-73.93622,40.66862
3037516,1018,EASTERN PARKWAY,11213,309,Brooklyn,1395,33,-73.9346,40.66853
3037545,1074,EASTERN PARKWAY,11213,309,Brooklyn,1396,17,-73.933,40.66843
3037549,1098,EASTERN PARKWAY,11213,309,Brooklyn,1396,30,-73.93208,40.66838
3037620,1320,EASTERN PARKWAY,11233,308,Brooklyn,1399,17,-73.92462,40.66799
3037634,1961,UNION STREET,11233,308,Brooklyn,1399,58,-73.92343,40.66761
3037636,1933,UNION STREET,11233,308,Brooklyn,1399,62,-73.92401,40.66765
3037734,1617,PRESIDENT STREET,11213,309,Brooklyn,1401,47,-73.93433,40.6674
3037766,310,UTICA AVENUE,11213,309,Brooklyn,1402,44,-73.93148,40.6673
3037768,1677,PRESIDENT STREET,11213,309,Brooklyn,1402,49,-73.93182,40.66732
3037805,318,ROCHESTER AVENUE,11213,309,Brooklyn,1403,48,-73.92879,40.66717
3037905,1616,PRESIDENT STREET,11213,309,Brooklyn,1407,41,-73.9343,40.66689
3037989,1703,CARROLL STREET,11213,309,Brooklyn,1409,58,-73.92925,40.66627
3037991,1699,CARROLL STREET,11213,309,Brooklyn,1409,60,-73.92944,40.66628
3037992,1695,CARROLL STREET,11213,309,Brooklyn,1409,61,-73.92952,40.66629
3038030,601,CROWN STREET,11213,309,Brooklyn,1412,7502,-73.93832,40.66587
3038188,799,CROWN STREET,11213,309,Brooklyn,1415,87,-73.93076,40.66547
3038214,401,TROY AVENUE,11213,309,Brooklyn,1418,1,-73.93677,40.66475
3038252,871,MONTGOMERY STREET,11213,309,Brooklyn,1418,71,-73.93586,40.66485
3038254,865,MONTGOMERY STREET,11213,309,Brooklyn,1418,73,-73.93605,40.66486
3038262,734,CROWN STREET,11213,309,Brooklyn,1419,20,-73.93336,40.66507
3038389,928,MONTGOMERY STREET,11213,309,Brooklyn,1424,12,-73.93398,40.66421
3038403,972,MONTGOMERY STREET,11213,309,Brooklyn,1424,28,-73.93269,40.66414
3038405,978,MONTGOMERY STREET,11213,309,Brooklyn,1424,30,-73.9325,40.66413
3038481,706,LEFFERTS AVENUE,11203,309,Brooklyn,1428,32,-73.93772,40.66289
3038565,2152,ATLANTIC AVENUE,11233,316,Brooklyn,1433,20,-73.91542,40.67629
3038572,2181,PACIFIC STREET,11233,316,Brooklyn,1433,47,-73.91415,40.67594
3038580,2159,PACIFIC STREET,11233,316,Brooklyn,1433,58,-73.91492,40.67598
3038604,2276,ATLANTIC AVENUE,11233,316,Brooklyn,1435,16,-73.91003,40.67599
3038610,2292,ATLANTIC AVENUE,11233,316,Brooklyn,1435,26,-73.90943,40.67596
3038613,2298,ATLANTIC AVENUE,11233,316,Brooklyn,1435,29,-73.90924,40.67595
3038614,2300,ATLANTIC AVENUE,11233,316,Brooklyn,1435,30,-73.90916,40.67595
3038655,2362,ATLANTIC AVENUE,11233,316,Brooklyn,1436,22,-73.90683,40.67582
3038695,2062,PACIFIC STREET,11233,316,Brooklyn,1439,38,-73.91721,40.67563
3038700,2093,DEAN STREET,11233,316,Brooklyn,1439,67,-73.91824,40.67541
3038703,2083,DEAN STREET,11233,316,Brooklyn,1439,70,-73.91853,40.67541
3038705,2077,DEAN STREET,11233,316,Brooklyn,1439,72,-73.91872,40.67542
3038737,2238,PACIFIC STREET,11233,316,Brooklyn,1442,20,-73.91003,40.67524
3038738,2240,PACIFIC STREET,11233,316,Brooklyn,1442,21,-73.90996,40.67524
3038759,2375,DEAN STREET,11233,316,Brooklyn,1442,66,-73.90854,40.67482
3038770,2350,PACIFIC STREET,11233,316,Brooklyn,1443,16,-73.90755,40.67511
3038771,2352,PACIFIC STREET,11233,316,Brooklyn,1443,17,-73.90748,40.6751
3038782,134,SACKMAN STREET,11233,316,Brooklyn,1443,30,-73.90649,40.67509
3038825,1719,EAST NEW YORK AVENUE,11212,316,Brooklyn,1444,31,-73.90502,40.67498
3038871,1935,BERGEN STREET,11233,316,Brooklyn,1446,46,-73.91705,40.67454
3038874,1927,BERGEN STREET,11233,316,Brooklyn,1446,50,-73.9173,40.67456
3038878,1919,BERGEN STREET,11233,316,Brooklyn,1446,54,-73.91759,40.67457
3038893,2160,DEAN STREET,11233,316,Brooklyn,1447,13,-73.91602,40.67479
3038978,2446,DEAN STREET,11233,316,Brooklyn,1450,31,-73.90645,40.67436
3039014,1415,ST MARKS AVENUE,11233,316,Brooklyn,1451,67,-73.92116,40.6739
3039039,1904,BERGEN STREET,11233,316,Brooklyn,1452,27,-73.91817,40.67413
3039055,340,SARATOGA AVENUE,11233,316,Brooklyn,1452,47,-73.91698,40.67391
3039061,1521,ST MARKS AVENUE,11233,316,Brooklyn,1452,54,-73.91713,40.67361
3039073,1463,ST MARKS AVENUE,11233,316,Brooklyn,1452,86,-73.91922,40.67372
3039078,339,SARATOGA AVENUE,11233,316,Brooklyn,1453,11,-73.91641,40.67409
3039108,2044,BERGEN STREET,11233,316,Brooklyn,1454,22,-73.9129,40.67381
3039125,1651,ST MARKS AVENUE,11233,316,Brooklyn,1454,59,-73.91228,40.67342
3039128,1641,ST MARKS AVENUE,11233,316,Brooklyn,1454,62,-73.91255,40.67343
3039148,477,RALPH AVENUE,11233,316,Brooklyn,1457,2,-73.92192,40.67295
3039179,1677,PROSPECT PLACE,11233,316,Brooklyn,1457,82,-73.92082,40.67299
3039194,1466,ST MARKS AVENUE,11233,316,Brooklyn,1458,13,-73.91925,40.6734
3039307,407,SARATOGA AVENUE,11233,316,Brooklyn,1464,1,-73.91676,40.67182
3039338,1873,PARK PLACE,11233,316,Brooklyn,1464,56,-73.91517,40.6718
3039339,1871,PARK PLACE,11233,316,Brooklyn,1464,57,-73.91525,40.67179
3039343,1861,PARK PLACE,11233,316,Brooklyn,1464,65,-73.9156,40.67181
3039353,1837,PARK PLACE,11233,316,Brooklyn,1464,76,-73.9164,40.67185
3039357,1829,PARK PLACE,11233,316,Brooklyn,1464,81,-73.91669,40.67182
3039367,1924,PROSPECT PLACE,11233,316,Brooklyn,1465,25,-73.91268,40.67204
3039370,1936,PROSPECT PLACE,11233,316,Brooklyn,1465,31,-73.91214,40.67207
3039375,1491,EAST NEW YORK AVENUE,11212,316,Brooklyn,1465,49,-73.9126,40.67178
3039376,1939,PARK PLACE,11233,316,Brooklyn,1465,50,-73.91288,40.67165
3039383,1682,PARK PLACE,11233,316,Brooklyn,1466,16,-73.92158,40.67159
3039397,417,SARATOGA AVENUE,11233,316,Brooklyn,1468,10,-73.91668,40.67147
3039411,1549,EASTERN PARKWAY,11233,316,Brooklyn,1468,32,-73.91676,40.67109
3039414,1572,EASTERN PARKWAY,11233,316,Brooklyn,1468,39,-73.91585,40.67086
3039416,1576,EASTERN PARKWAY,11233,316,Brooklyn,1468,41,-73.91571,40.67088
3039419,1586,EASTERN PARKWAY,11233,316,Brooklyn,1468,45,-73.91546,40.67101
3039420,1588,EASTERN PARKWAY,11233,316,Brooklyn,1468,46,-73.9154,40.67104
3039448,511,HOWARD AVENUE,11233,316,Brooklyn,1471,1,-73.91953,40.67018
3039463,1489,EASTERN PARKWAY,11233,316,Brooklyn,1471,52,-73.91866,40.67032
3039472,1530,EASTERN PARKWAY,11233,316,Brooklyn,1471,75,-73.91732,40.67027
3039483,1540,EASTERN PARKWAY,11233,316,Brooklyn,1472,11,-73.9168,40.67054
3039525,1488,EASTERN PARKWAY,11233,316,Brooklyn,1474,15,-73.91897,40.66954
3039530,1792,ST JOHNS PLACE,11233,316,Brooklyn,1474,28,-73.91816,40.66961
3039531,1798,ST JOHNS PLACE,11233,316,Brooklyn,1474,31,-73.91794,40.66963
3039556,1430,EASTERN PARKWAY,11233,316,Brooklyn,1475,46,-73.92088,40.66883
3039570,1429,PITKIN AVENUE,11233,316,Brooklyn,1475,71,-73.92077,40.66862
3039579,553,HOWARD AVENUE,11233,316,Brooklyn,1476,6,-73.91975,40.66887
3039596,1398,PITKIN AVENUE,11233,316,Brooklyn,1477,21,-73.92198,40.66822
3039613,849,QUINCY STREET,11221,303,Brooklyn,1478,12,-73.92391,40.69018
3039644,65,RALPH AVENUE,11221,303,Brooklyn,1481,3,-73.92348,40.68818
3039675,825,MADISON STREET,11221,303,Brooklyn,1481,66,-73.92323,40.6881
3039680,73,RALPH AVENUE,11221,303,Brooklyn,1483,10,-73.92337,40.68773
3039714,969,PUTNAM AVENUE,11221,303,Brooklyn,1483,58,-73.92236,40.68745
3039721,920,MADISON STREET,11221,303,Brooklyn,1484,4,-73.92058,40.68793
3039735,1005,PUTNAM AVENUE,11221,303,Brooklyn,1484,45,-73.92067,40.68764
3039736,31,HOWARD AVENUE,11221,303,Brooklyn,1484,47,-73.92078,40.68763
3039813,1064,PUTNAM AVENUE,11221,303,Brooklyn,1486,20,-73.91952,40.68731
3039820,1078,PUTNAM AVENUE,11221,303,Brooklyn,1486,27,-73.91898,40.68741
3039833,981,JEFFERSON AVENUE,11221,303,Brooklyn,1486,52,-73.91944,40.68703
3039835,965,JEFFERSON AVENUE,11221,303,Brooklyn,1486,57,-73.92,40.68696
3039844,858,JEFFERSON AVENUE,11221,303,Brooklyn,1487,10,-73.92313,40.68626
3039856,892,JEFFERSON AVENUE,11221,303,Brooklyn,1487,25,-73.92184,40.68629
3039867,914,JEFFERSON AVENUE,11221,303,Brooklyn,1487,36,-73.92113,40.68637
3039869,60,HOWARD AVENUE,11221,303,Brooklyn,1487,39,-73.92096,40.68645
3039903,992,JEFFERSON AVENUE,11221,303,Brooklyn,1488,39,-73.91811,40.68672
3039920,868,HANCOCK STREET,11233,303,Brooklyn,1490,39,-73.92087,40.68569
3039928,795,HALSEY STREET,11233,303,Brooklyn,1490,48,-73.92071,40.68528
3039971,829,HALSEY STREET,11233,303,Brooklyn,1491,55,-73.91943,40.68553
3040101,643,MAC DONOUGH STREET,11233,303,Brooklyn,1496,42,-73.92046,40.68383
3040134,653,MAC DONOUGH STREET,11233,303,Brooklyn,1497,1,-73.92004,40.68396
3040173,699,MAC DONOUGH STREET,11233,303,Brooklyn,1497,50,-73.91833,40.68415
3040183,667,MAC DONOUGH STREET,11233,303,Brooklyn,1497,65,-73.91946,40.68403
3040189,655,MAC DONOUGH STREET,11233,303,Brooklyn,1497,72,-73.91994,40.68397
3040194,727,MAC DONOUGH STREET,11233,316,Brooklyn,1498,4,-73.91702,40.68431
3040206,862,MACON STREET,11233,316,Brooklyn,1498,22,-73.91629,40.68468
3040210,872,MACON STREET,11233,316,Brooklyn,1498,26,-73.9159,40.68472
3040219,787,MAC DONOUGH STREET,11233,316,Brooklyn,1498,45,-73.91495,40.68452
3040223,779,MAC DONOUGH STREET,11233,316,Brooklyn,1498,49,-73.91525,40.68449
3040234,753,MAC DONOUGH STREET,11233,316,Brooklyn,1498,61,-73.91621,40.68441
3040236,747,MAC DONOUGH STREET,11233,316,Brooklyn,1498,64,-73.9164,40.68438
3040237,743,MAC DONOUGH STREET,11233,316,Brooklyn,1498,65,-73.91649,40.68437
3040240,737,MAC DONOUGH STREET,11233,316,Brooklyn,1498,68,-73.91676,40.68434
3040420,36,HOPKINSON AVENUE,11233,316,Brooklyn,1502,38,-73.91498,40.68397
3040425,707,DECATUR STREET,11233,316,Brooklyn,1502,43,-73.91502,40.68376
3040465,818,MAC DONOUGH STREET,11233,316,Brooklyn,1503,20,-73.91352,40.68424
3040724,627,BAINBRIDGE STREET,11233,316,Brooklyn,1507,45,-73.91221,40.68334
3040806,349,CHAUNCEY STREET,11233,303,Brooklyn,1508,54,-73.92047,40.68166
3040807,347,CHAUNCEY STREET,11233,303,Brooklyn,1508,55,-73.92056,40.68165
3040816,319,CHAUNCEY STREET,11233,303,Brooklyn,1508,71,-73.92163,40.68153
3040870,393,CHAUNCEY STREET,11233,303,Brooklyn,1509,59,-73.91866,40.68188
3040886,528,BAINBRIDGE STREET,11233,316,Brooklyn,1510,23,-73.91576,40.68249
3040887,530,BAINBRIDGE STREET,11233,316,Brooklyn,1510,24,-73.91566,40.6825
3040888,534,BAINBRIDGE STREET,11233,316,Brooklyn,1510,25,-73.91557,40.68251
3040899,562,BAINBRIDGE STREET,11233,316,Brooklyn,1510,36,-73.91458,40.68262
3040904,491,CHAUNCEY STREET,11233,316,Brooklyn,1510,47,-73.9149,40.6823
3041003,278,CHAUNCEY STREET,11233,303,Brooklyn,1513,14,-73.92162,40.68107
3041033,328,CHAUNCEY STREET,11233,303,Brooklyn,1514,5,-73.91933,40.68134
3041034,330,CHAUNCEY STREET,11233,303,Brooklyn,1514,6,-73.91924,40.68135
3041044,354,CHAUNCEY STREET,11233,303,Brooklyn,1514,18,-73.91817,40.68147
3041071,157,SARATOGA AVENUE,11233,316,Brooklyn,1515,3,-73.91662,40.68138
3041104,373,MARION STREET,11233,316,Brooklyn,1515,46,-73.91439,40.68162
3041121,339,MARION STREET,11233,316,Brooklyn,1515,64,-73.91563,40.68147
3041173,510,CHAUNCEY STREET,11233,316,Brooklyn,1517,2,-73.91136,40.68228
3041182,540,CHAUNCEY STREET,11233,316,Brooklyn,1517,16,-73.91026,40.68238
3041228,278,MARION STREET,11233,303,Brooklyn,1519,17,-73.91847,40.68069
3041292,205,SUMPTER STREET,11233,303,Brooklyn,1519,48,-73.91743,40.68052
3041304,171,SUMPTER STREET,11233,303,Brooklyn,1519,65,-73.91894,40.68034
3041306,117,HOPKINSON AVENUE,11233,316,Brooklyn,1521,7501,-73.9138,40.68108
3041333,442,MARION STREET,11233,316,Brooklyn,1521,39,-73.91171,40.68157
3041410,375,SUMPTER STREET,11233,316,Brooklyn,1522,58,-73.91009,40.68136
3041501,128,HOPKINSON AVENUE,11233,316,Brooklyn,1526,30,-73.91422,40.68032
3041519,139,HOPKINSON AVENUE,11233,316,Brooklyn,1527,2,-73.91363,40.68017
3041563,348,SUMPTER STREET,11233,316,Brooklyn,1528,23,-73.91007,40.6809
3041573,1921,FULTON STREET,11233,303,Brooklyn,1530,1,-73.91949,40.67903
3041585,68,MAC DOUGAL STREET,11233,303,Brooklyn,1531,10,-73.91845,40.67919
3041693,121,HULL STREET,11233,316,Brooklyn,1533,61,-73.91262,40.67957
3041697,105,HULL STREET,11233,316,Brooklyn,1533,69,-73.9132,40.6795
3041698,103,HULL STREET,11233,316,Brooklyn,1533,70,-73.91328,40.6795
3041719,276,MAC DOUGAL STREET,11233,316,Brooklyn,1534,25,-73.90924,40.68024
3041728,203,HULL STREET,11233,316,Brooklyn,1534,38,-73.90875,40.68002
3041729,201,HULL STREET,11233,316,Brooklyn,1534,39,-73.90886,40.68
3041732,193,HULL STREET,11233,316,Brooklyn,1534,44,-73.90908,40.67992
3041736,183,HULL STREET,11233,316,Brooklyn,1534,50,-73.90949,40.67993
3041766,316,MAC DOUGAL STREET,11233,316,Brooklyn,1535,11,-73.90755,40.68044
3041776,249,HULL STREET,11233,316,Brooklyn,1535,7501,-73.90691,40.68023
3041783,211,HULL STREET,11233,316,Brooklyn,1535,56,-73.90821,40.68008
3041798,1997,FULTON STREET,11233,316,Brooklyn,1537,14,-73.9147,40.6787
3041831,82,HULL STREET,11233,316,Brooklyn,1538,8,-73.91321,40.67907
3041968,212,HULL STREET,11233,316,Brooklyn,1540,22,-73.90707,40.67974
3041971,218,HULL STREET,11233,316,Brooklyn,1540,25,-73.90681,40.67978
3041987,139,SOMERS STREET,11233,316,Brooklyn,1540,54,-73.90705,40.67946
3042012,56,SOMERS STREET,11233,316,Brooklyn,1542,12,-73.90995,40.6787
3042013,56A,SOMERS STREET,11233,316,Brooklyn,1542,13,-73.90988,40.6787
3042051,110,SOMERS STREET,11233,316,Brooklyn,1543,20,-73.90723,40.679
3042081,105,TRUXTON STREET,11233,316,Brooklyn,1544,50,-73.90553,40.67889
3042083,101,TRUXTON STREET,11233,316,Brooklyn,1544,52,-73.90566,40.67887
3042235,2160,FULTON STREET,11233,316,Brooklyn,1552,11,-73.91032,40.67801
3042242,2172,FULTON STREET,11233,316,Brooklyn,1552,18,-73.90981,40.67798
3042248,2182,FULTON STREET,11233,316,Brooklyn,1552,25,-73.90931,40.67795
3042259,2204,FULTON STREET,11233,316,Brooklyn,1552,38,-73.90838,40.6779
3042261,2206,FULTON STREET,11233,316,Brooklyn,1552,40,-73.90823,40.67789
3042291,1409,HERKIMER STREET,11233,316,Brooklyn,1553,34,-73.90668,40.67753
3042315,1449,HERKIMER STREET,11233,316,Brooklyn,1554,60,-73.90545,40.67746
3042428,255,SARATOGA AVENUE,11233,316,Brooklyn,1562,10,-73.91611,40.67728
3042432,1122,HERKIMER STREET,11233,316,Brooklyn,1562,15,-73.91622,40.6776
3042450,20,ROOSEVELT PLACE,11233,316,Brooklyn,1562,35,-73.91576,40.67709
3042498,219,HOPKINSON AVENUE,11233,316,Brooklyn,1565,8,-73.91335,40.67699
3042519,18,MARCONI PLACE,11233,316,Brooklyn,1565,33,-73.91299,40.67704
3042553,1258,HERKIMER STREET,11233,316,Brooklyn,1566,25,-73.91191,40.67737
3042592,190,ROCKAWAY AVENUE,11233,316,Brooklyn,1567,38,-73.91116,40.67675
3042649,1322,HERKIMER STREET,11233,316,Brooklyn,1569,16,-73.90976,40.67725
3042652,1328,HERKIMER STREET,11233,316,Brooklyn,1569,19,-73.90955,40.67723
3042656,1336,HERKIMER STREET,11233,316,Brooklyn,1569,23,-73.90928,40.67722
3042690,1871,EASTERN PARKWAY,11233,316,Brooklyn,1570,36,-73.9084,40.67651
3042691,1869,EASTERN PARKWAY,11233,316,Brooklyn,1570,37,-73.9084,40.67646
3042745,2363,ATLANTIC AVENUE,11233,316,Brooklyn,1572,40,-73.90678,40.67641
3042765,1444,HERKIMER STREET,11233,316,Brooklyn,1573,21,-73.90565,40.67701
3042797,1480,HERKIMER STREET,11233,316,Brooklyn,1574,16,-73.90468,40.67697
3042823,25,MARCUS GARVEY AVENUE,11206,303,Brooklyn,1579,4,-73.94092,40.69893
3042888,327,VERNON AVENUE,11206,303,Brooklyn,1585,47,-73.93847,40.69609
3042898,948,BROADWAY,11221,303,Brooklyn,1586,34,-73.93523,40.69674
3042956,819,WILLOUGHBY AVENUE,11206,303,Brooklyn,1589,7501,-73.93567,40.69566
3042985,994,BROADWAY,11221,303,Brooklyn,1590,14,-73.93398,40.69598
3043010,752,WILLOUGHBY AVENUE,11206,303,Brooklyn,1591,27,-73.93878,40.69484
3043048,856,WILLOUGHBY AVENUE,11221,303,Brooklyn,1593,12,-73.93399,40.69539
3043075,316,HART STREET,11206,303,Brooklyn,1594,24,-73.93881,40.69408
3043086,88,LEWIS AVENUE,11206,303,Brooklyn,1594,42,-73.93757,40.69428
3043117,424,HART STREET,11221,303,Brooklyn,1596,12,-73.93385,40.69465
3043176,4,MALCOLM X BOULEVARD,11221,303,Brooklyn,1599,36,-73.9316,40.69419
3043205,902,DE KALB AVENUE,11221,303,Brooklyn,1601,2,-73.93977,40.69247
3043288,533,KOSCIUSKO STREET,11221,303,Brooklyn,1603,78,-73.93349,40.69291
3043448,524,KOSCIUSKO STREET,11221,303,Brooklyn,1607,18,-73.93291,40.69252
3043473,1003,LAFAYETTE AVENUE,11221,303,Brooklyn,1607,55,-73.93193,40.69234
3043486,981,LAFAYETTE AVENUE,11221,303,Brooklyn,1607,68,-73.93286,40.69223
3043531,884,LAFAYETTE AVENUE,11221,303,Brooklyn,1609,37,-73.93729,40.69125
3043532,886,LAFAYETTE AVENUE,11221,303,Brooklyn,1609,38,-73.93723,40.69126
3043553,211,VAN BUREN STREET,11221,303,Brooklyn,1609,61,-73.93787,40.69091
3043571,171,VAN BUREN STREET,11221,303,Brooklyn,1609,79,-73.93919,40.69076
3043600,936A,LAFAYETTE AVENUE,11221,303,Brooklyn,1610,32,-73.93484,40.69155
3043638,63,MALCOLM X BOULEVARD,11221,303,Brooklyn,1612,5,-73.93055,40.69193
3043670,481,VAN BUREN STREET,11221,303,Brooklyn,1612,62,-73.92926,40.6919
3043671,479,VAN BUREN STREET,11221,303,Brooklyn,1612,64,-73.92944,40.69188
3043787,857,GREENE AVENUE,11221,303,Brooklyn,1615,46,-73.93374,40.69064
3043811,815,GREENE AVENUE,11221,303,Brooklyn,1615,73,-73.93552,40.69043
3043890,32,PATCHEN AVENUE,11221,303,Brooklyn,1617,42,-73.92802,40.69143
3043948,241,MARCUS GARVEY AVENUE,11221,303,Brooklyn,1619,8,-73.93908,40.68955
3043970,772,GREENE AVENUE,11221,303,Brooklyn,1619,32,-73.93745,40.68974
3044027,808,GREENE AVENUE,11221,303,Brooklyn,1620,14,-73.93581,40.68993
3044051,856,GREENE AVENUE,11221,303,Brooklyn,1620,43,-73.93384,40.69016
3044118,733,LEXINGTON AVENUE,11221,303,Brooklyn,1621,63,-73.93172,40.69012
3044135,942,GREENE AVENUE,11221,303,Brooklyn,1622,11,-73.93013,40.69059
3044193,1046,GREENE AVENUE,11221,303,Brooklyn,1623,29,-73.92592,40.69107
3044236,567,QUINCY STREET,11221,303,Brooklyn,1624,51,-73.93666,40.6888
3044243,553,QUINCY STREET,11221,303,Brooklyn,1624,60,-73.93732,40.68872
3044244,551,QUINCY STREET,11221,303,Brooklyn,1624,61,-73.93739,40.68872
3044268,211,LEWIS AVENUE,11221,303,Brooklyn,1625,9,-73.93603,40.68921
3044374,60,PATCHEN AVENUE,11221,303,Brooklyn,1627,45,-73.92781,40.6902
3044457,787,QUINCY STREET,11221,303,Brooklyn,1628,77,-73.92654,40.68996
3044525,125,MALCOLM X BOULEVARD,11221,303,Brooklyn,1632,6,-73.93005,40.68921
3044798,536,MONROE STREET,11221,303,Brooklyn,1639,35,-73.93639,40.68687
3045160,709,PUTNAM AVENUE,11221,303,Brooklyn,1645,47,-73.9333,40.68619
3045199,233,STUYVESANT AVENUE,11221,303,Brooklyn,1646,10,-73.9325,40.68667
3045203,662,MADISON STREET,11221,303,Brooklyn,1646,18,-73.93167,40.68666
3045225,763,PUTNAM AVENUE,11221,303,Brooklyn,1646,56,-73.93103,40.68645
3045243,795,PUTNAM AVENUE,11221,303,Brooklyn,1647,1,-73.9296,40.68658
3045296,831,PUTNAM AVENUE,11221,303,Brooklyn,1647,68,-73.9282,40.68678
3045329,834,MADISON STREET,11221,303,Brooklyn,1648,34,-73.92457,40.68751
3045330,836,MADISON STREET,11221,303,Brooklyn,1648,35,-73.92449,40.68748
3045374,304,LEWIS AVENUE,11221,303,Brooklyn,1649,41,-73.93582,40.68543
3045501,214,MALCOLM X BOULEVARD,11221,303,Brooklyn,1651,45,-73.92997,40.68594
3045561,152,PATCHEN AVENUE,11221,303,Brooklyn,1652,44,-73.927,40.68613
3045628,950,PUTNAM AVENUE,11221,303,Brooklyn,1653,44,-73.92408,40.68678
3045631,92,RALPH AVENUE,11221,303,Brooklyn,1653,48,-73.92381,40.68686
3045659,494,JEFFERSON AVENUE,11221,303,Brooklyn,1654,3,-73.93803,40.68443
3045660,498,JEFFERSON AVENUE,11221,303,Brooklyn,1654,5,-73.9379,40.68445
3045778,545,HANCOCK STREET,11233,303,Brooklyn,1655,62,-73.93349,40.68467
3045800,575,HANCOCK STREET,11233,303,Brooklyn,1656,1,-73.93211,40.68476
3045826,222,MALCOLM X BOULEVARD,11221,303,Brooklyn,1656,38,-73.92983,40.68548
3045833,633,HANCOCK STREET,11233,303,Brooklyn,1656,48,-73.93002,40.68507
3045923,770,JEFFERSON AVENUE,11221,303,Brooklyn,1658,11,-73.92624,40.68579
3045990,725,HANCOCK STREET,11233,303,Brooklyn,1658,90,-73.92596,40.68553
3046019,478,HANCOCK STREET,11233,303,Brooklyn,1659,32,-73.93607,40.68391
3046242,631,HALSEY STREET,11233,303,Brooklyn,1662,56,-73.9271,40.68465
3046321,729,HALSEY STREET,11233,303,Brooklyn,1663,56,-73.92342,40.68497
3046337,693,HALSEY STREET,11233,303,Brooklyn,1663,73,-73.92474,40.68493
3046339,689,HALSEY STREET,11233,303,Brooklyn,1663,76,-73.92493,40.6849
3046348,669,HALSEY STREET,11233,303,Brooklyn,1663,89,-73.92589,40.68479
3046402,363,MACON STREET,11233,303,Brooklyn,1664,76,-73.93705,40.68276
3046434,320,STUYVESANT AVENUE,11233,303,Brooklyn,1665,44,-73.93247,40.68368
3046484,566,HALSEY STREET,11233,303,Brooklyn,1666,13,-73.9316,40.68367
3046585,686,HALSEY STREET,11233,303,Brooklyn,1667,43,-73.92651,40.68429
3046780,225,MAC DONOUGH STREET,11233,303,Brooklyn,1669,70,-73.93719,40.68199
3046859,345,STUYVESANT AVENUE,11233,303,Brooklyn,1671,2,-73.93171,40.68257
3047005,172,RALPH AVENUE,11233,303,Brooklyn,1673,51,-73.92309,40.68392
3047096,378,STUYVESANT AVENUE,11233,303,Brooklyn,1675,40,-73.932,40.68185
3047235,242,PATCHEN AVENUE,11233,303,Brooklyn,1677,47,-73.92616,40.68251
3047370,170,DECATUR STREET,11233,303,Brooklyn,1679,14,-73.93649,40.68086
3047483,312,DECATUR STREET,11233,303,Brooklyn,1681,16,-73.931,40.68149
3047618,217,BAINBRIDGE STREET,11233,303,Brooklyn,1682,82,-73.92849,40.6815
3047630,448,DECATUR STREET,11233,303,Brooklyn,1683,16,-73.9249,40.6822
3047734,120A,BAINBRIDGE STREET,11233,303,Brooklyn,1685,27,-73.93255,40.68056
3047802,164,BAINBRIDGE STREET,11233,303,Brooklyn,1686,22,-73.9304,40.68081
3047845,173,CHAUNCEY STREET,11233,303,Brooklyn,1687,1,-73.92831,40.68066
3047900,185,CHAUNCEY STREET,11233,303,Brooklyn,1687,77,-73.92765,40.68084
3047981,575,HERKIMER STREET,11213,303,Brooklyn,1700,62,-73.93436,40.67904
3048241,33,BUFFALO AVENUE,11233,303,Brooklyn,1712,11,-73.92444,40.67788
3048339,175,HOPKINS STREET,11206,303,Brooklyn,1722,49,-73.94529,40.69981
3048396,747,PARK AVENUE,11206,303,Brooklyn,1731,34,-73.94579,40.69825
3048512,541,MARCY AVENUE,11206,303,Brooklyn,1743,6,-73.9492,40.69661
3048648,135,VERNON AVENUE,11206,303,Brooklyn,1755,49,-73.94682,40.69513
3048663,131,TOMPKINS AVENUE,11206,303,Brooklyn,1756,1,-73.94599,40.69511
3048697,956,MYRTLE AVENUE,11206,303,Brooklyn,1757,9,-73.94324,40.69582
3048720,249,VERNON AVENUE,11206,303,Brooklyn,1757,51,-73.94166,40.69572
3048739,978A,MYRTLE AVENUE,11206,303,Brooklyn,1757,120,-73.94225,40.69593
3048743,12,VERNON AVENUE,11206,303,Brooklyn,1758,12,-73.95171,40.6941
3048811,611,MARCY AVENUE,11206,303,Brooklyn,1759,1,-73.94867,40.69405
3048813,601,MARCY AVENUE,11206,303,Brooklyn,1759,5,-73.9487,40.69437
3048825,521,WILLOUGHBY AVENUE,11206,303,Brooklyn,1759,73,-73.94849,40.69418
3048853,266,THROOP AVENUE,11206,303,Brooklyn,1760,41,-73.94366,40.69511
3048870,621,WILLOUGHBY AVENUE,11206,303,Brooklyn,1760,63,-73.94459,40.69463
3048924,685,WILLOUGHBY AVENUE,11206,303,Brooklyn,1761,56,-73.94181,40.69495
3048978,234,SPENCER STREET,11205,303,Brooklyn,1762,69,-73.9548,40.69134
3049130,570,WILLOUGHBY AVENUE,11206,303,Brooklyn,1767,35,-73.94656,40.69394
3049228,247,HART STREET,11206,303,Brooklyn,1769,57,-73.94131,40.69426
3049246,18,HART STREET,11206,303,Brooklyn,1770,16,-73.95128,40.69265
3049360,166,HART STREET,11206,303,Brooklyn,1772,20,-73.94492,40.69338
3049474,653,MARCY AVENUE,11206,303,Brooklyn,1775,6,-73.9483,40.69212
3049485,98,PULASKI STREET,11206,303,Brooklyn,1775,20,-73.94752,40.69234
3049486,100,PULASKI STREET,11206,303,Brooklyn,1775,21,-73.94739,40.69235
3049569,146,MARCUS GARVEY AVENUE,11206,303,Brooklyn,1777,33,-73.94035,40.69313
3049570,148,MARCUS GARVEY AVENUE,11206,303,Brooklyn,1777,33,-73.94035,40.69313
3049571,152,MARCUS GARVEY AVENUE,11206,303,Brooklyn,1777,33,-73.94035,40.69313
3049586,851,DE KALB AVENUE,11221,303,Brooklyn,1777,64,-73.94225,40.69266
3049596,979,BEDFORD AVENUE,11205,303,Brooklyn,1778,6,-73.95502,40.69058
3049634,209,KOSCIUSKO STREET,11216,303,Brooklyn,1780,58,-73.94658,40.69141
3049635,207,KOSCIUSKO STREET,11216,303,Brooklyn,1780,59,-73.94665,40.6914
3049715,18,KOSCIUSKO STREET,11205,303,Brooklyn,1783,15,-73.95454,40.69003
3049763,503,LAFAYETTE AVENUE,11205,303,Brooklyn,1783,97,-73.95449,40.68975
3049764,501,LAFAYETTE AVENUE,11205,303,Brooklyn,1783,98,-73.95456,40.68974
3049802,665,LAFAYETTE AVENUE,11216,303,Brooklyn,1785,72,-73.94772,40.69053
3049805,662,LAFAYETTE AVENUE,11216,303,Brooklyn,1785,75,-73.94793,40.69051
3049807,660,LAFAYETTE AVENUE,11216,303,Brooklyn,1785,77,-73.94807,40.69049
3049808,235,TOMPKINS AVENUE,11216,303,Brooklyn,1786,1,-73.94514,40.69101
3049810,231,TOMPKINS AVENUE,11216,303,Brooklyn,1786,3,-73.94516,40.69114
3049830,284,KOSCIUSKO STREET,11221,303,Brooklyn,1786,31,-73.94322,40.69133
3049831,286,KOSCIUSKO STREET,11221,303,Brooklyn,1786,33,-73.94312,40.69134
3049835,749,LAFAYETTE AVENUE,11221,303,Brooklyn,1786,47,-73.94318,40.69105
3049846,709,LAFAYETTE AVENUE,11221,303,Brooklyn,1786,64,-73.94465,40.69088
3049874,532,LAFAYETTE AVENUE,11205,303,Brooklyn,1788,25,-73.95364,40.68938
3049883,556,LAFAYETTE AVENUE,11205,303,Brooklyn,1788,38,-73.95267,40.6895
3049977,249,TOMPKINS AVENUE,11216,303,Brooklyn,1791,7,-73.945,40.69032
3050036,788,LAFAYETTE AVENUE,11221,303,Brooklyn,1792,20,-73.94111,40.69077
3050112,316,CLIFTON PLACE,11216,303,Brooklyn,1793,49,-73.95193,40.68883
3050178,732,MARCY AVENUE,11216,303,Brooklyn,1794,52,-73.94817,40.68894
3050252,651,GREENE AVENUE,11221,303,Brooklyn,1795,55,-73.94286,40.68959
3050267,609,GREENE AVENUE,11221,303,Brooklyn,1795,80,-73.94457,40.68935
3050309,697,GREENE AVENUE,11221,303,Brooklyn,1796,62,-73.94058,40.68985
3050318,679,GREENE AVENUE,11221,303,Brooklyn,1796,71,-73.94119,40.68978
3050324,1055,BEDFORD AVENUE,11216,303,Brooklyn,1797,7,-73.95446,40.68776
3050333,420,GREENE AVENUE,11216,303,Brooklyn,1797,18,-73.95375,40.68787
3050415,516,GREENE AVENUE,11216,303,Brooklyn,1798,19,-73.95007,40.68829
3050423,566,GREENE AVENUE,11216,303,Brooklyn,1799,9,-73.94764,40.68864
3050424,570,GREENE AVENUE,11216,303,Brooklyn,1799,11,-73.94748,40.68863
3050437,585,GREENE AVENUE,11216,303,Brooklyn,1799,30,-73.94603,40.68876
3050603,175,QUINCY STREET,11216,303,Brooklyn,1802,100,-73.95406,40.6868
3050604,173,QUINCY STREET,11216,303,Brooklyn,1802,101,-73.95412,40.68679
3050612,325,NOSTRAND AVENUE,11216,303,Brooklyn,1803,4,-73.95069,40.68725
3050617,315,NOSTRAND AVENUE,11216,303,Brooklyn,1803,9,-73.95074,40.68752
3050644,281,QUINCY STREET,11216,303,Brooklyn,1803,74,-73.94947,40.68733
3050654,257,QUINCY STREET,11216,303,Brooklyn,1803,86,-73.95045,40.68722
3050703,345,QUINCY STREET,11216,303,Brooklyn,1804,68,-73.94681,40.68763
3050728,444,LEXINGTON AVENUE,11221,303,Brooklyn,1805,27,-73.94316,40.68834
3050736,462,LEXINGTON AVE,11221,303,Brooklyn,1805,39,-73.94246,40.68842
3050820,180,QUINCY STREET,11216,303,Brooklyn,1807,13,-73.95381,40.68636
3050852,375,GATES AVENUE,11216,303,Brooklyn,1807,75,-73.95222,40.68626
3050883,276A,QUINCY STREET,11216,303,Brooklyn,1808,16,-73.95002,40.6868
3050908,425,GATES AVENUE,11216,303,Brooklyn,1808,85,-73.94993,40.68652
3050975,553,GATES AVENUE,11221,303,Brooklyn,1810,1,-73.9445,40.68715
3051020,593,GATES AVENUE,11221,303,Brooklyn,1810,61,-73.94311,40.68731
3051021,587,GATES AVENUE,11221,303,Brooklyn,1810,64,-73.94342,40.68727
3051025,567,GATES AVENUE,11221,303,Brooklyn,1810,73,-73.94402,40.68721
3051033,480,QUINCY STREET,11221,303,Brooklyn,1811,3,-73.94159,40.68777
3051057,340,GATES AVENUE,11216,303,Brooklyn,1812,21,-73.95296,40.68571
3051061,348A,GATES AVENUE,11216,303,Brooklyn,1812,28,-73.95259,40.68575
3051109,426,GATES AVENUE,11216,303,Brooklyn,1813,26,-73.94909,40.68615
3051122,808,MARCY AVENUE,11216,303,Brooklyn,1813,51,-73.94763,40.68604
3051124,273,MONROE STREET,11216,303,Brooklyn,1813,53,-73.94761,40.68593
3051200,289A,MONROE STREET,11216,303,Brooklyn,1814,68,-73.94675,40.68614
3051299,142,MONROE STREET,11216,303,Brooklyn,1817,15,-73.95344,40.68491
3051366,373,NOSTRAND AVENUE,11216,303,Brooklyn,1818,1,-73.95025,40.6851
3051409,822,MARCY AVENUE,11216,303,Brooklyn,1818,46,-73.94752,40.68539
3051410,826,MARCY AVENUE,11216,303,Brooklyn,1818,47,-73.9475,40.68531
3051446,223,MADISON STREET,11216,303,Brooklyn,1818,86,-73.95007,40.685
3051450,823,MARCY AVENUE,11216,303,Brooklyn,1819,5,-73.94694,40.68549
3051453,817,MARCY AVENUE,11216,303,Brooklyn,1819,8,-73.94697,40.68565
3051468,351,TOMPKINS AVENUE,11216,303,Brooklyn,1820,4,-73.94411,40.6858
3051494,396A,MONROE STREET,11221,303,Brooklyn,1820,32,-73.94253,40.68616
3051512,411,MADISON STREET,11221,303,Brooklyn,1820,51,-73.94199,40.68594
3051523,389,MADISON STREET,11221,303,Brooklyn,1820,62,-73.94276,40.68585
3051550,144,MADISON STREET,11216,303,Brooklyn,1822,15,-73.95329,40.68417
3051571,200,MADISON STREET,11216,303,Brooklyn,1822,48,-73.95106,40.68443
3051617,397,NOSTRAND AVENUE,11216,303,Brooklyn,1823,2,-73.95007,40.6842
3051619,393,NOSTRAND AVENUE,11216,303,Brooklyn,1823,4,-73.9501,40.68432
3051637,246,MADISON STREET,11216,303,Brooklyn,1823,27,-73.94894,40.68467
3051688,415,PUTNAM AVENUE,11216,303,Brooklyn,1824,49,-73.94474,40.68487
3051703,385 A,PUTNAM AVENUE,11216,303,Brooklyn,1824,65,-73.94588,40.68474
3051746,493,PUTNAM AVENUE,11221,303,Brooklyn,1825,42,-73.94164,40.68523
3051783,438,MADISON STREET,11221,303,Brooklyn,1826,15,-73.94069,40.68563
3051784,440,MADISON STREET,11221,303,Brooklyn,1826,16,-73.94061,40.68564
3051785,442,MADISON STREET,11221,303,Brooklyn,1826,18,-73.94051,40.68565
3051787,446,MADISON STREET,11221,303,Brooklyn,1826,20,-73.94032,40.68567
3051788,448,MADISON STREET,11221,303,Brooklyn,1826,21,-73.94024,40.68568
3051790,452,MADISON STREET,11221,303,Brooklyn,1826,23,-73.94005,40.6857
3051795,464,MADISON STREET,11221,303,Brooklyn,1826,29,-73.93948,40.68576
3051833,1175,BEDFORD AVENUE,11216,303,Brooklyn,1827,6,-73.95361,40.68327
3051849,232A,PUTNAM AVENUE,11216,303,Brooklyn,1827,34,-73.95189,40.68359
3051874,456,NOSTRAND AVENUE,11216,303,Brooklyn,1827,60,-73.95048,40.68338
3051922,334,PUTNAM AVENUE,11216,303,Brooklyn,1828,36,-73.94788,40.68405
3051961,215,JEFFERSON AVENUE,11216,303,Brooklyn,1828,78,-73.94897,40.68364
3052112,355,JEFFERSON AVENUE,11221,303,Brooklyn,1830,74,-73.94357,40.68426
3052132,522,PUTNAM AVENUE,11221,303,Brooklyn,1831,16,-73.94051,40.68489
3052162,356,MARCUS GARVEY AVENUE,11221,303,Brooklyn,1831,47,-73.93871,40.68488
3052176,461,JEFFERSON AVENUE,11221,303,Brooklyn,1831,62,-73.93963,40.68472
3052310,221,HANCOCK STREET,11216,303,Brooklyn,1833,52,-73.94736,40.68307
3052337,165,HANCOCK STREET,11216,303,Brooklyn,1833,79,-73.94933,40.68285
3052379,400,TOMPKINS AVENUE,11216,303,Brooklyn,1834,39,-73.94425,40.68356
3052380,402,TOMPKINS AVENUE,11216,303,Brooklyn,1834,41,-73.9442,40.68349
3052393,279,HANCOCK STREET,11216,303,Brooklyn,1834,55,-73.94508,40.68334
3052411,411,TOMPKINS AVENUE,11216,303,Brooklyn,1835,3,-73.94369,40.6835
3052412,409,TOMPKINS AVENUE,11216,303,Brooklyn,1835,4,-73.9437,40.68355
3052414,346,JEFFERSON AVENUE,11221,303,Brooklyn,1835,7,-73.9438,40.68377
3052473,333,HANCOCK STREET,11216,303,Brooklyn,1835,69,-73.94274,40.68361
3052482,315,HANCOCK STREET,11216,303,Brooklyn,1835,78,-73.94331,40.68354
3052485,309,HANCOCK STREET,11216,303,Brooklyn,1835,81,-73.9435,40.68349
3052516,464A,JEFFERSON AVENUE,11221,303,Brooklyn,1836,35,-73.93932,40.68428
3052519,470,JEFFERSON AVENUE,11221,303,Brooklyn,1836,38,-73.93914,40.6843
3052603,128,HANCOCK STREET,11216,303,Brooklyn,1837,47,-73.9507,40.68223
3052650,13,HALSEY STREET,11216,303,Brooklyn,1837,99,-73.95293,40.68168
3052696,159,HALSEY STREET,11216,303,Brooklyn,1838,53,-73.9473,40.68233
3052730,236,HANCOCK STREET,11216,303,Brooklyn,1839,5,-73.94641,40.6827
3052876,390,HANCOCK STREET,11216,303,Brooklyn,1841,13,-73.94018,40.68343
3052879,398,HANCOCK STREET,11216,303,Brooklyn,1841,17,-73.9399,40.68347
3052960,46,HALSEY STREET,11216,303,Brooklyn,1842,29,-73.95184,40.68135
3053139,203,MACON STREET,11216,303,Brooklyn,1846,78,-73.94312,40.68206
3053167,380,HALSEY STREET,11216,303,Brooklyn,1847,29,-73.93885,40.68284
3053171,388,HALSEY STREET,11216,303,Brooklyn,1847,33,-73.93853,40.68288
3053249,1337,FULTON STREET,11216,303,Brooklyn,1849,36,-73.94794,40.68052
3053288,1347,FULTON STREET,11216,303,Brooklyn,1850,48,-73.94733,40.68049
3053294,118,MACON STREET,11216,303,Brooklyn,1851,4,-73.94606,40.68126
3053337,25,MAC DONOUGH STREET,11216,303,Brooklyn,1851,63,-73.94541,40.68105
3053347,473,TOMPKINS AVENUE,11216,303,Brooklyn,1852,3,-73.94321,40.68129
3053349,469,TOMPKINS AVENUE,11216,303,Brooklyn,1852,5,-73.94323,40.6814
3053380,622,THROOP AVENUE,11216,303,Brooklyn,1852,46,-73.94083,40.68157
3053382,133,MAC DONOUGH STREET,11216,303,Brooklyn,1852,49,-73.94102,40.68155
3053416,310,MACON STREET,11216,303,Brooklyn,1853,37,-73.9384,40.68214
3053470,1407,FULTON STREET,11216,303,Brooklyn,1854,59,-73.94491,40.68036
3053543,31,DECATUR STREET,11216,303,Brooklyn,1855,66,-73.94209,40.68068
3053621,1515,FULTON STREET,11216,303,Brooklyn,1857,4,-73.94074,40.68014
3053623,1511,FULTON STREET,11216,303,Brooklyn,1857,6,-73.9409,40.68015
3053625,1507,FULTON STREET,11216,303,Brooklyn,1857,8,-73.94104,40.68016
3053629,1499,FULTON STREET,11216,303,Brooklyn,1857,12,-73.94132,40.68017
3053645,4,DECATUR STREET,11216,303,Brooklyn,1857,33,-73.94298,40.68019
3053661,629,THROOP AVENUE,11216,303,Brooklyn,1858,2,-73.94013,40.68031
3053764,175,HERKIMER STREET,11216,303,Brooklyn,1861,46,-73.94756,40.67976
3053810,1470,FULTON STREET,11216,303,Brooklyn,1863,31,-73.94211,40.67974
3053815,1478,FULTON STREET,11216,303,Brooklyn,1863,36,-73.9418,40.67973
3053862,429,HERKIMER STREET,11213,303,Brooklyn,1864,45,-73.93915,40.67929
3053939,551,NOSTRAND AVENUE,11216,303,Brooklyn,1867,1,-73.94942,40.67864
3053956,146,HERKIMER STREET,11216,303,Brooklyn,1867,28,-73.94852,40.67936
3053982,48,NEW YORK AVENUE,11216,303,Brooklyn,1867,60,-73.9472,40.67865
3054055,1511,ATLANTIC AVENUE,11213,303,Brooklyn,1871,57,-73.93896,40.67816
3054057,1507,ATLANTIC AVENUE,11213,303,Brooklyn,1871,59,-73.93911,40.67818
3054278,90,CLINTON AVENUE,11205,302,Brooklyn,1887,68,-73.96948,40.69487
3054300,425,MYRTLE AVENUE,11205,302,Brooklyn,1888,1,-73.96852,40.69329
3054357,87,WAVERLY AVENUE,11205,302,Brooklyn,1889,28,-73.96793,40.69509
3054358,85,WAVERLY AVENUE,11205,302,Brooklyn,1889,29,-73.96793,40.69514
3054395,154,WASHINGTON AVENUE,11205,302,Brooklyn,1889,81,-73.96729,40.69407
3054493,76,RYERSON STREET,11205,302,Brooklyn,1891,48,-73.96564,40.6954
3054505,102,RYERSON STREET,11205,302,Brooklyn,1891,61,-73.96551,40.6947
3054530,125,RYERSON STREET,11205,302,Brooklyn,1892,3,-73.96481,40.69411
3054587,104,STEUBEN STREET,11205,302,Brooklyn,1893,50,-73.96352,40.69429
3054735,95,FRANKLIN AVENUE,11205,303,Brooklyn,1899,23,-73.95806,40.69611
3054752,645,MYRTLE AVENUE,11205,303,Brooklyn,1899,73,-73.9579,40.6946
3054811,448,MYRTLE AVENUE,11205,302,Brooklyn,1903,21,-73.9675,40.69303
3054898,155,EMERSON PLACE,11205,302,Brooklyn,1909,1,-73.96178,40.69268
3054944,162,FRANKLIN AVENUE,11205,303,Brooklyn,1912,37,-73.95819,40.69382
3055022,262,CLINTON AVENUE,11205,302,Brooklyn,1915,51,-73.96866,40.69041
3055151,942,KENT AVENUE,11205,303,Brooklyn,1925,38,-73.95916,40.69209
3055168,485,DE KALB AVENUE,11205,303,Brooklyn,1926,68,-73.95757,40.69083
3055252,970,BEDFORD AVENUE,11205,303,Brooklyn,1928,58,-73.95588,40.69163
3055443,1022,BEDFORD AVENUE,11205,303,Brooklyn,1942,38,-73.95555,40.68996
3055584,348,LAFAYETTE AVENUE,11238,302,Brooklyn,1948,18,-73.96144,40.68848
3055587,356,LAFAYETTE AVENUE,11238,302,Brooklyn,1948,22,-73.96114,40.68852
3055589,362,LAFAYETTE AVENUE,11238,302,Brooklyn,1948,25,-73.96094,40.68855
3055698,183,CLIFTON PLACE,11216,303,Brooklyn,1950,54,-73.95663,40.68875
3055807,327,FRANKLIN AVENUE,11238,303,Brooklyn,1954,2,-73.95679,40.6882
3055842,355,GREENE AVENUE,11216,303,Brooklyn,1954,54,-73.95686,40.68795
3055849,46,GREENE AVENUE,11238,302,Brooklyn,1957,30,-73.97069,40.68595
3055921,405,CLERMONT AVENUE,11238,302,Brooklyn,1959,19,-73.969,40.68542
3055983,43,GATES AVENUE,11238,302,Brooklyn,1961,1,-73.96671,40.68449
3055997,130,GREENE AVENUE,11238,302,Brooklyn,1961,38,-73.96671,40.68642
3056066,110,ST JAMES PLACE,11238,302,Brooklyn,1963,45,-73.96472,40.68656
3056070,118,ST JAMES PLACE,11238,302,Brooklyn,1963,49,-73.96468,40.68635
3056174,117,GATES AVENUE,11238,302,Brooklyn,1964,73,-73.96363,40.68495
3056259,250,GREENE AVENUE,11238,302,Brooklyn,1966,22,-73.96107,40.68703
3056315,338,FRANKLIN AVENUE,11238,303,Brooklyn,1967,41,-73.95719,40.68752
3056418,90,LEXINGTON AVENUE,11238,303,Brooklyn,1970,21,-73.95834,40.68659
3056448,367,FRANKLIN AVENUE,11238,303,Brooklyn,1971,2,-73.95651,40.68674
3056463,1098,BEDFORD AVENUE,11216,303,Brooklyn,1971,25,-73.95496,40.68709
3056554,249,GATES AVENUE,11238,303,Brooklyn,1973,56,-73.95758,40.68566
3056589,391,FRANKLIN AVENUE,11238,303,Brooklyn,1974,51,-73.95626,40.68576
3056597,470,CLINTON AVENUE,11238,302,Brooklyn,1976,7,-73.96738,40.68407
3056626,921,FULTON STREET,11238,302,Brooklyn,1977,32,-73.96635,40.68357
3056788,418,GRAND AVENUE,11238,302,Brooklyn,1981,54,-73.9622,40.68385
3056952,69,PUTNAM AVENUE,11238,302,Brooklyn,1984,77,-73.95911,40.68311
3056956,463,CLASSON AVENUE,11238,303,Brooklyn,1985,5,-73.95894,40.68485
3057109,25,MADISON STREET,11238,303,Brooklyn,1987,71,-73.95816,40.68407
3057327,463,FRANKLIN AVENUE,11238,303,Brooklyn,1996,2,-73.95578,40.68302
3057442,19,SPENCER PLACE,11216,303,Brooklyn,2000,5,-73.95422,40.68142
3057443,17,SPENCER PLACE,11216,303,Brooklyn,2000,6,-73.95424,40.68148
3057680,89,LEFFERTS PLACE,11238,302,Brooklyn,2015,70,-73.95975,40.68139
3057720,1128,FULTON STREET,11238,303,Brooklyn,2016,41,-73.95601,40.68093
3057758,1166,FULTON STREET,11216,303,Brooklyn,2017,30,-73.95441,40.68063
3057761,1172,FULTON STREET,11216,303,Brooklyn,2017,33,-73.9542,40.6806
3057773,31,BREVOORT PLACE,11216,303,Brooklyn,2017,52,-73.95426,40.68035
3057898,557,FRANKLIN AVENUE,11238,303,Brooklyn,2021,4,-73.95506,40.67958
3057984,55,CARLTON AVENUE,11205,302,Brooklyn,2031,1,-73.97324,40.69633
3058006,155,PARK AVENUE,11205,302,Brooklyn,2031,60,-73.97313,40.69642
3058517,240,ADELPHI STREET,11205,302,Brooklyn,2090,54,-73.97163,40.69046
3058604,102,DE KALB AVENUE,11201,302,Brooklyn,2095,28,-73.97878,40.68964
3058745,79,FORT GREENE PLACE,11217,302,Brooklyn,2098,5,-73.97637,40.68769
3058908,40,SOUTH OXFORD STREET,11217,302,Brooklyn,2100,58,-73.97418,40.68844
3059273,101,SOUTH ELLIOTT PLACE,11217,302,Brooklyn,2114,17,-73.9752,40.68634
3059551,208,BROADWAY,11211,301,Brooklyn,2133,14,-73.96137,40.7094
3059567,70,SOUTH 8 STREET,11249,301,Brooklyn,2136,11,-73.96675,40.70974
3059576,77,SOUTH 9 STREET,11249,301,Brooklyn,2136,30,-73.96619,40.70915
3059730,156,SOUTH 9 STREET,11211,301,Brooklyn,2148,7,-73.96234,40.70826
3060172,110,LEE AVENUE,11211,301,Brooklyn,2199,33,-73.95878,40.70433
3060353,178,HOOPER STREET,11211,301,Brooklyn,2206,7,-73.9577,40.70427
3060777,154,PENN STREET,11211,301,Brooklyn,2218,27,-73.95725,40.7026
3060844,216,PENN STREET,11211,301,Brooklyn,2219,32,-73.95534,40.70384
3061231,239,LEE AVENUE,11206,301,Brooklyn,2236,1,-73.95437,40.70104
3061409,273,LEE AVENUE,11206,301,Brooklyn,2264,3,-73.95337,40.69987
3061782,146,NORTH    9 STREET,11249,301,Brooklyn,2311,15,-73.9574,40.71919
3061933,143,NORTH    7 STREET,11249,301,Brooklyn,2319,30,-73.95809,40.71833
3061968,212,NORTH 8 STREET,11211,301,Brooklyn,2321,10,-73.95548,40.71708
3062012,298,NORTH    8 STREET,11211,301,Brooklyn,2323,18,-73.95256,40.71526
3062247,213,NORTH    5 STREET,11211,301,Brooklyn,2337,31,-73.95655,40.71544
3062610,127,GRAND STREET,11249,301,Brooklyn,2380,1,-73.96246,40.71518
3062613,128,NORTH    1 STREET,11249,301,Brooklyn,2380,10,-73.96202,40.71523
3062701,335,GRAND STREET,11211,301,Brooklyn,2384,31,-73.95604,40.71275
3062793,192,GRAND STREET,11211,301,Brooklyn,2393,18,-73.96075,40.71405
3062861,430,GRAND STREET,11211,301,Brooklyn,2398,12,-73.95354,40.71135
3062995,183,SOUTH 2 STREET,11211,301,Brooklyn,2407,41,-73.96016,40.7128
3063094,128,SOUTH    2 STREET,11249,301,Brooklyn,2417,18,-73.96272,40.71328
3063104,109,SOUTH    3 STREET,11249,301,Brooklyn,2417,36,-73.96313,40.71301
3063209,380,HOOPER STREET,11211,301,Brooklyn,2425,10,-73.95232,40.70953
3063350,338,SOUTH    3 STREET,11211,301,Brooklyn,2437,11,-73.95382,40.7091
3063366,329,SOUTH 4 STREET,11211,301,Brooklyn,2437,40,-73.95445,40.70897
3063425,333,BERRY STREET,11249,301,Brooklyn,2443,8,-73.96449,40.71215
3063523,418,SOUTH    4 STREET,11211,301,Brooklyn,2452,8,-73.95111,40.70737
3063595,349,BROADWAY,11211,301,Brooklyn,2462,23,-73.95574,40.70792
3063769,98,CLAY STREET,11222,301,Brooklyn,2488,15,-73.95428,40.73646
3063772,104,CLAY STREET,11222,301,Brooklyn,2488,18,-73.954,40.73648
3063803,262,FRANKLIN STREET,11222,301,Brooklyn,2495,3,-73.9582,40.73512
3063819,108,DUPONT STREET,11222,301,Brooklyn,2495,40,-73.9557,40.7356
3063903,90,EAGLE STREET,11222,301,Brooklyn,2504,16,-73.95733,40.73473
3064045,143,GREEN STREET,11222,301,Brooklyn,2512,58,-73.95596,40.73386
3064137,220,FRANKLIN STREET,11222,301,Brooklyn,2522,6,-73.95785,40.7332
3064151,157,HURON STREET,11222,301,Brooklyn,2522,48,-73.95522,40.7332
3064250,47,INDIA STREET,11222,301,Brooklyn,2531,34,-73.95876,40.73215
3064254,202,FRANKLIN STREET,11222,301,Brooklyn,2532,5,-73.95772,40.73243
3064278,168,HURON STREET,11222,301,Brooklyn,2532,40,-73.95498,40.73286
3064326,196,HURON STREET,11222,301,Brooklyn,2533,21,-73.95343,40.73294
3064339,183,INDIA STREET,11222,301,Brooklyn,2533,43,-73.95258,40.73274
3064606,924,MANHATTAN AVENUE,11222,301,Brooklyn,2551,1,-73.95413,40.73104
3064752,178,KENT STREET,11222,301,Brooklyn,2559,13,-73.95353,40.73077
3064763,202,KENT STREET,11222,301,Brooklyn,2559,26,-73.95245,40.73087
3064833,889,MANHATTAN AVENUE,11222,301,Brooklyn,2563,43,-73.95441,40.7299
3065296,69,MESEROLE AVENUE,11222,301,Brooklyn,2594,34,-73.95471,40.72667
3065375,141,MESEROLE AVENUE,11222,301,Brooklyn,2598,27,-73.95139,40.72777
3065396,187,MC GUINNESS BOULEVARD,11222,301,Brooklyn,2599,17,-73.95073,40.72862
3065618,110,MESEROLE AVENUE,11222,301,Brooklyn,2620,3,-73.95227,40.727
3065651,708,MANHATTAN AVENUE,11222,301,Brooklyn,2620,39,-73.9517,40.7258
3066143,151,ECKFORD STREET,11222,301,Brooklyn,2648,26,-73.94953,40.72461
3066245,85,NEWELL STREET,11222,301,Brooklyn,2650,24,-73.94795,40.72529
3066475,226,NORMAN AVENUE,11222,301,Brooklyn,2655,4,-73.94435,40.7273
3066478,233,NORTH HENRY STREET,11222,301,Brooklyn,2655,10,-73.94409,40.72715
3066752,572,MANHATTAN AVENUE,11222,301,Brooklyn,2680,35,-73.94981,40.72261
3067032,60,DIAMOND STREET,11222,301,Brooklyn,2685,67,-73.94611,40.72482
3067038,192,NASSAU AVENUE,11222,301,Brooklyn,2686,1,-73.94525,40.72532
3067049,137,RUSSELL STREET,11222,301,Brooklyn,2686,14,-73.94469,40.72502
3067138,219,KINGSLAND AVENUE,11222,301,Brooklyn,2688,32,-73.9417,40.72407
3067374,729,MEEKER AVENUE,11222,301,Brooklyn,2691,49,-73.93895,40.72377
3067390,584,MORGAN AVENUE,11222,301,Brooklyn,2691,69,-73.93929,40.72463
3067498,787,MEEKER AVENUE,11222,301,Brooklyn,2693,34,-73.9374,40.72465
3067715,103,MONITOR STREET,11222,301,Brooklyn,2704,30,-73.94243,40.72277
3067949,141,RICHARDSON STREET,11211,301,Brooklyn,2725,125,-73.94575,40.71886
3067961,174,BAYARD STREET,11222,301,Brooklyn,2726,12,-73.94524,40.72036
3068016,545,MEEKER AVENUE,11222,301,Brooklyn,2728,32,-73.9433,40.72117
3068287,97,JACKSON STREET,11211,301,Brooklyn,2743,37,-73.94751,40.7166
3068292,366 A,MANHATTAN AVENUE,11211,301,Brooklyn,2744,2,-73.94621,40.71666
3068334,429,HUMBOLDT STREET,11211,301,Brooklyn,2745,25,-73.9433,40.71712
3069385,247,MANHATTAN AVENUE,11211,301,Brooklyn,2781,23,-73.94592,40.71201
3069476,234,POWERS STREET,11211,301,Brooklyn,2784,12,-73.94154,40.71239
3069482,90,BUSHWICK AVENUE,11211,301,Brooklyn,2784,21,-73.94102,40.71214
3069577,139,MAUJER STREET,11206,301,Brooklyn,2788,1,-73.94526,40.71088
3069578,224,MANHATTAN AVENUE,11206,301,Brooklyn,2788,2,-73.94527,40.71095
3069581,230,MANHATTAN AVENUE,11206,301,Brooklyn,2788,5,-73.94526,40.71116
3069623,181,MAUJER STREET,11206,301,Brooklyn,2789,36,-73.9431,40.71119
3069678,53,TEN EYCK STREET,11206,301,Brooklyn,2792,36,-73.94836,40.70997
3069828,111,KINGSLAND AVENUE,11222,301,Brooklyn,2833,9,-73.941,40.72018
3070195,19,KINGSLAND AVENUE,11211,301,Brooklyn,2884,26,-73.94046,40.71659
3070317,945,METROPOLITAN AVENUE,11211,301,Brooklyn,2913,63,-73.9377,40.71478
3070414,16,JUDGE STREET,11211,301,Brooklyn,2920,5,-73.9401,40.71345
3070484,931,GRAND STREET,11211,301,Brooklyn,2924,55,-73.93711,40.71305
3070670,112,HARRISON PLACE,11237,301,Brooklyn,3004,29,-73.92873,40.70664
3070673,105,GRATTAN STREET,11237,301,Brooklyn,3004,35,-73.92901,40.70631
3070709,147,THAMES STREET,11237,301,Brooklyn,3010,24,-73.92683,40.70594
3070889,268,STAGG STREET,11206,301,Brooklyn,3037,26,-73.93832,40.70977
3070959,155,MANHATTAN AVENUE,11206,301,Brooklyn,3042,17,-73.94536,40.70827
3071015,206,BUSHWICK AVENUE,11206,301,Brooklyn,3045,19,-73.94032,40.70868
3071111,128,MESEROLE STREET,11206,301,Brooklyn,3052,8,-73.94476,40.70782
3071113,132,MESEROLE STREET,11206,301,Brooklyn,3052,10,-73.94446,40.70774
3071228,199,JOHNSON AVENUE,11206,301,Brooklyn,3062,30,-73.94195,40.70692
3071327,23,INGRAHAM STREET,11206,301,Brooklyn,3075,30,-73.93282,40.70715
3071449,82,GRAHAM AVENUE,11206,301,Brooklyn,3097,2,-73.94238,40.70398
3071450,84,GRAHAM AVENUE,11206,301,Brooklyn,3097,3,-73.94239,40.70404
3071509,64,GRAHAM AVENUE,11206,301,Brooklyn,3106,1,-73.94221,40.70323
3071529,387,BUSHWICK AVENUE,11206,301,Brooklyn,3109,4,-73.93758,40.70372
3071599,681,BROADWAY,11206,301,Brooklyn,3119,9,-73.94374,40.70205
3071729,19,PARK STREET,11206,304,Brooklyn,3133,43,-73.93866,40.69966
3071766,12,LOCUST STREET,11206,304,Brooklyn,3135,10,-73.93761,40.69881
3071789,16,BELVEDERE STREET,11206,304,Brooklyn,3136,13,-73.93681,40.69846
3071832,886,FLUSHING AVENUE,11206,304,Brooklyn,3139,10,-73.93632,40.70184
3071919,154,NOLL STREET,11206,304,Brooklyn,3154,29,-73.93066,40.70322
3071953,90,GEORGE STREET,11206,304,Brooklyn,3157,22,-73.9301,40.70243
3072082,59,WILSON AVENUE,11237,304,Brooklyn,3165,3,-73.92842,40.70253
3072099,184,KNICKERBOCKER AVENUE,11237,304,Brooklyn,3165,31,-73.92741,40.70367
3072101,190,KNICKERBOCKER AVENUE,11237,304,Brooklyn,3165,33,-73.92727,40.70359
3072114,237,JEFFERSON STREET,11237,304,Brooklyn,3165,47,-73.92803,40.70287
3072128,414,MELROSE STREET,11237,304,Brooklyn,3166,19,-73.92661,40.70478
3072137,444,MELROSE STREET,11237,304,Brooklyn,3166,31,-73.92596,40.70545
3072142,317,JEFFERSON STREET,11237,304,Brooklyn,3166,41,-73.92604,40.70489
3072271,172,JEFFERSON STREET,11206,304,Brooklyn,3173,11,-73.92919,40.70097
3072283,198,JEFFERSON STREET,11206,304,Brooklyn,3173,24,-73.92848,40.70169
3072296,177,TROUTMAN STREET,11206,304,Brooklyn,3173,48,-73.92851,40.70118
3072307,240,JEFFERSON STREET,11237,304,Brooklyn,3174,15,-73.92757,40.70262
3072308,242,JEFFERSON STREET,11237,304,Brooklyn,3174,16,-73.92751,40.70267
3072350,276,JEFFERSON STREET,11237,304,Brooklyn,3175,15,-73.92608,40.70414
3072358,314,JEFFERSON STREET,11237,304,Brooklyn,3175,23,-73.92564,40.70458
3072359,316,JEFFERSON STREET,11237,304,Brooklyn,3175,24,-73.92559,40.70463
3072376,307,TROUTMAN STREET,11237,304,Brooklyn,3175,42,-73.9254,40.70435
3072379,299,TROUTMAN STREET,11237,304,Brooklyn,3175,45,-73.92557,40.70419
3072386,283,TROUTMAN STREET,11237,304,Brooklyn,3175,53,-73.92594,40.7038
3072485,142,CENTRAL AVENUE,11221,304,Brooklyn,3184,39,-73.92838,40.69962
3072504,95,WILSON AVENUE,11237,304,Brooklyn,3186,7,-73.92724,40.70182
3072507,220,TROUTMAN STREET,11237,304,Brooklyn,3186,12,-73.92699,40.70201
3072516,244,TROUTMAN STREET,11237,304,Brooklyn,3186,23,-73.9264,40.70262
3072517,246,TROUTMAN STREET,11237,304,Brooklyn,3186,24,-73.92634,40.70268
3072540,223,KNICKERBOCKER AVENUE,11237,304,Brooklyn,3187,6,-73.92569,40.70327
3072553,306,TROUTMAN STREET,11237,304,Brooklyn,3187,21,-73.925,40.70403
3072557,316,TROUTMAN STREET,11237,304,Brooklyn,3187,25,-73.92479,40.70425
3072560,44,IRVING AVENUE,11237,304,Brooklyn,3187,28,-73.92465,40.70457
3072574,159,STARR STREET,11237,304,Brooklyn,3187,44,-73.92471,40.70387
3072578,149,STARR STREET,11237,304,Brooklyn,3187,48,-73.92492,40.70365
3072579,147,STARR STREET,11237,304,Brooklyn,3187,49,-73.92497,40.70359
3072583,137,STARR STREET,11237,304,Brooklyn,3187,53,-73.92519,40.70337
3072600,30,WYCKOFF AVENUE,11237,304,Brooklyn,3188,40,-73.9225,40.70606
3072674,24,DITMARS STREET,11221,304,Brooklyn,3194,17,-73.93305,40.69666
3072703,38,STARR STREET,11221,304,Brooklyn,3196,25,-73.92704,40.70077
3072724,76,STARR STREET,11237,304,Brooklyn,3197,11,-73.92623,40.70158
3072729,90,STARR STREET,11237,304,Brooklyn,3197,18,-73.92586,40.70197
3072752,1111,WILLOUGHBY AVENUE,11237,304,Brooklyn,3197,53,-73.92599,40.70136
3072799,58,ST NICHOLAS AVENUE,11237,304,Brooklyn,3200,32,-73.92066,40.70668
3072815,336,STARR STREET,11237,304,Brooklyn,3201,20,-73.92011,40.70775
3072912,140,WILSON AVENUE,11237,304,Brooklyn,3208,32,-73.92586,40.70049
3072933,1120,WILLOUGHBY AVENUE,11237,304,Brooklyn,3209,14,-73.92532,40.70132
3072938,1130,WILLOUGHBY AVENUE,11237,304,Brooklyn,3209,19,-73.92506,40.7016
3072952,241,SUYDAM STREET,11237,304,Brooklyn,3209,38,-73.92454,40.70165
3072954,235,SUYDAM STREET,11237,304,Brooklyn,3209,40,-73.92465,40.70154
3072962,217,SUYDAM STREET,11237,304,Brooklyn,3209,48,-73.92508,40.7011
3072998,1354,WILLOUGHBY AVENUE,11237,304,Brooklyn,3211,20,-73.92045,40.70626
3073076,715,BUSHWICK AVENUE,11221,304,Brooklyn,3215,4,-73.93039,40.69662
3073089,567,HART STREET,11221,304,Brooklyn,3215,32,-73.92934,40.69714
3073103,128,SUYDAM STREET,11221,304,Brooklyn,3217,18,-73.92776,40.69844
3073107,619,HART STREET,11221,304,Brooklyn,3217,47,-73.92748,40.69828
3073134,150,WILSON AVENUE,11237,304,Brooklyn,3218,33,-73.92532,40.70019
3073165,226,SUYDAM STREET,11237,304,Brooklyn,3219,15,-73.92452,40.70095
3073178,296,KNICKERBOCKER AVENUE,11237,304,Brooklyn,3219,29,-73.9238,40.70162
3073229,883,HART STREET,11237,304,Brooklyn,3220,35,-73.92197,40.70308
3073233,871,HART STREET,11237,304,Brooklyn,3220,39,-73.92218,40.70286
3073234,869,HART STREET,11237,304,Brooklyn,3220,40,-73.92223,40.7028
3073235,865,HART STREET,11237,304,Brooklyn,3220,41,-73.92229,40.70275
3073245,835,HART STREET,11237,304,Brooklyn,3220,51,-73.92283,40.7022
3073282,406,SUYDAM STREET,11237,304,Brooklyn,3222,16,-73.91991,40.70557
3073283,408,SUYDAM STREET,11237,304,Brooklyn,3222,18,-73.91988,40.70565
3073375,544,HART STREET,11221,304,Brooklyn,3226,12,-73.92962,40.69644
3073584,325,KNICKERBOCKER AVENUE,11237,304,Brooklyn,3236,4,-73.92255,40.70148
3073591,830,HART STREET,11237,304,Brooklyn,3236,12,-73.92248,40.70183
3073593,836,HART STREET,11237,304,Brooklyn,3236,14,-73.92237,40.70194
3073607,124,IRVING AVENUE,11237,304,Brooklyn,3236,29,-73.92164,40.70286
3073622,1511,DE KALB AVENUE,11237,304,Brooklyn,3236,46,-73.92181,40.70205
3073630,1483,DE KALB AVENUE,11237,304,Brooklyn,3236,55,-73.92229,40.70155
3073753,1131,BROADWAY,11221,304,Brooklyn,3241,72,-73.92897,40.69373
3073800,1380,DE KALB AVENUE,11221,304,Brooklyn,3245,28,-73.92392,40.69918
3073819,1416,DE KALB AVENUE,11237,304,Brooklyn,3246,12,-73.92317,40.69993
3073849,167,STOCKHOLM STREET,11237,304,Brooklyn,3246,50,-73.92294,40.69971
3073856,343,KNICKERBOCKER AVENUE,11237,304,Brooklyn,3247,6,-73.92197,40.70116
3073863,1488,DE KALB AVENUE,11237,304,Brooklyn,3247,14,-73.92162,40.70152
3073903,165,IRVING AVENUE,11237,304,Brooklyn,3248,3,-73.92016,40.70259
3073908,1560,DE KALB AVENUE,11237,304,Brooklyn,3248,11,-73.92023,40.70293
3073922,321,STOCKHOLM STREET,11237,304,Brooklyn,3248,42,-73.91915,40.70353
3073932,137,WYCKOFF AVENUE,11237,304,Brooklyn,3249,1,-73.91843,40.70411
3073933,135,WYCKOFF AVENUE,11237,304,Brooklyn,3249,2,-73.91851,40.70415
3073946,1656,DE KALB AVENUE,11237,304,Brooklyn,3249,24,-73.91817,40.70499
3073952,138,ST NICHOLAS AVENUE,11237,304,Brooklyn,3249,32,-73.91772,40.70493
3073992,407,STOCKHOLM STREET,11237,304,Brooklyn,3250,36,-73.91699,40.70569
3074017,846,BUSHWICK AVENUE,11221,304,Brooklyn,3252,32,-73.92703,40.69409
3074032,841,BUSHWICK AVENUE,11221,304,Brooklyn,3253,2,-73.92673,40.69459
3074035,829,BUSHWICK AVENUE,11221,304,Brooklyn,3253,6,-73.927,40.69474
3074036,827,BUSHWICK AVENUE,11221,304,Brooklyn,3253,7,-73.92706,40.69477
3074051,312,EVERGREEN AVENUE,11221,304,Brooklyn,3253,27,-73.92625,40.6953
3074120,202,WILSON AVENUE,11237,304,Brooklyn,3256,26,-73.92292,40.69882
3074132,174,STOCKHOLM STREET,11237,304,Brooklyn,3257,12,-73.92242,40.6995
3074135,180,STOCKHOLM STREET,11237,304,Brooklyn,3257,15,-73.92226,40.69967
3074147,364,KNICKERBOCKER AVENUE,11237,304,Brooklyn,3257,28,-73.92162,40.70038
3074155,191,STANHOPE STREET,11237,304,Brooklyn,3257,38,-73.92153,40.69994
3074158,185,STANHOPE STREET,11237,304,Brooklyn,3257,41,-73.9217,40.69978
3074193,252,STOCKHOLM STREET,11237,304,Brooklyn,3258,26,-73.92022,40.70175
3074194,254,STOCKHOLM STREET,11237,304,Brooklyn,3258,27,-73.92017,40.7018
3074196,166,IRVING AVENUE,11237,304,Brooklyn,3258,30,-73.92006,40.70197
3074210,249,STANHOPE STREET,11237,304,Brooklyn,3258,46,-73.9203,40.70119
3074218,227,STANHOPE STREET,11237,304,Brooklyn,3258,54,-73.92074,40.70075
3074231,302,STOCKHOLM STREET,11237,304,Brooklyn,3259,16,-73.9192,40.70278
3074278,143,ST NICHOLAS AVENUE,11237,304,Brooklyn,3261,9,-73.91706,40.70509
3074290,421,STANHOPE STREET,11237,304,Brooklyn,3261,31,-73.91589,40.7056
3074466,211,HIMROD STREET,11237,304,Brooklyn,3268,52,-73.92106,40.69924
3074483,232,STANHOPE STREET,11237,304,Brooklyn,3269,18,-73.91991,40.70088
3074494,182,IRVING AVENUE,11237,304,Brooklyn,3269,30,-73.91931,40.70154
3074532,300,STANHOPE STREET,11237,304,Brooklyn,3270,17,-73.9184,40.70241
3074556,289,HIMROD STREET,11237,304,Brooklyn,3270,52,-73.91821,40.70213
3074560,281,HIMROD STREET,11237,304,Brooklyn,3270,56,-73.91843,40.70191
3074568,171,WYCKOFF AVENUE,11237,304,Brooklyn,3271,6,-73.91734,40.70342
3074755,47,HARMAN STREET,11221,304,Brooklyn,3275,92,-73.92418,40.69487
3074765,163,HARMAN STREET,11221,304,Brooklyn,3276,45,-73.92175,40.69733
3074790,249,HARMAN STREET,11237,304,Brooklyn,3278,37,-73.92003,40.69908
3074808,260,HIMROD STREET,11237,304,Brooklyn,3279,16,-73.91926,40.70034
3074831,315,HARMAN STREET,11237,304,Brooklyn,3279,41,-73.91853,40.70062
3074842,293,HARMAN STREET,11237,304,Brooklyn,3279,52,-73.91912,40.70001
3074932,477,HARMAN STREET,11237,304,Brooklyn,3282,38,-73.91463,40.70451
3074943,1225,BROADWAY,11221,304,Brooklyn,3283,8,-73.92594,40.69201
3075028,94,HARMAN STREET,11221,304,Brooklyn,3285,35,-73.92284,40.69551
3075097,294,HARMAN STREET,11237,304,Brooklyn,3289,11,-73.91862,40.69972
3075106,324,HARMAN STREET,11237,304,Brooklyn,3289,21,-73.91812,40.7003
3075140,235,IRVING AVENUE,11237,304,Brooklyn,3290,2,-73.91709,40.70083
3075143,225,IRVING AVENUE,11237,304,Brooklyn,3290,5,-73.9173,40.70097
3075168,1431,GREENE AVENUE,11237,304,Brooklyn,3290,39,-73.9162,40.70183
3075188,203,WYCKOFF AVENUE,11237,304,Brooklyn,3291,7,-73.91597,40.70255
3075216,1475,GREENE AVENUE,11237,304,Brooklyn,3291,40,-73.91508,40.7029
3075229,209,ST NICHOLAS AVENUE,11237,304,Brooklyn,3292,5,-73.91461,40.70364
3075275,1267,BROADWAY,11221,304,Brooklyn,3293,66,-73.92473,40.69135
3075327,1132,GREENE AVENUE,11221,304,Brooklyn,3295,8,-73.92361,40.69352
3075395,276,WILSON AVENUE,11237,304,Brooklyn,3297,34,-73.91961,40.69696
3075449,283,BLEECKER STREET,11237,304,Brooklyn,3300,46,-73.91702,40.69977
3075472,1422,GREENE AVENUE,11237,304,Brooklyn,3301,10,-73.91655,40.70072
3075488,1458,GREENE AVENUE,11237,304,Brooklyn,3301,28,-73.91573,40.70155
3075519,229,WYCKOFF AVENUE,11237,304,Brooklyn,3302,4,-73.91502,40.70198
3075573,445,BLEECKER STREET,11237,304,Brooklyn,3303,30,-73.91287,40.7039
3075613,62,BLEECKER STREET,11221,304,Brooklyn,3305,18,-73.92188,40.6941
3075718,266,IRVING AVENUE,11237,304,Brooklyn,3309,28,-73.91586,40.69958
3075739,334,BLEECKER STREET,11237,304,Brooklyn,3310,23,-73.91531,40.70078
3075761,333,MENAHAN STREET,11237,304,Brooklyn,3310,48,-73.91486,40.70077
3075764,327,MENAHAN STREET,11237,304,Brooklyn,3310,51,-73.91502,40.70061
3075769,317,MENAHAN STREET,11237,304,Brooklyn,3310,56,-73.91528,40.70034
3075776,257,WYCKOFF AVENUE,11237,304,Brooklyn,3311,3,-73.91417,40.70153
3075782,376,BLEECKER STREET,11237,304,Brooklyn,3311,12,-73.91425,40.70185
3075814,371,MENAHAN STREET,11237,304,Brooklyn,3311,46,-73.91389,40.70175
3075831,428,BLEECKER STREET,11237,304,Brooklyn,3312,21,-73.91282,40.70326
3075848,417,MENAHAN STREET,11237,304,Brooklyn,3312,40,-73.91252,40.70308
3075871,69,GROVE STREET,11221,304,Brooklyn,3313,21,-73.92188,40.69253
3075881,58,MENAHAN STREET,11221,304,Brooklyn,3314,23,-73.92097,40.69383
3075916,1466,MYRTLE AVENUE,11237,304,Brooklyn,3317,25,-73.91595,40.69886
3075933,272,IRVING AVENUE,11237,304,Brooklyn,3318,12,-73.91554,40.69941
3075956,316,MENAHAN STREET,11237,304,Brooklyn,3319,22,-73.91447,40.70045
3075976,345,GROVE STREET,11237,304,Brooklyn,3319,53,-73.9145,40.69995
3076118,537,KNICKERBOCKER AVENUE,11221,304,Brooklyn,3326,2,-73.91564,40.69755
3076138,306,GROVE STREET,11237,304,Brooklyn,3326,26,-73.91518,40.69854
3076161,273,LINDEN STREET,11237,304,Brooklyn,3326,57,-73.91504,40.6982
3076164,269,LINDEN STREET,11237,304,Brooklyn,3326,60,-73.91518,40.69805
3076193,343,LINDEN STREET,11237,304,Brooklyn,3328,49,-73.91369,40.69958
3076194,299,WYCKOFF AVENUE,11237,304,Brooklyn,3329,1,-73.91253,40.70058
3076205,401,LINDEN STREET,11237,304,Brooklyn,3329,29,-73.91231,40.70097
3076207,397,LINDEN STREET,11237,304,Brooklyn,3329,31,-73.91241,40.70086
3076208,395,LINDEN STREET,11237,304,Brooklyn,3329,32,-73.91247,40.70081
3076261,98,LINDEN STREET,11221,304,Brooklyn,3332,8,-73.9197,40.69274
3076284,357,CENTRAL AVENUE,11221,304,Brooklyn,3333,5,-73.91798,40.69424
3076295,1337,GATES AVENUE,11221,304,Brooklyn,3333,40,-73.91687,40.69515
3076367,264,WYCKOFF AVENUE,11237,304,Brooklyn,3337,22,-73.91253,40.70009
3076390,406,LINDEN STREET,11237,304,Brooklyn,3338,19,-73.91161,40.70095
3076398,304,ST NICHOLAS AVENUE,11237,304,Brooklyn,3338,35,-73.91121,40.70107
3076409,1112,GATES AVENUE,11221,304,Brooklyn,3339,13,-73.92098,40.69024
3076440,1328,GATES AVENUE,11221,304,Brooklyn,3342,26,-73.91648,40.69476
3076449,201,PALMETTO STREET,11221,304,Brooklyn,3342,44,-73.9162,40.69459
3076468,1446,GATES AVENUE,11237,304,Brooklyn,3344,13,-73.91416,40.69719
3076539,1098,BUSHWICK AVENUE,11221,304,Brooklyn,3348,42,-73.91946,40.68993
3076633,260,PALMETTO STREET,11221,304,Brooklyn,3352,22,-73.91438,40.69577
3076670,352,PALMETTO STREET,11237,304,Brooklyn,3353,3,-73.91212,40.69806
3076688,389,WOODBINE STREET,11237,304,Brooklyn,3353,28,-73.91177,40.69795
3076689,387,WOODBINE STREET,11237,304,Brooklyn,3353,30,-73.91183,40.6979
3076704,14,WOODBINE STREET,11221,304,Brooklyn,3357,14,-73.91995,40.6889
3076719,1104,BUSHWICK AVENUE,11221,304,Brooklyn,3357,33,-73.91925,40.68979
3076731,965,MADISON STREET,11221,304,Brooklyn,3357,58,-73.91947,40.68892
3076855,339,WOODBINE STREET,11237,304,Brooklyn,3362,37,-73.91246,40.69725
3076878,379,IRVING AVENUE,11237,304,Brooklyn,3363,1,-73.91128,40.6975
3076880,386,WOODBINE STREET,11237,304,Brooklyn,3363,5,-73.91145,40.69761
3076881,388,WOODBINE STREET,11237,304,Brooklyn,3363,6,-73.91138,40.69767
3076934,992,MADISON STREET,11221,304,Brooklyn,3366,33,-73.9185,40.6892
3076947,1119,PUTNAM AVENUE,11221,304,Brooklyn,3366,49,-73.9184,40.68882
3077059,443,WILSON AVENUE,11221,304,Brooklyn,3370,1,-73.91325,40.69387
3077114,1392,MADISON STREET,11237,304,Brooklyn,3371,18,-73.91029,40.6976
3077137,1114,PUTNAM AVENUE,11221,304,Brooklyn,3373,22,-73.91808,40.68842
3077138,1116,PUTNAM AVENUE,11221,304,Brooklyn,3373,23,-73.91802,40.68847
3077140,1120,PUTNAM AVENUE,11221,304,Brooklyn,3373,25,-73.91794,40.68856
3077188,95,CORNELIA STREET,11221,304,Brooklyn,3374,42,-73.91615,40.68991
3077200,71,CORNELIA STREET,11221,304,Brooklyn,3374,55,-73.91669,40.68935
3077292,1384,PUTNAM AVENUE,11221,304,Brooklyn,3377,30,-73.91199,40.69463
3077299,287,CORNELIA STREET,11221,304,Brooklyn,3377,42,-73.91154,40.69461
3077341,1434,PUTNAM AVENUE,11237,304,Brooklyn,3378,34,-73.91037,40.69646
3077430,407,CORNELIA STREET,11237,304,Brooklyn,3379,71,-73.90867,40.69753
3077432,1505,BROADWAY,11221,304,Brooklyn,3380,2,-73.91758,40.68721
3077449,38,CORNELIA STREET,11221,304,Brooklyn,3380,26,-73.91714,40.68818
3077453,1176,BUSHWICK AVENUE,11221,304,Brooklyn,3380,31,-73.91701,40.6885
3077456,1182,BUSHWICK AVENUE,11221,304,Brooklyn,3380,34,-73.91683,40.68841
3077467,1055,JEFFERSON AVENUE,11221,304,Brooklyn,3380,48,-73.91698,40.68788
3077534,132,CORNELIA STREET,11221,304,Brooklyn,3382,18,-73.91474,40.69062
3077575,479,CENTRAL AVENUE,11221,304,Brooklyn,3383,2,-73.91327,40.6916
3077588,198,CORNELIA STREET,11221,304,Brooklyn,3383,17,-73.91319,40.6922
3077627,248,CORNELIA STREET,11221,304,Brooklyn,3384,12,-73.91201,40.69341
3077646,708,KNICKERBOCKER AVENUE,11221,304,Brooklyn,3384,35,-73.91088,40.69427
3077815,1218,BUSHWICK AVENUE,11221,304,Brooklyn,3387,43,-73.91571,40.68779
3077827,989,HANCOCK STREET,11221,304,Brooklyn,3387,60,-73.91654,40.68713
3077911,1131,HANCOCK STREET,11221,304,Brooklyn,3389,51,-73.91341,40.69032
3077973,1302,JEFFERSON AVENUE,11221,304,Brooklyn,3391,5,-73.91151,40.6929
3078040,1388,JEFFERSON AVENUE,11237,304,Brooklyn,3392,17,-73.90957,40.6947
3078042,1392,JEFFERSON AVENUE,11237,304,Brooklyn,3392,19,-73.90948,40.69479
3078073,1359,HANCOCK STREET,11237,304,Brooklyn,3392,54,-73.90887,40.69495
3078076,1351,HANCOCK STREET,11237,304,Brooklyn,3392,57,-73.90903,40.69478
3078080,1339,HANCOCK STREET,11237,304,Brooklyn,3392,61,-73.90924,40.69456
3078081,1335,HANCOCK STREET,11237,304,Brooklyn,3392,62,-73.9093,40.69451
3078082,1333,HANCOCK STREET,11237,304,Brooklyn,3392,63,-73.90936,40.69445
3078085,1323,HANCOCK STREET,11237,304,Brooklyn,3392,66,-73.90952,40.69429
3078095,1452,JEFFERSON AVENUE,11237,304,Brooklyn,3393,10,-73.90852,40.69596
3078162,1024,HANCOCK STREET,11221,304,Brooklyn,3394,28,-73.91548,40.68748
3078335,515,WILSON AVENUE,11221,304,Brooklyn,3398,6,-73.9105,40.69233
3078373,255,WEIRFIELD STREET,11221,304,Brooklyn,3398,60,-73.91001,40.69258
3078385,1336,HANCOCK STREET,11237,304,Brooklyn,3399,17,-73.90884,40.69425
3078392,1358,HANCOCK STREET,11237,304,Brooklyn,3399,25,-73.90847,40.69463
3078575,552,CENTRAL AVENUE,11207,304,Brooklyn,3403,33,-73.91179,40.69023
3078692,1235,HALSEY STREET,11237,304,Brooklyn,3406,55,-73.90756,40.69389
3078730,1276,BUSHWICK AVENUE,11207,304,Brooklyn,3408,33,-73.9139,40.68675
3078779,93,ELDERT STREET,11207,304,Brooklyn,3409,47,-73.91244,40.68773
3078805,1132,HALSEY STREET,11207,304,Brooklyn,3410,30,-73.91113,40.68953
3078854,187,ELDERT STREET,11207,304,Brooklyn,3411,55,-73.9099,40.69032
3078858,565,WILSON AVENUE,11207,304,Brooklyn,3412,2,-73.90881,40.69137
3078861,559,WILSON AVENUE,11207,304,Brooklyn,3412,5,-73.90903,40.69149
3078863,555,WILSON AVENUE,11207,304,Brooklyn,3412,7,-73.90917,40.69157
3078864,1206,HALSEY STREET,11207,304,Brooklyn,3412,8,-73.90925,40.69162
3078878,1246,HALSEY STREET,11207,304,Brooklyn,3412,26,-73.90832,40.69239
3078882,784,KNICKERBOCKER AVENUE,11207,304,Brooklyn,3412,30,-73.90817,40.69272
3078916,1298,HALSEY STREET,11237,304,Brooklyn,3413,22,-73.9071,40.69364
3078930,333,ELDERT STREET,11237,304,Brooklyn,3413,53,-73.90664,40.69364
3078985,35,COVERT STREET,11207,304,Brooklyn,3414,53,-73.91304,40.68592
3079029,194,ELDERT STREET,11207,304,Brooklyn,3417,10,-73.90954,40.68996
3079044,572,WILSON AVENUE,11207,304,Brooklyn,3417,32,-73.90832,40.69056
3079087,265,COVERT STREET,11207,304,Brooklyn,3418,39,-73.90718,40.69189
3079342,239,SCHAEFER STREET,11207,304,Brooklyn,3424,59,-73.90675,40.69114
3079374,326,COVERT STREET,11237,304,Brooklyn,3425,25,-73.90525,40.69313
3079375,328,COVERT STREET,11237,304,Brooklyn,3425,26,-73.9052,40.69318
3079398,305,SCHAEFER STREET,11237,304,Brooklyn,3425,63,-73.90495,40.69297
3079412,1352,BUSHWICK AVENUE,11207,304,Brooklyn,3426,31,-73.91151,40.6854
3079415,1358,BUSHWICK AVENUE,11207,304,Brooklyn,3426,35,-73.91131,40.68528
3079460,634,CENTRAL AVENUE,11207,304,Brooklyn,3428,37,-73.90867,40.68845
3079494,186,SCHAEFER STREET,11207,304,Brooklyn,3429,24,-73.9076,40.68954
3079531,214,SCHAEFER STREET,11207,304,Brooklyn,3430,9,-73.90681,40.69035
3079538,226,SCHAEFER STREET,11207,304,Brooklyn,3430,16,-73.90646,40.69071
3079574,867,KNICKERBOCKER AVENUE,11207,304,Brooklyn,3431,4,-73.90526,40.69164
3079586,278,SCHAEFER STREET,11237,304,Brooklyn,3431,17,-73.90501,40.69218
3079602,298,SCHAEFER STREET,11237,304,Brooklyn,3431,43,-73.90455,40.69265
3079638,1378,BUSHWICK AVENUE,11207,304,Brooklyn,3432,35,-73.91064,40.68489
3079740,1198,DECATUR STREET,11207,304,Brooklyn,3435,12,-73.90721,40.68875
3079771,637,WILSON AVENUE,11207,304,Brooklyn,3436,2,-73.9058,40.68965
3079774,631,WILSON AVENUE,11207,304,Brooklyn,3436,5,-73.90603,40.68978
3079782,1268,DECATUR STREET,11207,304,Brooklyn,3436,14,-73.90578,40.6902
3079800,225,COOPER STREET,11207,304,Brooklyn,3436,47,-73.90531,40.69021
3079833,1364,DECATUR STREET,11237,304,Brooklyn,3437,35,-73.90386,40.69217
3079855,618,IRVING AVENUE,11237,304,Brooklyn,3437,146,-73.90311,40.69245
3079862,18,COOPER STREET,11207,304,Brooklyn,3438,16,-73.91087,40.68384
3079880,1408,BUSHWICK AVENUE,11207,304,Brooklyn,3438,42,-73.9097,40.68436
3079921,100,COOPER STREET,11207,304,Brooklyn,3439,35,-73.90858,40.68621
3079945,711,EVERGREEN AVENUE,11207,304,Brooklyn,3440,1,-73.90807,40.68622
3079947,110,COOPER STREET,11207,304,Brooklyn,3440,12,-73.90819,40.68656
3079949,114,COOPER STREET,11207,304,Brooklyn,3440,14,-73.9081,40.68666
3080003,643,CENTRAL AVENUE,11207,304,Brooklyn,3441,7,-73.90687,40.68796
3080019,636,WILSON AVENUE,11207,304,Brooklyn,3441,32,-73.90556,40.68895
3080022,223,MOFFAT STREET,11207,304,Brooklyn,3441,35,-73.90534,40.68882
3080072,1423,BUSHWICK AVENUE,11207,304,Brooklyn,3445,5,-73.90882,40.68455
3080075,1413,BUSHWICK AVENUE,11207,304,Brooklyn,3445,8,-73.90904,40.68467
3080252,728,CHAUNCEY STREET,11207,304,Brooklyn,3451,29,-73.90726,40.68512
3080319,37,GRANITE STREET,11207,304,Brooklyn,3456,40,-73.90781,40.68289
3080321,27,GRANITE STREET,11207,304,Brooklyn,3456,45,-73.9081,40.6826
3080371,24,GRANITE STREET,11207,304,Brooklyn,3461,17,-73.90771,40.68228
3080495,58,DE SALES PLACE,11207,304,Brooklyn,3471,10,-73.90455,40.68211
3080589,22,MARGINAL ST WEST,11207,305,Brooklyn,3483,30,-73.89823,40.67913
3080688,1729,PITKIN AVENUE,11212,316,Brooklyn,3489,243,-73.90936,40.67014
3080798,685,RALPH AVENUE,11212,316,Brooklyn,3509,10,-73.9222,40.66613
3080809,2022,UNION STREET,11212,316,Brooklyn,3509,43,-73.92201,40.66686
3080811,2026,UNION STREET,11212,316,Brooklyn,3509,46,-73.92197,40.66672
3080824,2057,UNION STREET,11212,316,Brooklyn,3510,9,-73.92124,40.66613
3080903,95,LEGION STREET,11212,316,Brooklyn,3514,3,-73.91747,40.66663
3081019,136,BRISTOL STREET,11212,316,Brooklyn,3519,57,-73.91252,40.66796
3081160,739,RALPH AVENUE,11212,316,Brooklyn,3531,16,-73.92184,40.66473
3081183,2115,UNION STREET,11212,316,Brooklyn,3532,10,-73.92086,40.66466
3081208,135,TAPSCOTT STREET,11212,316,Brooklyn,3533,16,-73.91997,40.66457
3081209,129,TAPSCOTT STREET,11212,316,Brooklyn,3533,18,-73.91999,40.6647
3081286,141,LEGION STREET,11212,316,Brooklyn,3536,14,-73.91714,40.66539
3081331,1968,STRAUSS STREET,11212,316,Brooklyn,3537,30,-73.91589,40.66589
3081394,178,AMBOY STREET,11212,316,Brooklyn,3539,36,-73.914,40.666
3081488,766,HOWARD AVENUE,11212,316,Brooklyn,3550,50,-73.91913,40.6632
3081582,207,LEGION STREET,11212,316,Brooklyn,3553,13,-73.91673,40.66375
3081741,189,DUMONT AVENUE,11212,316,Brooklyn,3557,4,-73.91273,40.66382
3081798,806,HOWARD AVENUE,11212,316,Brooklyn,3565,43,-73.91889,40.66214
3081799,808,HOWARD AVENUE,11212,316,Brooklyn,3565,44,-73.91888,40.66208
3081861,231,GRAFTON STREET,11212,316,Brooklyn,3567,26,-73.91738,40.66251
3081941,702,ROCKAWAY AVENUE,11212,316,Brooklyn,3575,1,-73.90919,40.66275
3082001,348,LEGION STREET,11212,316,Brooklyn,3581,55,-73.91639,40.66012
3082017,311,LEGION STREET,11212,316,Brooklyn,3582,23,-73.91605,40.66109
3082018,307,LEGION STREET,11212,316,Brooklyn,3582,24,-73.91607,40.66115
3082040,813,SARATOGA AVENUE,11212,316,Brooklyn,3583,18,-73.91496,40.6608
3082043,801,SARATOGA AVENUE,11212,316,Brooklyn,3583,23,-73.91503,40.66109
3082069,77,RIVERDALE AVENUE,11212,316,Brooklyn,3584,8,-73.91395,40.66044
3082075,2169,STRAUSS STREET,11212,316,Brooklyn,3584,16,-73.91402,40.6609
3082086,362,AMBOY STREET,11212,316,Brooklyn,3585,40,-73.91281,40.66133
3082137,775,HOPKINSON AVENUE,11212,316,Brooklyn,3587,22,-73.91127,40.66158
3082174,380,LEGION STREET,11212,316,Brooklyn,3594,27,-73.91615,40.65925
3082177,411,LEGION STREET,11212,316,Brooklyn,3595,9,-73.91543,40.65865
3082180,401,LEGION STREET,11212,316,Brooklyn,3595,12,-73.91548,40.65886
3082182,393,LEGION STREET,11212,316,Brooklyn,3595,14,-73.91552,40.65899
3082184,389,LEGION STREET,11212,316,Brooklyn,3595,17,-73.91555,40.65913
3082191,367,LEGION STREET,11212,316,Brooklyn,3595,24,-73.91567,40.6596
3082192,365,LEGION STREET,11212,316,Brooklyn,3595,25,-73.91569,40.65967
3082210,45,NEWPORT STREET,11212,316,Brooklyn,3596,1,-73.91396,40.65885
3082225,867,SARATOGA AVENUE,11212,316,Brooklyn,3596,19,-73.91459,40.6594
3082234,2202,STRAUSS STREET,11212,316,Brooklyn,3596,39,-73.91434,40.65988
3082249,2253,STRAUSS STREET,11212,316,Brooklyn,3597,6,-73.91349,40.65881
3082254,438,HERZL STREET,11212,316,Brooklyn,3597,61,-73.91319,40.65907
3082264,435,HERZL STREET,11212,316,Brooklyn,3598,8,-73.91262,40.65915
3082273,411,HERZL STREET,11212,316,Brooklyn,3598,20,-73.91278,40.65976
3082281,110,RIVERDALE AVENUE,11212,316,Brooklyn,3598,30,-73.91265,40.66016
3082284,120,RIVERDALE AVENUE,11212,316,Brooklyn,3598,34,-73.91238,40.66021
3082296,868,HOPKINSON AVENUE,11212,316,Brooklyn,3599,1,-73.91125,40.65914
3082369,451,BRISTOL STREET,11212,316,Brooklyn,3601,18,-73.90991,40.66005
3082397,912,SARATOGA AVENUE,11212,316,Brooklyn,3607,8,-73.91498,40.65823
3082401,945,SARATOGA AVENUE,11212,316,Brooklyn,3608,12,-73.9141,40.65746
3082412,913,SARATOGA AVENUE,11212,316,Brooklyn,3608,24,-73.91429,40.6582
3082414,905,SARATOGA AVENUE,11212,316,Brooklyn,3608,26,-73.91432,40.65834
3082418,2262,STRAUSS STREET,11212,316,Brooklyn,3608,36,-73.91396,40.65835
3082420,2268,STRAUSS STREET,11212,316,Brooklyn,3608,38,-73.91392,40.6582
3082425,2284,STRAUSS STREET,11212,316,Brooklyn,3608,45,-73.91383,40.65787
3082438,2313,STRAUSS STREET,11212,316,Brooklyn,3609,6,-73.91309,40.65728
3082444,2293,STRAUSS STREET,11212,316,Brooklyn,3609,13,-73.9132,40.65769
3082454,2265,STRAUSS STREET,11212,316,Brooklyn,3609,25,-73.91338,40.65836
3082456,2259,STRAUSS STREET,11212,316,Brooklyn,3609,27,-73.91341,40.6585
3082478,485,HERZL STREET,11212,316,Brooklyn,3610,14,-73.91229,40.65786
3082488,80,NEWPORT STREET,11212,316,Brooklyn,3610,34,-73.91235,40.65862
3082490,86,NEWPORT STREET,11212,316,Brooklyn,3610,37,-73.9122,40.65864
3082507,932,HOPKINSON AVENUE,11212,316,Brooklyn,3611,1,-73.91083,40.65761
3082585,513,BRISTOL STREET,11212,316,Brooklyn,3613,18,-73.9095,40.65845
3082586,509,BRISTOL STREET,11212,316,Brooklyn,3613,19,-73.90952,40.65852
3082611,539,CHESTER STREET,11212,316,Brooklyn,3614,17,-73.90851,40.65829
3082688,2329,STRAUSS STREET,11212,316,Brooklyn,3620,23,-73.91296,40.65676
3082689,2327,STRAUSS STREET,11212,316,Brooklyn,3620,24,-73.913,40.65683
3082690,2323,STRAUSS STREET,11212,316,Brooklyn,3620,26,-73.91302,40.6569
3082706,42,LOTT AVENUE,11212,316,Brooklyn,3621,30,-73.91222,40.65704
3082734,604,BRISTOL STREET,11212,316,Brooklyn,3623,1,-73.90949,40.65611
3082760,566 A,BRISTOL STREET,11212,316,Brooklyn,3623,43,-73.90972,40.65703
3082764,580,BRISTOL STREET,11212,316,Brooklyn,3623,50,-73.90964,40.65668
3082765,584,BRISTOL STREET,11212,316,Brooklyn,3623,52,-73.90961,40.6566
3082770,602,BRISTOL STREET,11212,316,Brooklyn,3623,60,-73.90952,40.65622
3082829,579,CHESTER STREET,11212,316,Brooklyn,3625,23,-73.90824,40.65726
3082854,500,THATFORD AVENUE,11212,316,Brooklyn,3626,42,-73.90696,40.65755
3082881,562,OSBORN STREET,11212,316,Brooklyn,3627,22,-73.9061,40.65792
3082944,634,OSBORN STREET,11212,316,Brooklyn,3637,44,-73.90562,40.65612
3082945,638,OSBORN STREET,11212,316,Brooklyn,3637,45,-73.90561,40.65606
3082965,637,OSBORN STREET,11212,316,Brooklyn,3638,25,-73.90504,40.65611
3082967,648,WATKINS STREET,11212,316,Brooklyn,3638,42,-73.90471,40.65626
3082970,658,WATKINS STREET,11212,316,Brooklyn,3638,46,-73.90466,40.65606
3082973,666,WATKINS STREET,11212,316,Brooklyn,3638,49,-73.9046,40.65585
3082978,680,WATKINS STREET,11212,316,Brooklyn,3638,55,-73.90452,40.65551
3082982,687,WATKINS STREET,11212,316,Brooklyn,3639,17,-73.90392,40.65545
3082992,655,WATKINS STREET,11212,316,Brooklyn,3639,27,-73.9041,40.65614
3082993,653,WATKINS STREET,11212,316,Brooklyn,3639,28,-73.90411,40.6562
3082994,649,WATKINS STREET,11212,316,Brooklyn,3639,29,-73.90413,40.65627
3083059,713,BRISTOL STREET,11236,316,Brooklyn,3642,12,-73.90818,40.6533
3083107,21,PENNSYLVANIA AVENUE,11207,305,Brooklyn,3660,5,-73.89698,40.67768
3083138,18,WYONA STREET,11207,305,Brooklyn,3662,31,-73.89497,40.67885
3083268,47,SHEFFIELD AVENUE,11207,305,Brooklyn,3669,9,-73.89779,40.67651
3083269,43,SHEFFIELD AVENUE,11207,305,Brooklyn,3669,10,-73.8978,40.67658
3083270,41,SHEFFIELD AVENUE,11207,305,Brooklyn,3669,11,-73.89782,40.67664
3083271,37,SHEFFIELD AVENUE,11207,305,Brooklyn,3669,12,-73.89784,40.67672
3083327,123,VERMONT STREET,11207,305,Brooklyn,3672,12,-73.89491,40.67708
3083371,117,BRADFORD STREET,11207,305,Brooklyn,3674,4,-73.89296,40.67683
3083401,257,MOTHER GASTON BOULEVARD,11212,316,Brooklyn,3675,4,-73.90739,40.67311
3083403,251,MOTHER GASTON BOULEVARD,11212,316,Brooklyn,3675,7,-73.90744,40.67329
3083437,22,HINSDALE STREET,11207,305,Brooklyn,3681,34,-73.90176,40.67495
3083439,28,HINSDALE STREET,11207,305,Brooklyn,3681,37,-73.90173,40.67479
3083443,41,HINSDALE STREET,11207,305,Brooklyn,3682,10,-73.90105,40.67449
3083464,45,HINSDALE STREET,11207,305,Brooklyn,3682,109,-73.90104,40.67444
3083525,195,NEW JERSEY AVENUE,11207,305,Brooklyn,3688,5,-73.89533,40.67496
3083567,158,BRADFORD STREET,11207,305,Brooklyn,3690,20,-73.89319,40.67546
3083574,445,LIBERTY AVENUE,11207,305,Brooklyn,3690,29,-73.89337,40.67505
3083598,279,MOTHER GASTON BOULEVARD,11212,316,Brooklyn,3692,13,-73.90725,40.67248
3083721,209,BRADFORD STREET,11207,305,Brooklyn,3708,3,-73.89229,40.67421
3083738,1805,PITKIN AVENUE,11212,316,Brooklyn,3709,30,-73.90639,40.67058
3083798,177,SHEFFIELD AVENUE,11207,305,Brooklyn,3720,18,-73.89687,40.67294
3083826,269,NEW JERSEY AVENUE,11207,305,Brooklyn,3722,10,-73.89485,40.6731
3083853,460,GLENMORE AVENUE,11207,305,Brooklyn,3723,19,-73.89343,40.67337
3083921,277,PENNSYLVANIA AVENUE,11207,305,Brooklyn,3738,1,-73.89527,40.67081
3083927,255,PENNSYLVANIA AVENUE,11207,305,Brooklyn,3738,10,-73.89536,40.67137
3083932,307,WYONA STREET,11207,305,Brooklyn,3741,4,-73.89251,40.67135
3083933,305,WYONA STREET,11207,305,Brooklyn,3741,5,-73.89252,40.67141
3083934,303,WYONA STREET,11207,305,Brooklyn,3741,6,-73.89254,40.67146
3083937,293,WYONA STREET,11207,305,Brooklyn,3741,10,-73.89259,40.67168
3083938,291,WYONA STREET,11207,305,Brooklyn,3741,11,-73.89261,40.67173
3083949,2168,PITKIN AVENUE,11207,305,Brooklyn,3741,22,-73.89242,40.67215
3083950,2170,PITKIN AVENUE,11207,305,Brooklyn,3741,23,-73.89234,40.67216
3083993,366,MILLER AVENUE,11207,305,Brooklyn,3742,33,-73.89131,40.67187
3084048,591,SUTTER AVENUE,11207,305,Brooklyn,3753,1,-73.897,40.66931
3084053,609,SUTTER AVENUE,11207,305,Brooklyn,3753,38,-73.89653,40.66937
3084091,370,NEW JERSEY AVENUE,11207,305,Brooklyn,3755,32,-73.89472,40.6703
3084094,382,NEW JERSEY AVENUE,11207,305,Brooklyn,3755,35,-73.89468,40.67013
3084259,519,BLAKE AVENUE,11207,305,Brooklyn,3766,49,-73.8998,40.66727
3084285,375,SHEFFIELD AVENUE,11207,305,Brooklyn,3771,1,-73.89571,40.66791
3084286,369,SHEFFIELD AVENUE,11207,305,Brooklyn,3771,5,-73.89561,40.66808
3084314,424,NEW JERSEY AVENUE,11207,305,Brooklyn,3772,36,-73.89437,40.66891
3084315,430,NEW JERSEY AVENUE,11207,305,Brooklyn,3772,37,-73.89435,40.66884
3084316,432,NEW JERSEY AVENUE,11207,305,Brooklyn,3772,39,-73.89429,40.66878
3084317,667,BLAKE AVENUE,11207,305,Brooklyn,3772,49,-73.89403,40.66814
3084327,425,NEW JERSEY AVENUE,11207,305,Brooklyn,3773,7501,-73.8938,40.66896
3084340,427,NEW JERSEY AVENUE,11207,305,Brooklyn,3773,115,-73.89378,40.6689
3084366,404,BRADFORD STREET,11207,305,Brooklyn,3775,42,-73.89153,40.66901
3084396,373,BRADFORD STREET,11207,305,Brooklyn,3776,25,-73.89117,40.66985
3084417,757,BLAKE AVENUE,11207,305,Brooklyn,3776,50,-73.89049,40.66866
3084422,444,BLAKE AVENUE,11212,316,Brooklyn,3780,27,-73.90245,40.66647
3084463,399,PENNSYLVANIA AVENUE,11207,305,Brooklyn,3789,22,-73.89441,40.6676
3084507,500,VERMONT STREET,11207,305,Brooklyn,3790,44,-73.89296,40.66709
3084512,512,VERMONT STREET,11207,305,Brooklyn,3790,50,-73.89288,40.66676
3084513,514,VERMONT STREET,11207,305,Brooklyn,3790,51,-73.89286,40.66671
3084514,516,VERMONT STREET,11207,305,Brooklyn,3790,52,-73.89285,40.66666
3084541,440,WYONA STREET,11207,305,Brooklyn,3791,32,-73.89216,40.66777
3084556,470,WYONA STREET,11207,305,Brooklyn,3791,47,-73.89196,40.66696
3084567,455,WYONA STREET,11207,305,Brooklyn,3792,13,-73.89153,40.66755
3084573,435,WYONA STREET,11207,305,Brooklyn,3792,19,-73.89164,40.66795
3084580,450,BRADFORD STREET,11207,305,Brooklyn,3792,37,-73.89123,40.6678
3084581,454,BRADFORD STREET,11207,305,Brooklyn,3792,38,-73.89121,40.66773
3084582,456,BRADFORD STREET,11207,305,Brooklyn,3792,39,-73.89119,40.66767
3084708,527,NEW JERSEY AVENUE,11207,305,Brooklyn,3807,24,-73.89314,40.66637
3084729,580,VERMONT STREET,11207,305,Brooklyn,3807,46,-73.89244,40.66512
3084752,499,WYONA STREET,11207,305,Brooklyn,3809,20,-73.89123,40.66636
3084773,531,BRADFORD STREET,11207,305,Brooklyn,3810,8,-73.89015,40.66589
3084850,383,CHRISTOPHER AVENUE,11212,316,Brooklyn,3812,18,-73.90385,40.66302
3084948,475,RIVERDALE AVENUE,11207,305,Brooklyn,3817,43,-73.89861,40.66265
3084965,532,WILLIAMS AVENUE,11207,305,Brooklyn,3818,52,-73.89768,40.66278
3085043,531,SHEFFIELD AVENUE,11207,305,Brooklyn,3822,9,-73.89454,40.66385
3085089,596,VERMONT STREET,11207,305,Brooklyn,3824,33,-73.89231,40.6646
3085090,600,VERMONT STREET,11207,305,Brooklyn,3824,34,-73.8923,40.66454
3085101,632,VERMONT STREET,11207,305,Brooklyn,3824,48,-73.89211,40.6638
3085105,641,VERMONT STREET,11207,305,Brooklyn,3825,1,-73.8915,40.66368
3085106,635,VERMONT STREET,11207,305,Brooklyn,3825,3,-73.89153,40.66378
3085110,623,VERMONT STREET,11207,305,Brooklyn,3825,8,-73.8916,40.66407
3085119,595,VERMONT STREET,11207,305,Brooklyn,3825,19,-73.89176,40.66468
3085131,588,WYONA STREET,11207,305,Brooklyn,3825,45,-73.89121,40.66407
3085138,599,WYONA STREET,11207,305,Brooklyn,3826,2,-73.8906,40.66389
3085139,597,WYONA STREET,11207,305,Brooklyn,3826,3,-73.89062,40.66395
3085152,557,WYONA STREET,11207,305,Brooklyn,3826,19,-73.89084,40.66482
3085154,564,BRADFORD STREET,11207,305,Brooklyn,3826,33,-73.89048,40.66488
3085155,568,BRADFORD STREET,11207,305,Brooklyn,3826,34,-73.89047,40.66481
3085164,594,BRADFORD STREET,11207,305,Brooklyn,3826,45,-73.89031,40.6642
3085170,603,BRADFORD STREET,11207,305,Brooklyn,3827,3,-73.88969,40.66407
3085172,597,BRADFORD STREET,11207,305,Brooklyn,3827,6,-73.88973,40.66422
3085188,640,MILLER AVENUE,11207,305,Brooklyn,3827,36,-73.88951,40.66481
3085197,666,MILLER AVENUE,11207,305,Brooklyn,3827,48,-73.88936,40.6642
3085200,676,MILLER AVENUE,11207,305,Brooklyn,3827,51,-73.88931,40.664
3085365,529,SNEDIKER AVENUE,11207,305,Brooklyn,3834,10,-73.8988,40.66191
3085386,553,HINSDALE STREET,11207,305,Brooklyn,3835,1,-73.89767,40.66127
3085394,527,HINSDALE STREET,11207,305,Brooklyn,3835,15,-73.89786,40.66198
3085396,519,HINSDALE STREET,11207,305,Brooklyn,3835,17,-73.89789,40.66211
3085400,505,HINSDALE STREET,11207,305,Brooklyn,3835,21,-73.89797,40.66242
3085401,536,WILLIAMS AVENUE,11207,305,Brooklyn,3835,26,-73.89761,40.66247
3085403,552,WILLIAMS AVENUE,11207,305,Brooklyn,3835,33,-73.89753,40.66216
3085407,564,WILLIAMS AVENUE,11207,305,Brooklyn,3835,37,-73.89746,40.66189
3085408,566,WILLIAMS AVENUE,11207,305,Brooklyn,3835,38,-73.89745,40.66183
3085412,578,WILLIAMS AVENUE,11207,305,Brooklyn,3835,42,-73.89738,40.66155
3085424,559,WILLIAMS AVENUE,11207,305,Brooklyn,3836,14,-73.89692,40.66204
3085435,524,RIVERDALE AVENUE,11207,305,Brooklyn,3836,28,-73.89668,40.66254
3085462,545,ALABAMA AVENUE,11207,305,Brooklyn,3837,26,-73.89611,40.66266
3085463,543,ALABAMA AVENUE,11207,305,Brooklyn,3837,26,-73.89611,40.66266
3085464,539,ALABAMA AVENUE,11207,305,Brooklyn,3837,26,-73.89611,40.66266
3085469,562,GEORGIA AVENUE,11207,305,Brooklyn,3837,37,-73.89571,40.6625
3085475,580,GEORGIA AVENUE,11207,305,Brooklyn,3837,44,-73.89561,40.66209
3085493,558,RIVERDALE AVENUE,11207,305,Brooklyn,3838,34,-73.89524,40.66275
3085509,329,NEW LOTS AVENUE,11207,305,Brooklyn,3838,66,-73.89474,40.66137
3085569,620,RIVERDALE AVENUE,11207,305,Brooklyn,3840,31,-73.89285,40.66314
3085570,624,RIVERDALE AVENUE,11207,305,Brooklyn,3840,32,-73.89276,40.66315
3085571,660,NEW JERSEY AVENUE,11207,305,Brooklyn,3840,35,-73.89285,40.66295
3085575,668,NEW JERSEY AVENUE,11207,305,Brooklyn,3840,39,-73.89278,40.6627
3085590,665,NEW JERSEY AVENUE,11207,305,Brooklyn,3841,10,-73.89223,40.66281
3085618,651,VERMONT STREET,11207,305,Brooklyn,3842,10,-73.89137,40.66321
3085627,461,NEW LOTS AVENUE,11207,305,Brooklyn,3842,23,-73.89082,40.66308
3085633,445,NEW LOTS AVENUE,11207,305,Brooklyn,3842,30,-73.89128,40.66289
3085639,690,RIVERDALE AVENUE,11207,305,Brooklyn,3843,11,-73.89018,40.66351
3085987,1787,LINDEN BOULEVARD,11207,305,Brooklyn,3867,68,-73.89645,40.65811
3085996,911,MOTHER GASTON BOULEVARD,11212,316,Brooklyn,3868,13,-73.90302,40.65604
3085998,905,MOTHER GASTON BOULEVARD,11212,316,Brooklyn,3868,16,-73.90306,40.65618
3086005,883,MOTHER GASTON BOULEVARD,11212,316,Brooklyn,3868,25,-73.90319,40.65669
3086006,879,MOTHER GASTON BOULEVARD,11212,316,Brooklyn,3868,26,-73.90321,40.65675
3086032,708,HINSDALE STREET,11207,305,Brooklyn,3874,35,-73.89722,40.6572
3086047,733,HINSDALE STREET,11207,305,Brooklyn,3875,4,-73.89651,40.65672
3086052,715,HINSDALE STREET,11207,305,Brooklyn,3875,11,-73.89662,40.65714
3086450,210,SUNNYSIDE AVENUE,11207,305,Brooklyn,3898,11,-73.88965,40.68252
3086630,3,ESSEX STREET,11208,305,Brooklyn,3911,19,-73.88364,40.68441
3086822,55,ARLINGTON AVENUE,11207,305,Brooklyn,3917,22,-73.89275,40.67987
3086823,53,ARLINGTON AVENUE,11207,305,Brooklyn,3917,23,-73.89285,40.67985
3086954,76,WARWICK STREET,11207,305,Brooklyn,3922,31,-73.88836,40.68213
3087494,160,HENDRIX STREET,11207,305,Brooklyn,3933,49,-73.89111,40.67839
3087516,2829,FULTON STREET,11207,305,Brooklyn,3934,46,-73.89034,40.67845
3087864,188,JEROME STREET,11207,305,Brooklyn,3950,39,-73.8881,40.67753
3087925,156,ASHFORD STREET,11207,305,Brooklyn,3952,27,-73.8866,40.67887
3087982,2946,FULTON STREET,11207,305,Brooklyn,3953,59,-73.88597,40.67929
